{
  "aor": 0.002966733333333334,
  "aqi": 0.005266518933333333,
  "bids_meta": {
    "EchoTime": 0.0036,
    "InstitutionName": "U of M FMRI",
    "Modality": "MR",
    "PatientPosition": "HFS",
    "RepetitionTime": 2.0,
    "SliceTiming": [
      0,
      0.069,
      0.138,
      0.207,
      0.276,
      0.345,
      0.414,
      0.483,
      0.552,
      0.621,
      0.69,
      0.759,
      0.828,
      0.897,
      0.966,
      1.035,
      1.104,
      1.173,
      1.242,
      1.311,
      1.38,
      1.449,
      1.518,
      1.587,
      1.656,
      1.725,
      1.794,
      1.863,
      1.932
    ],
    "TaskName": "reward",
    "dataset": "MLS",
    "modality": "bold",
    "run_id": 1,
    "session_id": "3",
    "subject_id": "27",
    "task_id": "reward"
  },
  "dummy_trs": 0,
  "dvars_nstd": 21.036871596107382,
  "dvars_std": 1.1750184999328872,
  "dvars_vstd": 1.023738266174497,
  "efc": 0.5468097006121792,
  "fber": 838.6437377929688,
  "fd_mean": 0.08943660734589784,
  "fd_num": 8,
  "fd_perc": 5.333333333333333,
  "fwhm_avg": 2.4358263333333334,
  "fwhm_x": 2.5385952,
  "fwhm_y": 2.8109888,
  "fwhm_z": 1.957895,
  "gcor": 0.0187017,
  "gsr_x": 0.004313499201089144,
  "gsr_y": 0.03363803029060364,
  "provenance": {
    "md5sum": "68cfd04a714596ad0d182f36d0c13768",
    "settings": {
      "fd_thres": 0.2,
      "testing": false
    },
    "software": "mriqc",
    "version": "23.1.0rc0"
  },
  "size_t": 150,
  "size_x": 64,
  "size_y": 64,
  "size_z": 29,
  "snr": 6.650827687743463,
  "spacing_tr": 1.0,
  "spacing_x": 3.125,
  "spacing_y": 3.125,
  "spacing_z": 4.0,
  "summary_bg_k": 15.060478987341373,
  "summary_bg_mad": 90.37943129665828,
  "summary_bg_mean": 112.01105499267578,
  "summary_bg_median": 62.393333435058594,
  "summary_bg_n": 68671.0,
  "summary_bg_p05": 0.0,
  "summary_bg_p95": 408.2966766357422,
  "summary_bg_stdv": 153.9459686279297,
  "summary_fg_k": 0.8786678442707769,
  "summary_fg_mad": 263.1519397903574,
  "summary_fg_mean": 1879.6890869140625,
  "summary_fg_median": 1853.36669921875,
  "summary_fg_n": 21875.0,
  "summary_fg_p05": 1473.4846801757812,
  "summary_fg_p95": 2365.774145507812,
  "summary_fg_stdv": 278.66070556640625,
  "tsnr": 69.06996062188409
}