{
  "aor": 0.000781,
  "aqi": 0.0028863793333333337,
  "bids_meta": {
    "EchoTime": 0.0036,
    "InstitutionName": "U of M FMRI",
    "Modality": "MR",
    "PatientPosition": "HFS",
    "RepetitionTime": 2.0,
    "SliceTiming": [
      0,
      0.069,
      0.138,
      0.207,
      0.276,
      0.345,
      0.414,
      0.483,
      0.552,
      0.621,
      0.69,
      0.759,
      0.828,
      0.897,
      0.966,
      1.035,
      1.104,
      1.173,
      1.242,
      1.311,
      1.38,
      1.449,
      1.518,
      1.587,
      1.656,
      1.725,
      1.794,
      1.863,
      1.932
    ],
    "TaskName": "reward",
    "dataset": "MLS",
    "modality": "bold",
    "run_id": 2,
    "session_id": "2",
    "subject_id": "83",
    "task_id": "reward"
  },
  "dummy_trs": 0,
  "dvars_nstd": 16.708689376442965,
  "dvars_std": 1.1183452241610738,
  "dvars_vstd": 1.007513754362416,
  "efc": 0.5619109368960913,
  "fber": 873.5172119140625,
  "fd_mean": 0.0608709340280803,
  "fd_num": 1,
  "fd_perc": 0.6666666666666666,
  "fwhm_avg": 2.4409406666666666,
  "fwhm_x": 2.5445408,
  "fwhm_y": 2.9091712000000003,
  "fwhm_z": 1.86911,
  "gcor": 0.0651561,
  "gsr_x": -0.0004390952526591718,
  "gsr_y": 0.038596656173467636,
  "provenance": {
    "md5sum": "bb4348346da0f34ab815d17700232eb4",
    "settings": {
      "fd_thres": 0.2,
      "testing": false
    },
    "software": "mriqc",
    "version": "23.1.0rc0"
  },
  "size_t": 150,
  "size_x": 64,
  "size_y": 64,
  "size_z": 29,
  "snr": 6.471477392332775,
  "spacing_tr": 1.0,
  "spacing_x": 3.125,
  "spacing_y": 3.125,
  "spacing_z": 4.0,
  "summary_bg_k": 16.911048001838907,
  "summary_bg_mad": 148.55674307191714,
  "summary_bg_mean": 169.7652587890625,
  "summary_bg_median": 101.36000061035156,
  "summary_bg_n": 64980.0,
  "summary_bg_p05": 0.013333333656191826,
  "summary_bg_p95": 584.5020141601555,
  "summary_bg_stdv": 224.87698364257812,
  "summary_fg_k": 1.2768471322874024,
  "summary_fg_mad": 426.86094191116376,
  "summary_fg_mean": 3024.192138671875,
  "summary_fg_median": 3029.88671875,
  "summary_fg_n": 25327.0,
  "summary_fg_p05": 2265.1246337890625,
  "summary_fg_p95": 3776.7587890625,
  "summary_fg_stdv": 468.181640625,
  "tsnr": 87.86581799387932
}