{
  "aor": 0.0010131333333333334,
  "aqi": 0.0027921775333333335,
  "bids_meta": {
    "EchoTime": 0.0036,
    "InstitutionName": "U of M FMRI",
    "Modality": "MR",
    "PatientPosition": "HFS",
    "RepetitionTime": 2.0,
    "SliceTiming": [
      0,
      0.069,
      0.138,
      0.207,
      0.276,
      0.345,
      0.414,
      0.483,
      0.552,
      0.621,
      0.69,
      0.759,
      0.828,
      0.897,
      0.966,
      1.035,
      1.104,
      1.173,
      1.242,
      1.311,
      1.38,
      1.449,
      1.518,
      1.587,
      1.656,
      1.725,
      1.794,
      1.863,
      1.932
    ],
    "TaskName": "reward",
    "dataset": "MLS",
    "modality": "bold",
    "run_id": 1,
    "session_id": "2",
    "subject_id": "83",
    "task_id": "reward"
  },
  "dummy_trs": 0,
  "dvars_nstd": 16.791770641006714,
  "dvars_std": 1.146859532281879,
  "dvars_vstd": 1.0123557154362417,
  "efc": 0.5611578907624578,
  "fber": 897.887939453125,
  "fd_mean": 0.05119057851984928,
  "fd_num": 1,
  "fd_perc": 0.6666666666666666,
  "fwhm_avg": 2.4629635666666667,
  "fwhm_x": 2.5764319999999996,
  "fwhm_y": 2.9379712000000002,
  "fwhm_z": 1.8744875,
  "gcor": 0.042516,
  "gsr_x": -0.0004245973832439631,
  "gsr_y": 0.03952382877469063,
  "provenance": {
    "md5sum": "1191bfd5c9e4410faf0df3dac10e17b0",
    "settings": {
      "fd_thres": 0.2,
      "testing": false
    },
    "software": "mriqc",
    "version": "23.1.0rc0"
  },
  "size_t": 150,
  "size_x": 64,
  "size_y": 64,
  "size_z": 29,
  "snr": 6.472934938779196,
  "spacing_tr": 1.0,
  "spacing_x": 3.125,
  "spacing_y": 3.125,
  "spacing_z": 4.0,
  "summary_bg_k": 16.97017346537878,
  "summary_bg_mad": 149.96027201033178,
  "summary_bg_mean": 170.73385620117188,
  "summary_bg_median": 102.21333312988281,
  "summary_bg_n": 64991.0,
  "summary_bg_p05": 0.0,
  "summary_bg_p95": 585.6400146484375,
  "summary_bg_stdv": 225.2368621826172,
  "summary_fg_k": 1.2764398555745293,
  "summary_fg_mad": 433.9775049526771,
  "summary_fg_mean": 3080.9033203125,
  "summary_fg_median": 3086.900146484375,
  "summary_fg_n": 25375.0,
  "summary_fg_p05": 2306.6033203125,
  "summary_fg_p95": 3849.1126708984375,
  "summary_fg_stdv": 476.884033203125,
  "tsnr": 92.01310159591958
}