{
  "aor": 0.0020472666666666666,
  "aqi": 0.008566511466666666,
  "bids_meta": {
    "EchoTime": 0.0036,
    "InstitutionName": "U of M FMRI",
    "Modality": "MR",
    "PatientPosition": "HFS",
    "RepetitionTime": 2.0,
    "SliceTiming": [
      0,
      0.069,
      0.138,
      0.207,
      0.276,
      0.345,
      0.414,
      0.483,
      0.552,
      0.621,
      0.69,
      0.759,
      0.828,
      0.897,
      0.966,
      1.035,
      1.104,
      1.173,
      1.242,
      1.311,
      1.38,
      1.449,
      1.518,
      1.587,
      1.656,
      1.725,
      1.794,
      1.863,
      1.932
    ],
    "TaskName": "reward",
    "dataset": "MLS",
    "modality": "bold",
    "run_id": 2,
    "session_id": "2",
    "subject_id": "176",
    "task_id": "reward"
  },
  "dummy_trs": 0,
  "dvars_nstd": 18.808305663288582,
  "dvars_std": 1.0792962876510068,
  "dvars_vstd": 0.9854739247651012,
  "efc": 0.5738218812923369,
  "fber": 1035.5345458984375,
  "fd_mean": 0.11808619940181643,
  "fd_num": 19,
  "fd_perc": 12.666666666666666,
  "fwhm_avg": 2.3576325666666667,
  "fwhm_x": 2.4567392,
  "fwhm_y": 2.765856,
  "fwhm_z": 1.8503025,
  "gcor": 0.0271783,
  "gsr_x": 0.0156495850533247,
  "gsr_y": 0.022027255967259407,
  "provenance": {
    "md5sum": "0441a6287cc5eef6daa0cacbe5ee253e",
    "settings": {
      "fd_thres": 0.2,
      "testing": false
    },
    "software": "mriqc",
    "version": "23.1.0rc0"
  },
  "size_t": 150,
  "size_x": 64,
  "size_y": 64,
  "size_z": 29,
  "snr": 7.942601283318466,
  "spacing_tr": 1.0,
  "spacing_x": 3.125,
  "spacing_y": 3.125,
  "spacing_z": 4.0,
  "summary_bg_k": 14.346237708538336,
  "summary_bg_mad": 186.8177716671078,
  "summary_bg_mean": 214.09713745117188,
  "summary_bg_median": 128.24000549316406,
  "summary_bg_n": 62514.0,
  "summary_bg_p05": 0.1066666692495346,
  "summary_bg_p95": 757.7316802978513,
  "summary_bg_stdv": 297.8337097167969,
  "summary_fg_k": 1.776662856478164,
  "summary_fg_mad": 491.2256413977079,
  "summary_fg_mean": 4208.15673828125,
  "summary_fg_median": 4214.61328125,
  "summary_fg_n": 27275.0,
  "summary_fg_p05": 3377.386767578125,
  "summary_fg_p95": 5048.422216796875,
  "summary_fg_stdv": 530.6241455078125,
  "tsnr": 69.34734221035615
}