{
  "aor": 0.0009367333333333333,
  "aqi": 0.0066274001999999995,
  "bids_meta": {
    "EchoTime": 0.0036,
    "InstitutionName": "U of M FMRI",
    "Modality": "MR",
    "PatientPosition": "HFS",
    "RepetitionTime": 2.0,
    "SliceTiming": [
      0,
      0.069,
      0.138,
      0.207,
      0.276,
      0.345,
      0.414,
      0.483,
      0.552,
      0.621,
      0.69,
      0.759,
      0.828,
      0.897,
      0.966,
      1.035,
      1.104,
      1.173,
      1.242,
      1.311,
      1.38,
      1.449,
      1.518,
      1.587,
      1.656,
      1.725,
      1.794,
      1.863,
      1.932
    ],
    "TaskName": "reward",
    "dataset": "MLS",
    "modality": "bold",
    "run_id": 1,
    "session_id": "1",
    "subject_id": "199",
    "task_id": "reward"
  },
  "dummy_trs": 0,
  "dvars_nstd": 17.730603327248325,
  "dvars_std": 1.0725311231543626,
  "dvars_vstd": 0.9766260401342283,
  "efc": 0.5328715574791196,
  "fber": 1131.1014404296875,
  "fd_mean": 0.12180476922966699,
  "fd_num": 14,
  "fd_perc": 9.333333333333334,
  "fwhm_avg": 2.3641561666666666,
  "fwhm_x": 2.4393984,
  "fwhm_y": 2.7204575999999996,
  "fwhm_z": 1.9326125,
  "gcor": 0.0409363,
  "gsr_x": 0.01621411181986332,
  "gsr_y": 0.02073843777179718,
  "provenance": {
    "md5sum": "3842e9194a32430fbb0f78116e825755",
    "settings": {
      "fd_thres": 0.2,
      "testing": false
    },
    "software": "mriqc",
    "version": "23.1.0rc0"
  },
  "size_t": 150,
  "size_x": 64,
  "size_y": 64,
  "size_z": 29,
  "snr": 8.16593239856266,
  "spacing_tr": 1.0,
  "spacing_x": 3.125,
  "spacing_y": 3.125,
  "spacing_z": 4.0,
  "summary_bg_k": 27.45552691874919,
  "summary_bg_mad": 332.42907195010304,
  "summary_bg_mean": 382.17694091796875,
  "summary_bg_median": 229.86666870117188,
  "summary_bg_n": 68873.0,
  "summary_bg_p05": 0.07999999821186066,
  "summary_bg_p95": 1363.721362304686,
  "summary_bg_stdv": 552.6546630859375,
  "summary_fg_k": 0.5546109217753186,
  "summary_fg_mad": 922.5745679053684,
  "summary_fg_mean": 7797.9296875,
  "summary_fg_median": 7782.52001953125,
  "summary_fg_n": 22221.0,
  "summary_fg_p05": 6303.7734375,
  "summary_fg_p95": 9398.09375,
  "summary_fg_stdv": 953.02587890625,
  "tsnr": 74.2562051769346
}