{
  "aor": 0.001015066666666667,
  "aqi": 0.0068077397999999996,
  "bids_meta": {
    "EchoTime": 0.0036,
    "InstitutionName": "U of M FMRI",
    "Modality": "MR",
    "PatientPosition": "HFS",
    "RepetitionTime": 2.0,
    "SliceTiming": [
      0,
      0.069,
      0.138,
      0.207,
      0.276,
      0.345,
      0.414,
      0.483,
      0.552,
      0.621,
      0.69,
      0.759,
      0.828,
      0.897,
      0.966,
      1.035,
      1.104,
      1.173,
      1.242,
      1.311,
      1.38,
      1.449,
      1.518,
      1.587,
      1.656,
      1.725,
      1.794,
      1.863,
      1.932
    ],
    "TaskName": "reward",
    "dataset": "MLS",
    "modality": "bold",
    "run_id": 2,
    "session_id": "1",
    "subject_id": "199",
    "task_id": "reward"
  },
  "dummy_trs": 0,
  "dvars_nstd": 18.213499721677852,
  "dvars_std": 1.0881042720134229,
  "dvars_vstd": 0.9712594617449665,
  "efc": 0.5354525379282778,
  "fber": 1094.604248046875,
  "fd_mean": 0.13726255596049244,
  "fd_num": 22,
  "fd_perc": 14.666666666666666,
  "fwhm_avg": 2.4119555,
  "fwhm_x": 2.5131872,
  "fwhm_y": 2.7571968,
  "fwhm_z": 1.9654825,
  "gcor": 0.0543212,
  "gsr_x": 0.017135851085186005,
  "gsr_y": 0.021440530195832253,
  "provenance": {
    "md5sum": "567aa92e9321c519e4f64e927914b06d",
    "settings": {
      "fd_thres": 0.2,
      "testing": false
    },
    "software": "mriqc",
    "version": "23.1.0rc0"
  },
  "size_t": 150,
  "size_x": 64,
  "size_y": 64,
  "size_z": 29,
  "snr": 8.326519777061542,
  "spacing_tr": 1.0,
  "spacing_x": 3.125,
  "spacing_y": 3.125,
  "spacing_z": 4.0,
  "summary_bg_k": 29.24222386377707,
  "summary_bg_mad": 334.59366700391905,
  "summary_bg_mean": 387.53192138671875,
  "summary_bg_median": 232.85333251953125,
  "summary_bg_n": 68837.0,
  "summary_bg_p05": 0.10000000149011612,
  "summary_bg_p95": 1380.8107177734373,
  "summary_bg_stdv": 555.552490234375,
  "summary_fg_k": 0.7972508295176604,
  "summary_fg_mad": 901.7978668940839,
  "summary_fg_mean": 7796.673828125,
  "summary_fg_median": 7788.90673828125,
  "summary_fg_n": 22159.0,
  "summary_fg_p05": 6322.54970703125,
  "summary_fg_p95": 9345.994433593747,
  "summary_fg_stdv": 935.4125366210938,
  "tsnr": 73.73760002874769
}