{
  "aor": 0.004023466666666667,
  "aqi": 0.0149064278,
  "bids_meta": {
    "EchoTime": 0.0036,
    "InstitutionName": "U of M FMRI",
    "Modality": "MR",
    "PatientPosition": "HFS",
    "RepetitionTime": 2.0,
    "SliceTiming": [
      0,
      0.069,
      0.138,
      0.207,
      0.276,
      0.345,
      0.414,
      0.483,
      0.552,
      0.621,
      0.69,
      0.759,
      0.828,
      0.897,
      0.966,
      1.035,
      1.104,
      1.173,
      1.242,
      1.311,
      1.38,
      1.449,
      1.518,
      1.587,
      1.656,
      1.725,
      1.794,
      1.863,
      1.932
    ],
    "TaskName": "reward",
    "dataset": "MLS",
    "modality": "bold",
    "run_id": 1,
    "session_id": "3",
    "subject_id": "24",
    "task_id": "reward"
  },
  "dummy_trs": 0,
  "dvars_nstd": 15.666610071006723,
  "dvars_std": 0.9723728920134228,
  "dvars_vstd": 0.9258299432214765,
  "efc": 0.5755461520360928,
  "fber": 1063.5006103515625,
  "fd_mean": 0.08750448282264846,
  "fd_num": 3,
  "fd_perc": 2.0,
  "fwhm_avg": 2.6186085,
  "fwhm_x": 2.7358496000000003,
  "fwhm_y": 3.1577984,
  "fwhm_z": 1.9621775,
  "gcor": 0.0346154,
  "gsr_x": 0.005529274232685566,
  "gsr_y": 0.034958310425281525,
  "provenance": {
    "md5sum": "6261bf4cd6d2c6afd04e763882a133bc",
    "settings": {
      "fd_thres": 0.2,
      "testing": false
    },
    "software": "mriqc",
    "version": "23.1.0rc0"
  },
  "size_t": 150,
  "size_x": 64,
  "size_y": 64,
  "size_z": 29,
  "snr": 6.395736351723931,
  "spacing_tr": 1.0,
  "spacing_x": 3.125,
  "spacing_y": 3.125,
  "spacing_z": 4.0,
  "summary_bg_k": 15.827968766539882,
  "summary_bg_mad": 127.70147761487826,
  "summary_bg_mean": 155.15020751953125,
  "summary_bg_median": 88.4800033569336,
  "summary_bg_n": 61710.0,
  "summary_bg_p05": 0.0533333346247673,
  "summary_bg_p95": 573.9133422851556,
  "summary_bg_stdv": 224.80670166015625,
  "summary_fg_k": 0.7578137528897018,
  "summary_fg_mad": 420.23882091810714,
  "summary_fg_mean": 2932.8232421875,
  "summary_fg_median": 2959.646728515625,
  "summary_fg_n": 27461.0,
  "summary_fg_p05": 2122.13330078125,
  "summary_fg_p95": 3654.88671875,
  "summary_fg_stdv": 462.7446594238281,
  "tsnr": 47.64144832582679
}