{
  "aor": 0.0021706666666666667,
  "aqi": 0.008121324733333333,
  "bids_meta": {
    "EchoTime": 0.0036,
    "InstitutionName": "U of M FMRI",
    "Modality": "MR",
    "PatientPosition": "HFS",
    "RepetitionTime": 2.0,
    "SliceTiming": [
      0,
      0.069,
      0.138,
      0.207,
      0.276,
      0.345,
      0.414,
      0.483,
      0.552,
      0.621,
      0.69,
      0.759,
      0.828,
      0.897,
      0.966,
      1.035,
      1.104,
      1.173,
      1.242,
      1.311,
      1.38,
      1.449,
      1.518,
      1.587,
      1.656,
      1.725,
      1.794,
      1.863,
      1.932
    ],
    "TaskName": "reward",
    "dataset": "MLS",
    "modality": "bold",
    "run_id": 2,
    "session_id": "3",
    "subject_id": "24",
    "task_id": "reward"
  },
  "dummy_trs": 0,
  "dvars_nstd": 16.03714431550337,
  "dvars_std": 1.0415484073154366,
  "dvars_vstd": 0.9655740661744966,
  "efc": 0.5775244894636402,
  "fber": 1027.539794921875,
  "fd_mean": 0.08145923646007559,
  "fd_num": 4,
  "fd_perc": 2.6666666666666665,
  "fwhm_avg": 2.6411167333333334,
  "fwhm_x": 2.7792224,
  "fwhm_y": 3.1810528,
  "fwhm_z": 1.963075,
  "gcor": 0.06078,
  "gsr_x": 0.00568833202123642,
  "gsr_y": 0.03178763389587402,
  "provenance": {
    "md5sum": "3c59bbe7511e7b8f810381e64f9abc9a",
    "settings": {
      "fd_thres": 0.2,
      "testing": false
    },
    "software": "mriqc",
    "version": "23.1.0rc0"
  },
  "size_t": 150,
  "size_x": 64,
  "size_y": 64,
  "size_z": 29,
  "snr": 6.267360499594975,
  "spacing_tr": 1.0,
  "spacing_x": 3.125,
  "spacing_y": 3.125,
  "spacing_z": 4.0,
  "summary_bg_k": 13.146935388801268,
  "summary_bg_mad": 130.9434319044594,
  "summary_bg_mean": 161.02474975585938,
  "summary_bg_median": 90.12000274658203,
  "summary_bg_n": 61631.0,
  "summary_bg_p05": 0.013333333656191826,
  "summary_bg_p95": 609.7933349609375,
  "summary_bg_stdv": 235.26148986816406,
  "summary_fg_k": 0.7535139680158407,
  "summary_fg_mad": 428.3140441099408,
  "summary_fg_mean": 2953.993896484375,
  "summary_fg_median": 2984.56689453125,
  "summary_fg_n": 27560.0,
  "summary_fg_p05": 2118.730993652344,
  "summary_fg_p95": 3693.415649414062,
  "summary_fg_stdv": 476.1993103027344,
  "tsnr": 60.04810783965513
}