{
  "aor": 0.007053133333333334,
  "aqi": 0.012789509000000001,
  "bids_meta": {
    "EchoTime": 0.0036,
    "InstitutionName": "U of M FMRI",
    "Modality": "MR",
    "PatientPosition": "HFS",
    "RepetitionTime": 2.0,
    "SliceTiming": [
      0,
      0.069,
      0.138,
      0.207,
      0.276,
      0.345,
      0.414,
      0.483,
      0.552,
      0.621,
      0.69,
      0.759,
      0.828,
      0.897,
      0.966,
      1.035,
      1.104,
      1.173,
      1.242,
      1.311,
      1.38,
      1.449,
      1.518,
      1.587,
      1.656,
      1.725,
      1.794,
      1.863,
      1.932
    ],
    "TaskName": "reward",
    "dataset": "MLS",
    "modality": "bold",
    "run_id": 2,
    "session_id": "1",
    "subject_id": "179",
    "task_id": "reward"
  },
  "dummy_trs": 0,
  "dvars_nstd": 25.11152157342282,
  "dvars_std": 1.1074119340268456,
  "dvars_vstd": 1.023788498993289,
  "efc": 0.5743615987072249,
  "fber": 1511.3984375,
  "fd_mean": 0.4838132030635458,
  "fd_num": 109,
  "fd_perc": 72.66666666666667,
  "fwhm_avg": 2.6506755666666666,
  "fwhm_x": 2.7826016,
  "fwhm_y": 3.1506975999999995,
  "fwhm_z": 2.0187275,
  "gcor": 0.125671,
  "gsr_x": 0.008906860835850239,
  "gsr_y": 0.04073208570480347,
  "provenance": {
    "md5sum": "1605a52011c9385c9228461f24953c8d",
    "settings": {
      "fd_thres": 0.2,
      "testing": false
    },
    "software": "mriqc",
    "version": "23.1.0rc0"
  },
  "size_t": 150,
  "size_x": 64,
  "size_y": 64,
  "size_z": 29,
  "snr": 6.851213361104348,
  "spacing_tr": 1.0,
  "spacing_x": 3.125,
  "spacing_y": 3.125,
  "spacing_z": 4.0,
  "summary_bg_k": 14.941155469996453,
  "summary_bg_mad": 129.18407912642405,
  "summary_bg_mean": 160.8834686279297,
  "summary_bg_median": 89.34000396728516,
  "summary_bg_n": 61174.0,
  "summary_bg_p05": 0.3400000035762787,
  "summary_bg_p95": 579.5336791992187,
  "summary_bg_stdv": 217.69204711914062,
  "summary_fg_k": 0.9068024162941626,
  "summary_fg_mad": 472.8661321870045,
  "summary_fg_mean": 3563.56787109375,
  "summary_fg_median": 3557.92333984375,
  "summary_fg_n": 28320.0,
  "summary_fg_p05": 2726.887316894531,
  "summary_fg_p95": 4415.63564453125,
  "summary_fg_stdv": 519.3037109375,
  "tsnr": 45.856440181378275
}