{
  "aor": 0.0010926666666666667,
  "aqi": 0.0027246812,
  "bids_meta": {
    "EchoTime": 0.0036,
    "InstitutionName": "U of M FMRI",
    "Modality": "MR",
    "PatientPosition": "HFS",
    "RepetitionTime": 2.0,
    "SliceTiming": [
      0,
      0.069,
      0.138,
      0.207,
      0.276,
      0.345,
      0.414,
      0.483,
      0.552,
      0.621,
      0.69,
      0.759,
      0.828,
      0.897,
      0.966,
      1.035,
      1.104,
      1.173,
      1.242,
      1.311,
      1.38,
      1.449,
      1.518,
      1.587,
      1.656,
      1.725,
      1.794,
      1.863,
      1.932
    ],
    "TaskName": "reward",
    "dataset": "MLS",
    "modality": "bold",
    "run_id": 1,
    "session_id": "2",
    "subject_id": "128",
    "task_id": "reward"
  },
  "dummy_trs": 0,
  "dvars_nstd": 17.707427985234897,
  "dvars_std": 1.1275562626174496,
  "dvars_vstd": 1.0127366433557052,
  "efc": 0.5675872146031137,
  "fber": 907.7833251953125,
  "fd_mean": 0.07773198916198512,
  "fd_num": 2,
  "fd_perc": 1.3333333333333333,
  "fwhm_avg": 2.4643723333333334,
  "fwhm_x": 2.5962304,
  "fwhm_y": 2.8948416,
  "fwhm_z": 1.902045,
  "gcor": 0.162732,
  "gsr_x": 0.010664703324437141,
  "gsr_y": 0.0378187820315361,
  "provenance": {
    "md5sum": "0a35b75d8eabbe4b88f936f8fd960314",
    "settings": {
      "fd_thres": 0.2,
      "testing": false
    },
    "software": "mriqc",
    "version": "23.1.0rc0"
  },
  "size_t": 150,
  "size_x": 64,
  "size_y": 64,
  "size_z": 29,
  "snr": 6.015094239812939,
  "spacing_tr": 1.0,
  "spacing_x": 3.125,
  "spacing_y": 3.125,
  "spacing_z": 4.0,
  "summary_bg_k": 16.069298318219218,
  "summary_bg_mad": 135.11448587956696,
  "summary_bg_mean": 170.5059051513672,
  "summary_bg_median": 93.22666931152344,
  "summary_bg_n": 63994.0,
  "summary_bg_p05": 0.006666666828095913,
  "summary_bg_p95": 615.5116638183594,
  "summary_bg_stdv": 243.8140869140625,
  "summary_fg_k": 0.8737415274663016,
  "summary_fg_mad": 446.41167277740965,
  "summary_fg_mean": 2896.693115234375,
  "summary_fg_median": 2893.7734375,
  "summary_fg_n": 25573.0,
  "summary_fg_p05": 2134.929345703125,
  "summary_fg_p95": 3701.576123046875,
  "summary_fg_stdv": 481.0758972167969,
  "tsnr": 77.0001989970915
}