{
  "aor": 0.0025972000000000005,
  "aqi": 0.0025153259333333335,
  "bids_meta": {
    "EchoTime": 0.0036,
    "InstitutionName": "U of M FMRI",
    "Modality": "MR",
    "PatientPosition": "HFS",
    "RepetitionTime": 2.0,
    "SliceTiming": [
      0,
      0.069,
      0.138,
      0.207,
      0.276,
      0.345,
      0.414,
      0.483,
      0.552,
      0.621,
      0.69,
      0.759,
      0.828,
      0.897,
      0.966,
      1.035,
      1.104,
      1.173,
      1.242,
      1.311,
      1.38,
      1.449,
      1.518,
      1.587,
      1.656,
      1.725,
      1.794,
      1.863,
      1.932
    ],
    "TaskName": "reward",
    "dataset": "MLS",
    "modality": "bold",
    "run_id": 2,
    "session_id": "2",
    "subject_id": "128",
    "task_id": "reward"
  },
  "dummy_trs": 0,
  "dvars_nstd": 17.485842275503355,
  "dvars_std": 1.1584112362416106,
  "dvars_vstd": 1.0359078604026846,
  "efc": 0.5691276795283882,
  "fber": 888.537109375,
  "fd_mean": 0.07521938486442567,
  "fd_num": 1,
  "fd_perc": 0.6666666666666666,
  "fwhm_avg": 2.5188932333333334,
  "fwhm_x": 2.6645632,
  "fwhm_y": 2.983504,
  "fwhm_z": 1.9086125,
  "gcor": 0.0252922,
  "gsr_x": 0.010281608439981937,
  "gsr_y": 0.037682756781578064,
  "provenance": {
    "md5sum": "d67b0858d2acb04e42885d99e75fa233",
    "settings": {
      "fd_thres": 0.2,
      "testing": false
    },
    "software": "mriqc",
    "version": "23.1.0rc0"
  },
  "size_t": 150,
  "size_x": 64,
  "size_y": 64,
  "size_z": 29,
  "snr": 6.065958703456797,
  "spacing_tr": 1.0,
  "spacing_x": 3.125,
  "spacing_y": 3.125,
  "spacing_z": 4.0,
  "summary_bg_k": 17.49931616800499,
  "summary_bg_mad": 137.51629600167695,
  "summary_bg_mean": 172.37965393066406,
  "summary_bg_median": 94.67333221435547,
  "summary_bg_n": 63951.0,
  "summary_bg_p05": 0.0,
  "summary_bg_p95": 615.0966796875,
  "summary_bg_stdv": 244.72457885742188,
  "summary_fg_k": 0.9917062902160296,
  "summary_fg_mad": 439.61146577568485,
  "summary_fg_mean": 2903.325439453125,
  "summary_fg_median": 2902.413330078125,
  "summary_fg_n": 25619.0,
  "summary_fg_p05": 2140.5287841796876,
  "summary_fg_p95": 3691.5020751953125,
  "summary_fg_stdv": 478.4662780761719,
  "tsnr": 86.60338652948849
}