{
  "aor": 0.0009926000000000002,
  "aqi": 0.004320247266666667,
  "bids_meta": {
    "EchoTime": 0.0036,
    "InstitutionName": "U of M FMRI",
    "Modality": "MR",
    "PatientPosition": "HFS",
    "RepetitionTime": 2.0,
    "SliceTiming": [
      0,
      0.069,
      0.138,
      0.207,
      0.276,
      0.345,
      0.414,
      0.483,
      0.552,
      0.621,
      0.69,
      0.759,
      0.828,
      0.897,
      0.966,
      1.035,
      1.104,
      1.173,
      1.242,
      1.311,
      1.38,
      1.449,
      1.518,
      1.587,
      1.656,
      1.725,
      1.794,
      1.863,
      1.932
    ],
    "TaskName": "reward",
    "dataset": "MLS",
    "modality": "bold",
    "run_id": 1,
    "session_id": "2",
    "subject_id": "115",
    "task_id": "reward"
  },
  "dummy_trs": 0,
  "dvars_nstd": 20.55681523067113,
  "dvars_std": 1.0811835305369122,
  "dvars_vstd": 1.021863759463087,
  "efc": 0.5875408153753868,
  "fber": 727.3666381835938,
  "fd_mean": 0.10614273976404649,
  "fd_num": 9,
  "fd_perc": 6.0,
  "fwhm_avg": 2.5552014,
  "fwhm_x": 2.6762496,
  "fwhm_y": 3.0438495999999997,
  "fwhm_z": 1.945505,
  "gcor": 0.0535237,
  "gsr_x": 0.003481779946014285,
  "gsr_y": 0.03490235656499863,
  "provenance": {
    "md5sum": "b92e0971a9c961878529287d557fbed1",
    "settings": {
      "fd_thres": 0.2,
      "testing": false
    },
    "software": "mriqc",
    "version": "23.1.0rc0"
  },
  "size_t": 150,
  "size_x": 64,
  "size_y": 64,
  "size_z": 29,
  "snr": 6.763339866278432,
  "spacing_tr": 1.0,
  "spacing_x": 3.125,
  "spacing_y": 3.125,
  "spacing_z": 4.0,
  "summary_bg_k": 14.479143620874805,
  "summary_bg_mad": 167.34625635661837,
  "summary_bg_mean": 184.86163330078125,
  "summary_bg_median": 115.50666809082031,
  "summary_bg_n": 61233.0,
  "summary_bg_p05": 0.006666666828095913,
  "summary_bg_p95": 646.6853393554661,
  "summary_bg_stdv": 251.70758056640625,
  "summary_fg_k": 1.1886217093601905,
  "summary_fg_mad": 419.27491229801916,
  "summary_fg_mean": 3212.69189453125,
  "summary_fg_median": 3200.113525390625,
  "summary_fg_n": 28144.0,
  "summary_fg_p05": 2453.85947265625,
  "summary_fg_p95": 3988.91416015625,
  "summary_fg_stdv": 473.14739990234375,
  "tsnr": 72.20510685176123
}