{
  "aor": 0.009941666666666668,
  "aqi": 0.008151073733333333,
  "bids_meta": {
    "EchoTime": 0.0036,
    "InstitutionName": "U of M FMRI",
    "Modality": "MR",
    "PatientPosition": "HFS",
    "RepetitionTime": 2.0,
    "SliceTiming": [
      0,
      0.069,
      0.138,
      0.207,
      0.276,
      0.345,
      0.414,
      0.483,
      0.552,
      0.621,
      0.69,
      0.759,
      0.828,
      0.897,
      0.966,
      1.035,
      1.104,
      1.173,
      1.242,
      1.311,
      1.38,
      1.449,
      1.518,
      1.587,
      1.656,
      1.725,
      1.794,
      1.863,
      1.932
    ],
    "TaskName": "reward",
    "dataset": "MLS",
    "modality": "bold",
    "run_id": 2,
    "session_id": "1",
    "subject_id": "161",
    "task_id": "reward"
  },
  "dummy_trs": 0,
  "dvars_nstd": 21.2165404966443,
  "dvars_std": 1.095077225167785,
  "dvars_vstd": 1.074951126778524,
  "efc": 0.5633985394619607,
  "fber": 1078.7669677734375,
  "fd_mean": 0.1955540395288991,
  "fd_num": 33,
  "fd_perc": 22.0,
  "fwhm_avg": 2.6290786666666666,
  "fwhm_x": 2.7310208,
  "fwhm_y": 3.1397152,
  "fwhm_z": 2.0165,
  "gcor": 0.024639,
  "gsr_x": -0.0010163503466174006,
  "gsr_y": 0.04620583355426788,
  "provenance": {
    "md5sum": "a98830d2d88c999cb71091787605d2ee",
    "settings": {
      "fd_thres": 0.2,
      "testing": false
    },
    "software": "mriqc",
    "version": "23.1.0rc0"
  },
  "size_t": 150,
  "size_x": 64,
  "size_y": 64,
  "size_z": 29,
  "snr": 6.257553688474235,
  "spacing_tr": 1.0,
  "spacing_x": 3.125,
  "spacing_y": 3.125,
  "spacing_z": 4.0,
  "summary_bg_k": 24.648530409538076,
  "summary_bg_mad": 151.11175916544673,
  "summary_bg_mean": 157.29629516601562,
  "summary_bg_median": 106.06999969482422,
  "summary_bg_n": 62408.0,
  "summary_bg_p05": 0.07999999821186066,
  "summary_bg_p95": 508.26967926025264,
  "summary_bg_stdv": 214.5472869873047,
  "summary_fg_k": 0.864770489523564,
  "summary_fg_mad": 529.8525690705168,
  "summary_fg_mean": 3586.873291015625,
  "summary_fg_median": 3611.6533203125,
  "summary_fg_n": 26913.0,
  "summary_fg_p05": 2612.924072265625,
  "summary_fg_p95": 4502.11083984375,
  "summary_fg_stdv": 577.15625,
  "tsnr": 53.21375626628287
}