{
  "aor": 0.0018088,
  "aqi": 0.0039431724,
  "bids_meta": {
    "EchoTime": 0.0036,
    "InstitutionName": "U of M FMRI",
    "Modality": "MR",
    "PatientPosition": "HFS",
    "RepetitionTime": 2.0,
    "SliceTiming": [
      0,
      0.069,
      0.138,
      0.207,
      0.276,
      0.345,
      0.414,
      0.483,
      0.552,
      0.621,
      0.69,
      0.759,
      0.828,
      0.897,
      0.966,
      1.035,
      1.104,
      1.173,
      1.242,
      1.311,
      1.38,
      1.449,
      1.518,
      1.587,
      1.656,
      1.725,
      1.794,
      1.863,
      1.932
    ],
    "TaskName": "reward",
    "dataset": "MLS",
    "modality": "bold",
    "run_id": 1,
    "session_id": "1",
    "subject_id": "161",
    "task_id": "reward"
  },
  "dummy_trs": 0,
  "dvars_nstd": 18.42360737154362,
  "dvars_std": 1.0782338798657716,
  "dvars_vstd": 1.0307554743624163,
  "efc": 0.5617928452950353,
  "fber": 1171.7642822265625,
  "fd_mean": 0.1058749859166089,
  "fd_num": 16,
  "fd_perc": 10.666666666666666,
  "fwhm_avg": 2.6400894,
  "fwhm_x": 2.7582943999999996,
  "fwhm_y": 3.1649088,
  "fwhm_z": 1.997065,
  "gcor": 0.0261154,
  "gsr_x": 0.0002936440578196198,
  "gsr_y": 0.045190367847681046,
  "provenance": {
    "md5sum": "b7ffd1b4b21458ec830bd8c765a179b8",
    "settings": {
      "fd_thres": 0.2,
      "testing": false
    },
    "software": "mriqc",
    "version": "23.1.0rc0"
  },
  "size_t": 150,
  "size_x": 64,
  "size_y": 64,
  "size_z": 29,
  "snr": 6.34307798251456,
  "spacing_tr": 1.0,
  "spacing_x": 3.125,
  "spacing_y": 3.125,
  "spacing_z": 4.0,
  "summary_bg_k": 25.75498520022616,
  "summary_bg_mad": 148.0773719930869,
  "summary_bg_mean": 155.1194305419922,
  "summary_bg_median": 102.4366683959961,
  "summary_bg_n": 62552.0,
  "summary_bg_p05": 0.013333333656191826,
  "summary_bg_p95": 503.30335235595686,
  "summary_bg_stdv": 215.8595428466797,
  "summary_fg_k": 0.9955809814011989,
  "summary_fg_mad": 520.1908601551211,
  "summary_fg_mean": 3592.691650390625,
  "summary_fg_median": 3618.6298828125,
  "summary_fg_n": 26896.0,
  "summary_fg_p05": 2629.138427734375,
  "summary_fg_p95": 4484.52001953125,
  "summary_fg_stdv": 570.4742431640625,
  "tsnr": 74.35774256289005
}