{
  "aor": 0.0009884,
  "aqi": 0.003395589866666667,
  "bids_meta": {
    "EchoTime": 0.0036,
    "InstitutionName": "U of M FMRI",
    "Modality": "MR",
    "PatientPosition": "HFS",
    "RepetitionTime": 2.0,
    "SliceTiming": [
      0,
      0.069,
      0.138,
      0.207,
      0.276,
      0.345,
      0.414,
      0.483,
      0.552,
      0.621,
      0.69,
      0.759,
      0.828,
      0.897,
      0.966,
      1.035,
      1.104,
      1.173,
      1.242,
      1.311,
      1.38,
      1.449,
      1.518,
      1.587,
      1.656,
      1.725,
      1.794,
      1.863,
      1.932
    ],
    "TaskName": "reward",
    "dataset": "MLS",
    "modality": "bold",
    "run_id": 2,
    "session_id": "2",
    "subject_id": "93",
    "task_id": "reward"
  },
  "dummy_trs": 0,
  "dvars_nstd": 18.13231695382551,
  "dvars_std": 1.135641445973154,
  "dvars_vstd": 1.0110527708724835,
  "efc": 0.5751904223056017,
  "fber": 874.4827880859375,
  "fd_mean": 0.09602622814001041,
  "fd_num": 7,
  "fd_perc": 4.666666666666667,
  "fwhm_avg": 2.5979123,
  "fwhm_x": 2.7448896,
  "fwhm_y": 3.0320448,
  "fwhm_z": 2.0168025,
  "gcor": 0.0282994,
  "gsr_x": 0.005457121878862381,
  "gsr_y": 0.042287785559892654,
  "provenance": {
    "md5sum": "3731796df8a1c10457f3eda12cd741b2",
    "settings": {
      "fd_thres": 0.2,
      "testing": false
    },
    "software": "mriqc",
    "version": "23.1.0rc0"
  },
  "size_t": 150,
  "size_x": 64,
  "size_y": 64,
  "size_z": 29,
  "snr": 6.207934585461154,
  "spacing_tr": 1.0,
  "spacing_x": 3.125,
  "spacing_y": 3.125,
  "spacing_z": 4.0,
  "summary_bg_k": 25.49792769790457,
  "summary_bg_mad": 151.85800157042166,
  "summary_bg_mean": 178.81903076171875,
  "summary_bg_median": 103.17333221435547,
  "summary_bg_n": 62815.0,
  "summary_bg_p05": 0.006666666828095913,
  "summary_bg_p95": 625.5206604003904,
  "summary_bg_stdv": 245.58187866210938,
  "summary_fg_k": 1.4617055844882492,
  "summary_fg_mad": 449.8908652882192,
  "summary_fg_mean": 3142.2724609375,
  "summary_fg_median": 3163.706787109375,
  "summary_fg_n": 26821.0,
  "summary_fg_p05": 2293.280029296875,
  "summary_fg_p95": 3942.586669921875,
  "summary_fg_stdv": 509.61358642578125,
  "tsnr": 81.67212601366919
}