{
  "aor": 0.001468896551724138,
  "aqi": 0.006293484275862069,
  "bids_meta": {
    "EchoTime": 0.0036,
    "InstitutionName": "U of M FMRI",
    "Modality": "MR",
    "PatientPosition": "HFS",
    "RepetitionTime": 2.0,
    "SliceTiming": [
      0,
      0.069,
      0.138,
      0.207,
      0.276,
      0.345,
      0.414,
      0.483,
      0.552,
      0.621,
      0.69,
      0.759,
      0.828,
      0.897,
      0.966,
      1.035,
      1.104,
      1.173,
      1.242,
      1.311,
      1.38,
      1.449,
      1.518,
      1.587,
      1.656,
      1.725,
      1.794,
      1.863,
      1.932
    ],
    "TaskName": "reward",
    "dataset": "MLS",
    "modality": "bold",
    "run_id": 1,
    "session_id": "1",
    "subject_id": "195",
    "task_id": "reward"
  },
  "dummy_trs": 5,
  "dvars_nstd": 18.652512126666668,
  "dvars_std": 1.018125755625,
  "dvars_vstd": 0.9988018027777775,
  "efc": 0.6153466589102804,
  "fber": 744.301025390625,
  "fd_mean": 0.123206696510513,
  "fd_num": 18,
  "fd_perc": 12.413793103448276,
  "fwhm_avg": 2.4632460666666667,
  "fwhm_x": 2.5348736,
  "fwhm_y": 2.9001696,
  "fwhm_z": 1.954695,
  "gcor": 0.0470968,
  "gsr_x": 0.008800110779702663,
  "gsr_y": 0.04662514850497246,
  "provenance": {
    "md5sum": "6a2d5e979f81a75ac3108a812e7f6c6b",
    "settings": {
      "fd_thres": 0.2,
      "testing": false
    },
    "software": "mriqc",
    "version": "23.1.0rc0"
  },
  "size_t": 145,
  "size_x": 64,
  "size_y": 64,
  "size_z": 29,
  "snr": 7.6534127970185875,
  "spacing_tr": 1.0,
  "spacing_x": 3.125,
  "spacing_y": 3.125,
  "spacing_z": 4.0,
  "summary_bg_k": 11.653884991744839,
  "summary_bg_mad": 317.9874906315704,
  "summary_bg_mean": 377.0601501464844,
  "summary_bg_median": 215.6310272216797,
  "summary_bg_n": 56600.0,
  "summary_bg_p05": 0.11724138259887695,
  "summary_bg_p95": 1295.0102844238265,
  "summary_bg_stdv": 485.3312072753906,
  "summary_fg_k": 0.6640406790939948,
  "summary_fg_mad": 769.64936133994,
  "summary_fg_mean": 6296.97998046875,
  "summary_fg_median": 6278.544921875,
  "summary_fg_n": 31790.0,
  "summary_fg_p05": 4983.523413085937,
  "summary_fg_p95": 7669.900610351562,
  "summary_fg_stdv": 820.345947265625,
  "tsnr": 68.86129371356219
}