{
  "aor": 0.0006900000000000001,
  "aqi": 0.006837248866666667,
  "bids_meta": {
    "EchoTime": 0.0036,
    "InstitutionName": "U of M FMRI",
    "Modality": "MR",
    "PatientPosition": "HFS",
    "RepetitionTime": 2.0,
    "SliceTiming": [
      0,
      0.069,
      0.138,
      0.207,
      0.276,
      0.345,
      0.414,
      0.483,
      0.552,
      0.621,
      0.69,
      0.759,
      0.828,
      0.897,
      0.966,
      1.035,
      1.104,
      1.173,
      1.242,
      1.311,
      1.38,
      1.449,
      1.518,
      1.587,
      1.656,
      1.725,
      1.794,
      1.863,
      1.932
    ],
    "TaskName": "reward",
    "dataset": "MLS",
    "modality": "bold",
    "run_id": 1,
    "session_id": "2",
    "subject_id": "53",
    "task_id": "reward"
  },
  "dummy_trs": 0,
  "dvars_nstd": 19.68195849946309,
  "dvars_std": 1.0310164408724827,
  "dvars_vstd": 1.0008182556375838,
  "efc": 0.538772863945444,
  "fber": 832.96044921875,
  "fd_mean": 0.12290949234987264,
  "fd_num": 15,
  "fd_perc": 10.0,
  "fwhm_avg": 2.2972667333333336,
  "fwhm_x": 2.360416,
  "fwhm_y": 2.6671392,
  "fwhm_z": 1.864245,
  "gcor": 0.0553516,
  "gsr_x": 0.016205621883273125,
  "gsr_y": 0.026706494390964508,
  "provenance": {
    "md5sum": "4a1ed855371ffaae3f1c8ba1819c6c20",
    "settings": {
      "fd_thres": 0.2,
      "testing": false
    },
    "software": "mriqc",
    "version": "23.1.0rc0"
  },
  "size_t": 150,
  "size_x": 64,
  "size_y": 64,
  "size_z": 29,
  "snr": 8.535975458196994,
  "spacing_tr": 1.0,
  "spacing_x": 3.125,
  "spacing_y": 3.125,
  "spacing_z": 4.0,
  "summary_bg_k": 14.749963935314042,
  "summary_bg_mad": 387.4039868427712,
  "summary_bg_mean": 444.3987121582031,
  "summary_bg_median": 292.7933349609375,
  "summary_bg_n": 68504.0,
  "summary_bg_p05": 0.2199999988079071,
  "summary_bg_p95": 1502.2393676757804,
  "summary_bg_stdv": 611.5410766601562,
  "summary_fg_k": 1.3630196332851678,
  "summary_fg_mad": 945.0894173183287,
  "summary_fg_mean": 8562.5234375,
  "summary_fg_median": 8548.333984375,
  "summary_fg_n": 22475.0,
  "summary_fg_p05": 7012.3580078125,
  "summary_fg_p95": 10183.28779296875,
  "summary_fg_stdv": 1001.425537109375,
  "tsnr": 67.9747058544308
}