{
  "aor": 0.009862066666666669,
  "aqi": 0.0035205074,
  "bids_meta": {
    "EchoTime": 0.0036,
    "InstitutionName": "U of M FMRI",
    "Modality": "MR",
    "PatientPosition": "HFS",
    "RepetitionTime": 2.0,
    "SliceTiming": [
      0,
      0.069,
      0.138,
      0.207,
      0.276,
      0.345,
      0.414,
      0.483,
      0.552,
      0.621,
      0.69,
      0.759,
      0.828,
      0.897,
      0.966,
      1.035,
      1.104,
      1.173,
      1.242,
      1.311,
      1.38,
      1.449,
      1.518,
      1.587,
      1.656,
      1.725,
      1.794,
      1.863,
      1.932
    ],
    "TaskName": "reward",
    "dataset": "MLS",
    "modality": "bold",
    "run_id": 2,
    "session_id": "1",
    "subject_id": "131",
    "task_id": "reward"
  },
  "dummy_trs": 0,
  "dvars_nstd": 13.867987204161075,
  "dvars_std": 1.1232422998657725,
  "dvars_vstd": 1.0634073093288592,
  "efc": 0.49215029378632863,
  "fber": 2145.259521484375,
  "fd_mean": 0.12763460596664022,
  "fd_num": 16,
  "fd_perc": 10.666666666666666,
  "fwhm_avg": 3.0495258666666665,
  "fwhm_x": 3.0429856,
  "fwhm_y": 3.716192,
  "fwhm_z": 2.3894,
  "gcor": 0.0466415,
  "gsr_x": -0.004842799622565508,
  "gsr_y": 0.023452138528227806,
  "provenance": {
    "md5sum": "0dea3bf0720afee6837616c4406fbce5",
    "settings": {
      "fd_thres": 0.2,
      "testing": false
    },
    "software": "mriqc",
    "version": "23.1.0rc0"
  },
  "size_t": 150,
  "size_x": 64,
  "size_y": 64,
  "size_z": 29,
  "snr": 6.47490960791129,
  "spacing_tr": 1.0,
  "spacing_x": 3.125,
  "spacing_y": 3.125,
  "spacing_z": 4.0,
  "summary_bg_k": 21.545215133182865,
  "summary_bg_mad": 133.2711202931181,
  "summary_bg_mean": 155.7001495361328,
  "summary_bg_median": 95.08333587646484,
  "summary_bg_n": 71528.0,
  "summary_bg_p05": 0.013333333656191826,
  "summary_bg_p95": 545.9486907958984,
  "summary_bg_stdv": 222.32467651367188,
  "summary_fg_k": 0.6067467019297008,
  "summary_fg_mad": 631.3317320282033,
  "summary_fg_mean": 4340.38232421875,
  "summary_fg_median": 4413.81640625,
  "summary_fg_n": 19790.0,
  "summary_fg_p05": 3066.3248291015625,
  "summary_fg_p95": 5325.383471679687,
  "summary_fg_stdv": 681.6627807617188,
  "tsnr": 78.73115334834438
}