{
  "aor": 0.0009921333333333335,
  "aqi": 0.00147817138,
  "bids_meta": {
    "EchoTime": 0.0036,
    "InstitutionName": "U of M FMRI",
    "Modality": "MR",
    "PatientPosition": "HFS",
    "RepetitionTime": 2.0,
    "SliceTiming": [
      0,
      0.069,
      0.138,
      0.207,
      0.276,
      0.345,
      0.414,
      0.483,
      0.552,
      0.621,
      0.69,
      0.759,
      0.828,
      0.897,
      0.966,
      1.035,
      1.104,
      1.173,
      1.242,
      1.311,
      1.38,
      1.449,
      1.518,
      1.587,
      1.656,
      1.725,
      1.794,
      1.863,
      1.932
    ],
    "TaskName": "reward",
    "dataset": "MLS",
    "modality": "bold",
    "run_id": 1,
    "session_id": "1",
    "subject_id": "131",
    "task_id": "reward"
  },
  "dummy_trs": 0,
  "dvars_nstd": 11.307363426778526,
  "dvars_std": 1.0594539467785236,
  "dvars_vstd": 1.0066555982550331,
  "efc": 0.49232743118791267,
  "fber": 2178.176513671875,
  "fd_mean": 0.05700788013084771,
  "fd_num": 1,
  "fd_perc": 0.6666666666666666,
  "fwhm_avg": 3.058992,
  "fwhm_x": 3.0801600000000002,
  "fwhm_y": 3.709856,
  "fwhm_z": 2.38696,
  "gcor": 0.0706197,
  "gsr_x": -0.005082290153950453,
  "gsr_y": 0.022607741877436638,
  "provenance": {
    "md5sum": "c2e27b06666fd5077d3e2488d90039dc",
    "settings": {
      "fd_thres": 0.2,
      "testing": false
    },
    "software": "mriqc",
    "version": "23.1.0rc0"
  },
  "size_t": 150,
  "size_x": 64,
  "size_y": 64,
  "size_z": 29,
  "snr": 6.436868300683919,
  "spacing_tr": 1.0,
  "spacing_x": 3.125,
  "spacing_y": 3.125,
  "spacing_z": 4.0,
  "summary_bg_k": 22.58596707950829,
  "summary_bg_mad": 132.96965565515956,
  "summary_bg_mean": 155.21302795410156,
  "summary_bg_median": 94.37333679199219,
  "summary_bg_n": 71495.0,
  "summary_bg_p05": 0.0,
  "summary_bg_p95": 545.20400390625,
  "summary_bg_stdv": 222.33486938476562,
  "summary_fg_k": 0.6226237875876324,
  "summary_fg_mad": 644.5068389987565,
  "summary_fg_mean": 4355.3642578125,
  "summary_fg_median": 4431.0400390625,
  "summary_fg_n": 19800.0,
  "summary_fg_p05": 3070.1726806640627,
  "summary_fg_p95": 5346.800952148437,
  "summary_fg_stdv": 688.3670654296875,
  "tsnr": 110.9009254546836
}