{
  "aor": 0.00044313333333333333,
  "aqi": 0.0037299051333333335,
  "bids_meta": {
    "EchoTime": 0.0036,
    "InstitutionName": "U of M FMRI",
    "Modality": "MR",
    "PatientPosition": "HFS",
    "RepetitionTime": 2.0,
    "SliceTiming": [
      0,
      0.069,
      0.138,
      0.207,
      0.276,
      0.345,
      0.414,
      0.483,
      0.552,
      0.621,
      0.69,
      0.759,
      0.828,
      0.897,
      0.966,
      1.035,
      1.104,
      1.173,
      1.242,
      1.311,
      1.38,
      1.449,
      1.518,
      1.587,
      1.656,
      1.725,
      1.794,
      1.863,
      1.932
    ],
    "TaskName": "reward",
    "dataset": "MLS",
    "modality": "bold",
    "run_id": 1,
    "session_id": "3",
    "subject_id": "11",
    "task_id": "reward"
  },
  "dummy_trs": 0,
  "dvars_nstd": 14.969114495637589,
  "dvars_std": 1.0777836895302007,
  "dvars_vstd": 0.9915840791275162,
  "efc": 0.547076073556245,
  "fber": 1261.12548828125,
  "fd_mean": 0.039242758794062305,
  "fd_num": 0,
  "fd_perc": 0.0,
  "fwhm_avg": 2.2700869666666663,
  "fwhm_x": 2.3623296,
  "fwhm_y": 2.5921087999999997,
  "fwhm_z": 1.8558225,
  "gcor": 0.0162988,
  "gsr_x": -0.001876496709883213,
  "gsr_y": 0.025908352807164192,
  "provenance": {
    "md5sum": "bc2d2df283d2cb9e212b794e90b2452c",
    "settings": {
      "fd_thres": 0.2,
      "testing": false
    },
    "software": "mriqc",
    "version": "23.1.0rc0"
  },
  "size_t": 150,
  "size_x": 64,
  "size_y": 64,
  "size_z": 29,
  "snr": 7.424771087718601,
  "spacing_tr": 1.0,
  "spacing_x": 3.125,
  "spacing_y": 3.125,
  "spacing_z": 4.0,
  "summary_bg_k": 27.841177956628222,
  "summary_bg_mad": 109.01080438381608,
  "summary_bg_mean": 136.8852996826172,
  "summary_bg_median": 74.26667022705078,
  "summary_bg_n": 66993.0,
  "summary_bg_p05": 0.0,
  "summary_bg_p95": 481.86268310546853,
  "summary_bg_stdv": 218.74642944335938,
  "summary_fg_k": 1.7174486561755282,
  "summary_fg_mad": 324.88769886845273,
  "summary_fg_mean": 2673.971435546875,
  "summary_fg_median": 2640.643310546875,
  "summary_fg_n": 24000.0,
  "summary_fg_p05": 2162.9181640625,
  "summary_fg_p95": 3289.098840332031,
  "summary_fg_stdv": 355.645751953125,
  "tsnr": 90.93180738855153
}