{
  "aor": 0.0006426027397260273,
  "aqi": 0.0028494137671232875,
  "bids_meta": {
    "EchoTime": 0.0036,
    "InstitutionName": "U of M FMRI",
    "Modality": "MR",
    "PatientPosition": "HFS",
    "RepetitionTime": 2.0,
    "SliceTiming": [
      0,
      0.069,
      0.138,
      0.207,
      0.276,
      0.345,
      0.414,
      0.483,
      0.552,
      0.621,
      0.69,
      0.759,
      0.828,
      0.897,
      0.966,
      1.035,
      1.104,
      1.173,
      1.242,
      1.311,
      1.38,
      1.449,
      1.518,
      1.587,
      1.656,
      1.725,
      1.794,
      1.863,
      1.932
    ],
    "TaskName": "reward",
    "dataset": "MLS",
    "modality": "bold",
    "run_id": 2,
    "session_id": "3",
    "subject_id": "11",
    "task_id": "reward"
  },
  "dummy_trs": 4,
  "dvars_nstd": 14.20078371641379,
  "dvars_std": 1.0629561606206905,
  "dvars_vstd": 1.0100318564827588,
  "efc": 0.5472834613217545,
  "fber": 1240.2320556640625,
  "fd_mean": 0.03909041582481747,
  "fd_num": 0,
  "fd_perc": 0.0,
  "fwhm_avg": 2.2258177000000003,
  "fwhm_x": 2.30416,
  "fwhm_y": 2.5122656,
  "fwhm_z": 1.8610275,
  "gcor": 0.0215593,
  "gsr_x": -0.0015449001220986247,
  "gsr_y": 0.022664403542876244,
  "provenance": {
    "md5sum": "d9e65da2143062b7fcf14d28fdab77e1",
    "settings": {
      "fd_thres": 0.2,
      "testing": false
    },
    "software": "mriqc",
    "version": "23.1.0rc0"
  },
  "size_t": 146,
  "size_x": 64,
  "size_y": 64,
  "size_z": 29,
  "snr": 7.293579631067402,
  "spacing_tr": 1.0,
  "spacing_x": 3.125,
  "spacing_y": 3.125,
  "spacing_z": 4.0,
  "summary_bg_k": 21.48219256262515,
  "summary_bg_mad": 110.4640213310103,
  "summary_bg_mean": 138.32777404785156,
  "summary_bg_median": 74.78082275390625,
  "summary_bg_n": 66946.0,
  "summary_bg_p05": 0.0,
  "summary_bg_p95": 505.9674606323242,
  "summary_bg_stdv": 216.47628784179688,
  "summary_fg_k": 1.2914764937787897,
  "summary_fg_mad": 338.24668326258995,
  "summary_fg_mean": 2675.280029296875,
  "summary_fg_median": 2647.94873046875,
  "summary_fg_n": 23966.0,
  "summary_fg_p05": 2145.34765625,
  "summary_fg_p95": 3301.981201171875,
  "summary_fg_stdv": 363.04443359375,
  "tsnr": 98.08715572860092
}