{
  "aor": 0.0008152,
  "aqi": 0.0037428116000000006,
  "bids_meta": {
    "EchoTime": 0.0036,
    "InstitutionName": "U of M FMRI",
    "Modality": "MR",
    "PatientPosition": "HFS",
    "RepetitionTime": 2.0,
    "SliceTiming": [
      0,
      0.069,
      0.138,
      0.207,
      0.276,
      0.345,
      0.414,
      0.483,
      0.552,
      0.621,
      0.69,
      0.759,
      0.828,
      0.897,
      0.966,
      1.035,
      1.104,
      1.173,
      1.242,
      1.311,
      1.38,
      1.449,
      1.518,
      1.587,
      1.656,
      1.725,
      1.794,
      1.863,
      1.932
    ],
    "TaskName": "reward",
    "dataset": "MLS",
    "modality": "bold",
    "run_id": 2,
    "session_id": "1",
    "subject_id": "93",
    "task_id": "reward"
  },
  "dummy_trs": 0,
  "dvars_nstd": 18.601299893825512,
  "dvars_std": 1.1016434204697985,
  "dvars_vstd": 1.0219642625503351,
  "efc": 0.5765933965988458,
  "fber": 800.030029296875,
  "fd_mean": 0.06414867907253063,
  "fd_num": 0,
  "fd_perc": 0.0,
  "fwhm_avg": 2.4202201999999997,
  "fwhm_x": 2.5410176,
  "fwhm_y": 2.887808,
  "fwhm_z": 1.831835,
  "gcor": 0.0241823,
  "gsr_x": 0.0045483349822461605,
  "gsr_y": 0.04307348281145096,
  "provenance": {
    "md5sum": "cf8474f5b776041f066692e9eb8b3d6a",
    "settings": {
      "fd_thres": 0.2,
      "testing": false
    },
    "software": "mriqc",
    "version": "23.1.0rc0"
  },
  "size_t": 150,
  "size_x": 64,
  "size_y": 64,
  "size_z": 29,
  "snr": 6.513109140533047,
  "spacing_tr": 1.0,
  "spacing_x": 3.125,
  "spacing_y": 3.125,
  "spacing_z": 4.0,
  "summary_bg_k": 20.93812569610513,
  "summary_bg_mad": 139.12739320612263,
  "summary_bg_mean": 167.31851196289062,
  "summary_bg_median": 94.75333404541016,
  "summary_bg_n": 63205.0,
  "summary_bg_p05": 0.0,
  "summary_bg_p95": 579.9360107421868,
  "summary_bg_stdv": 240.35995483398438,
  "summary_fg_k": 1.7886380790760752,
  "summary_fg_mad": 374.15942813865473,
  "summary_fg_mean": 2760.238525390625,
  "summary_fg_median": 2761.38671875,
  "summary_fg_n": 26525.0,
  "summary_fg_p05": 2111.65205078125,
  "summary_fg_p95": 3454.9041015625,
  "summary_fg_stdv": 423.9656677246094,
  "tsnr": 80.85218373686075
}