{
  "aor": 0.0006796,
  "aqi": 0.003581931266666666,
  "bids_meta": {
    "EchoTime": 0.0036,
    "InstitutionName": "U of M FMRI",
    "Modality": "MR",
    "PatientPosition": "HFS",
    "RepetitionTime": 2.0,
    "SliceTiming": [
      0,
      0.069,
      0.138,
      0.207,
      0.276,
      0.345,
      0.414,
      0.483,
      0.552,
      0.621,
      0.69,
      0.759,
      0.828,
      0.897,
      0.966,
      1.035,
      1.104,
      1.173,
      1.242,
      1.311,
      1.38,
      1.449,
      1.518,
      1.587,
      1.656,
      1.725,
      1.794,
      1.863,
      1.932
    ],
    "TaskName": "reward",
    "dataset": "MLS",
    "modality": "bold",
    "run_id": 1,
    "session_id": "1",
    "subject_id": "93",
    "task_id": "reward"
  },
  "dummy_trs": 0,
  "dvars_nstd": 18.420851822818797,
  "dvars_std": 1.0833157691275173,
  "dvars_vstd": 1.0164351115436243,
  "efc": 0.5772346558164898,
  "fber": 791.4534912109375,
  "fd_mean": 0.0547801017754675,
  "fd_num": 0,
  "fd_perc": 0.0,
  "fwhm_avg": 2.3960521999999997,
  "fwhm_x": 2.5148896,
  "fwhm_y": 2.8508319999999996,
  "fwhm_z": 1.822435,
  "gcor": 0.0305032,
  "gsr_x": 0.0028910718392580748,
  "gsr_y": 0.04207618907094002,
  "provenance": {
    "md5sum": "78a5386a11a63be5050c5c54df3f64d9",
    "settings": {
      "fd_thres": 0.2,
      "testing": false
    },
    "software": "mriqc",
    "version": "23.1.0rc0"
  },
  "size_t": 150,
  "size_x": 64,
  "size_y": 64,
  "size_z": 29,
  "snr": 6.5186784353824265,
  "spacing_tr": 1.0,
  "spacing_x": 3.125,
  "spacing_y": 3.125,
  "spacing_z": 4.0,
  "summary_bg_k": 21.30014890277898,
  "summary_bg_mad": 140.38266277103853,
  "summary_bg_mean": 167.11692810058594,
  "summary_bg_median": 95.46666717529297,
  "summary_bg_n": 63160.0,
  "summary_bg_p05": 0.0,
  "summary_bg_p95": 585.9207092285155,
  "summary_bg_stdv": 238.99147033691406,
  "summary_fg_k": 1.883732900424822,
  "summary_fg_mad": 371.4412637441557,
  "summary_fg_mean": 2768.02685546875,
  "summary_fg_median": 2765.3935546875,
  "summary_fg_n": 26532.0,
  "summary_fg_p05": 2119.7119995117187,
  "summary_fg_p95": 3468.866455078125,
  "summary_fg_stdv": 424.2181091308594,
  "tsnr": 81.60903465957381
}