{
  "aor": 0.0020146000000000005,
  "aqi": 0.006568437266666665,
  "bids_meta": {
    "EchoTime": 0.0036,
    "InstitutionName": "U of M FMRI",
    "Modality": "MR",
    "PatientPosition": "HFS",
    "RepetitionTime": 2.0,
    "SliceTiming": [
      0,
      0.069,
      0.138,
      0.207,
      0.276,
      0.345,
      0.414,
      0.483,
      0.552,
      0.621,
      0.69,
      0.759,
      0.828,
      0.897,
      0.966,
      1.035,
      1.104,
      1.173,
      1.242,
      1.311,
      1.38,
      1.449,
      1.518,
      1.587,
      1.656,
      1.725,
      1.794,
      1.863,
      1.932
    ],
    "TaskName": "reward",
    "dataset": "MLS",
    "modality": "bold",
    "run_id": 2,
    "session_id": "2",
    "subject_id": "118",
    "task_id": "reward"
  },
  "dummy_trs": 0,
  "dvars_nstd": 20.087608388523492,
  "dvars_std": 1.055696011409395,
  "dvars_vstd": 1.0239066428859065,
  "efc": 0.6145276560713344,
  "fber": 770.8751220703125,
  "fd_mean": 0.09503058476790259,
  "fd_num": 5,
  "fd_perc": 3.3333333333333335,
  "fwhm_avg": 2.0224001333333335,
  "fwhm_x": 2.0542688,
  "fwhm_y": 2.4210816,
  "fwhm_z": 1.59185,
  "gcor": 0.0107973,
  "gsr_x": 0.004982624668627977,
  "gsr_y": 0.05964355543255806,
  "provenance": {
    "md5sum": "cdb4df781d97e259b0b4163064220611",
    "settings": {
      "fd_thres": 0.2,
      "testing": false
    },
    "software": "mriqc",
    "version": "23.1.0rc0"
  },
  "size_t": 150,
  "size_x": 64,
  "size_y": 64,
  "size_z": 29,
  "snr": 7.5237876052699395,
  "spacing_tr": 1.0,
  "spacing_x": 3.125,
  "spacing_y": 3.125,
  "spacing_z": 4.0,
  "summary_bg_k": 13.416266294770278,
  "summary_bg_mad": 130.13294262510428,
  "summary_bg_mean": 198.16500854492188,
  "summary_bg_median": 88.22666931152344,
  "summary_bg_n": 58523.0,
  "summary_bg_p05": 0.0,
  "summary_bg_p95": 755.5446899414061,
  "summary_bg_stdv": 285.8559265136719,
  "summary_fg_k": 1.9739058531034255,
  "summary_fg_mad": 311.40094138273037,
  "summary_fg_mean": 2555.91064453125,
  "summary_fg_median": 2544.806640625,
  "summary_fg_n": 29754.0,
  "summary_fg_p05": 2052.220361328125,
  "summary_fg_p95": 3107.9236450195312,
  "summary_fg_stdv": 338.2290954589844,
  "tsnr": 69.09383381623775
}