{
  "aor": 0.0010779333333333333,
  "aqi": 0.007115634133333333,
  "bids_meta": {
    "EchoTime": 0.0036,
    "InstitutionName": "U of M FMRI",
    "Modality": "MR",
    "PatientPosition": "HFS",
    "RepetitionTime": 2.0,
    "SliceTiming": [
      0,
      0.069,
      0.138,
      0.207,
      0.276,
      0.345,
      0.414,
      0.483,
      0.552,
      0.621,
      0.69,
      0.759,
      0.828,
      0.897,
      0.966,
      1.035,
      1.104,
      1.173,
      1.242,
      1.311,
      1.38,
      1.449,
      1.518,
      1.587,
      1.656,
      1.725,
      1.794,
      1.863,
      1.932
    ],
    "TaskName": "reward",
    "dataset": "MLS",
    "modality": "bold",
    "run_id": 1,
    "session_id": "2",
    "subject_id": "118",
    "task_id": "reward"
  },
  "dummy_trs": 0,
  "dvars_nstd": 19.802231116644283,
  "dvars_std": 1.0488250995973152,
  "dvars_vstd": 1.0082782284563765,
  "efc": 0.6153158629486087,
  "fber": 739.910400390625,
  "fd_mean": 0.11759616984244728,
  "fd_num": 21,
  "fd_perc": 14.0,
  "fwhm_avg": 2.0750718333333333,
  "fwhm_x": 2.1159168,
  "fwhm_y": 2.5050912,
  "fwhm_z": 1.6042075,
  "gcor": 0.0190305,
  "gsr_x": 0.006261618807911873,
  "gsr_y": 0.05856720730662346,
  "provenance": {
    "md5sum": "919ed9d24833564c7a0857d9b74b80c4",
    "settings": {
      "fd_thres": 0.2,
      "testing": false
    },
    "software": "mriqc",
    "version": "23.1.0rc0"
  },
  "size_t": 150,
  "size_x": 64,
  "size_y": 64,
  "size_z": 29,
  "snr": 7.7517775182553414,
  "spacing_tr": 1.0,
  "spacing_x": 3.125,
  "spacing_y": 3.125,
  "spacing_z": 4.0,
  "summary_bg_k": 14.548577769359653,
  "summary_bg_mad": 131.72427248159698,
  "summary_bg_mean": 196.93310546875,
  "summary_bg_median": 89.2733383178711,
  "summary_bg_n": 58439.0,
  "summary_bg_p05": 0.046666666865348816,
  "summary_bg_p95": 735.2740417480469,
  "summary_bg_stdv": 279.4399719238281,
  "summary_fg_k": 2.218692210366445,
  "summary_fg_mad": 298.2403129494674,
  "summary_fg_mean": 2555.53466796875,
  "summary_fg_median": 2542.830078125,
  "summary_fg_n": 29804.0,
  "summary_fg_p05": 2066.4307250976562,
  "summary_fg_p95": 3088.7404174804688,
  "summary_fg_stdv": 328.0263671875,
  "tsnr": 69.02480451657902
}