{
  "aor": 0.0005201333333333334,
  "aqi": 0.007457520466666667,
  "bids_meta": {
    "EchoTime": 0.0036,
    "InstitutionName": "U of M FMRI",
    "Modality": "MR",
    "PatientPosition": "HFS",
    "RepetitionTime": 2.0,
    "SliceTiming": [
      0,
      0.069,
      0.138,
      0.207,
      0.276,
      0.345,
      0.414,
      0.483,
      0.552,
      0.621,
      0.69,
      0.759,
      0.828,
      0.897,
      0.966,
      1.035,
      1.104,
      1.173,
      1.242,
      1.311,
      1.38,
      1.449,
      1.518,
      1.587,
      1.656,
      1.725,
      1.794,
      1.863,
      1.932
    ],
    "TaskName": "reward",
    "dataset": "MLS",
    "modality": "bold",
    "run_id": 1,
    "session_id": "1",
    "subject_id": "149",
    "task_id": "reward"
  },
  "dummy_trs": 0,
  "dvars_nstd": 19.46432229489932,
  "dvars_std": 1.13163040409396,
  "dvars_vstd": 0.9848340046979875,
  "efc": 0.6013443171090904,
  "fber": 868.4354248046875,
  "fd_mean": 0.1576773538053199,
  "fd_num": 32,
  "fd_perc": 21.333333333333332,
  "fwhm_avg": 2.229292866666667,
  "fwhm_x": 2.3269568,
  "fwhm_y": 2.6034368,
  "fwhm_z": 1.757485,
  "gcor": 0.0221661,
  "gsr_x": 0.005915421061217785,
  "gsr_y": 0.03632858768105507,
  "provenance": {
    "md5sum": "ab6a894365da6bb0a45f44c3d295cd6d",
    "settings": {
      "fd_thres": 0.2,
      "testing": false
    },
    "software": "mriqc",
    "version": "23.1.0rc0"
  },
  "size_t": 150,
  "size_x": 64,
  "size_y": 64,
  "size_z": 29,
  "snr": 8.486455054497513,
  "spacing_tr": 1.0,
  "spacing_x": 3.125,
  "spacing_y": 3.125,
  "spacing_z": 4.0,
  "summary_bg_k": 11.443072380506758,
  "summary_bg_mad": 345.96030463212367,
  "summary_bg_mean": 418.8122253417969,
  "summary_bg_median": 235.0600128173828,
  "summary_bg_n": 59415.0,
  "summary_bg_p05": 0.20666667819023132,
  "summary_bg_p95": 1535.3466552734371,
  "summary_bg_stdv": 570.096923828125,
  "summary_fg_k": 2.8458775785156663,
  "summary_fg_mad": 772.5494123591459,
  "summary_fg_mean": 7095.27197265625,
  "summary_fg_median": 7110.546875,
  "summary_fg_n": 30028.0,
  "summary_fg_p05": 5771.4560546875,
  "summary_fg_p95": 8396.893212890625,
  "summary_fg_stdv": 837.8561401367188,
  "tsnr": 78.488948488608
}