{
  "aor": 0.0005478000000000001,
  "aqi": 0.005879979,
  "bids_meta": {
    "EchoTime": 0.0036,
    "InstitutionName": "U of M FMRI",
    "Modality": "MR",
    "PatientPosition": "HFS",
    "RepetitionTime": 2.0,
    "SliceTiming": [
      0,
      0.069,
      0.138,
      0.207,
      0.276,
      0.345,
      0.414,
      0.483,
      0.552,
      0.621,
      0.69,
      0.759,
      0.828,
      0.897,
      0.966,
      1.035,
      1.104,
      1.173,
      1.242,
      1.311,
      1.38,
      1.449,
      1.518,
      1.587,
      1.656,
      1.725,
      1.794,
      1.863,
      1.932
    ],
    "TaskName": "reward",
    "dataset": "MLS",
    "modality": "bold",
    "run_id": 2,
    "session_id": "1",
    "subject_id": "149",
    "task_id": "reward"
  },
  "dummy_trs": 0,
  "dvars_nstd": 18.701140346308723,
  "dvars_std": 1.134617493221476,
  "dvars_vstd": 1.0015356544295302,
  "efc": 0.6022257605789849,
  "fber": 856.5679321289062,
  "fd_mean": 0.15185752394682397,
  "fd_num": 23,
  "fd_perc": 15.333333333333334,
  "fwhm_avg": 2.1940195,
  "fwhm_x": 2.2701248,
  "fwhm_y": 2.5458912000000002,
  "fwhm_z": 1.7660425,
  "gcor": 0.0243016,
  "gsr_x": 0.005625976249575615,
  "gsr_y": 0.03640274703502655,
  "provenance": {
    "md5sum": "441b2ab502f54d66ece4dbdc24aac4ac",
    "settings": {
      "fd_thres": 0.2,
      "testing": false
    },
    "software": "mriqc",
    "version": "23.1.0rc0"
  },
  "size_t": 150,
  "size_x": 64,
  "size_y": 64,
  "size_z": 29,
  "snr": 8.470941579159744,
  "spacing_tr": 1.0,
  "spacing_x": 3.125,
  "spacing_y": 3.125,
  "spacing_z": 4.0,
  "summary_bg_k": 11.266655037577898,
  "summary_bg_mad": 348.46588655963717,
  "summary_bg_mean": 423.21588134765625,
  "summary_bg_median": 236.510009765625,
  "summary_bg_n": 59402.0,
  "summary_bg_p05": 0.14000000059604645,
  "summary_bg_p95": 1564.3034240722654,
  "summary_bg_stdv": 574.2359619140625,
  "summary_fg_k": 1.9308741903908988,
  "summary_fg_mad": 785.8588077630645,
  "summary_fg_mean": 7062.5146484375,
  "summary_fg_median": 7072.0537109375,
  "summary_fg_n": 30147.0,
  "summary_fg_p05": 5748.47080078125,
  "summary_fg_p95": 8378.88720703125,
  "summary_fg_stdv": 834.8465576171875,
  "tsnr": 85.23350409453269
}