{
  "aor": 0.0036037333333333336,
  "aqi": 0.010138971733333333,
  "bids_meta": {
    "EchoTime": 0.0036,
    "InstitutionName": "U of M FMRI",
    "Modality": "MR",
    "PatientPosition": "HFS",
    "RepetitionTime": 2.0,
    "SliceTiming": [
      0,
      0.069,
      0.138,
      0.207,
      0.276,
      0.345,
      0.414,
      0.483,
      0.552,
      0.621,
      0.69,
      0.759,
      0.828,
      0.897,
      0.966,
      1.035,
      1.104,
      1.173,
      1.242,
      1.311,
      1.38,
      1.449,
      1.518,
      1.587,
      1.656,
      1.725,
      1.794,
      1.863,
      1.932
    ],
    "TaskName": "reward",
    "dataset": "MLS",
    "modality": "bold",
    "run_id": 1,
    "session_id": "1",
    "subject_id": "156",
    "task_id": "reward"
  },
  "dummy_trs": 0,
  "dvars_nstd": 21.568379370201335,
  "dvars_std": 1.076548061744966,
  "dvars_vstd": 0.9625558055033556,
  "efc": 0.5762420922722956,
  "fber": 689.47412109375,
  "fd_mean": 0.17666323162150657,
  "fd_num": 41,
  "fd_perc": 27.333333333333332,
  "fwhm_avg": 2.5981133,
  "fwhm_x": 2.7175776000000003,
  "fwhm_y": 3.0670848,
  "fwhm_z": 2.0096775,
  "gcor": 0.022715,
  "gsr_x": 0.010137149132788181,
  "gsr_y": 0.0340692438185215,
  "provenance": {
    "md5sum": "a79afc6b875f23bd8f7b8f9b436dec98",
    "settings": {
      "fd_thres": 0.2,
      "testing": false
    },
    "software": "mriqc",
    "version": "23.1.0rc0"
  },
  "size_t": 150,
  "size_x": 64,
  "size_y": 64,
  "size_z": 29,
  "snr": 5.953056934895142,
  "spacing_tr": 1.0,
  "spacing_x": 3.125,
  "spacing_y": 3.125,
  "spacing_z": 4.0,
  "summary_bg_k": 16.991594965953883,
  "summary_bg_mad": 173.38539141052323,
  "summary_bg_mean": 198.18446350097656,
  "summary_bg_median": 120.62000274658203,
  "summary_bg_n": 63391.0,
  "summary_bg_p05": 0.06666667014360428,
  "summary_bg_p95": 680.7366943359375,
  "summary_bg_stdv": 265.59649658203125,
  "summary_fg_k": 0.3700851346770002,
  "summary_fg_mad": 489.4860451423031,
  "summary_fg_mean": 3166.247802734375,
  "summary_fg_median": 3146.033447265625,
  "summary_fg_n": 26477.0,
  "summary_fg_p05": 2340.093310546875,
  "summary_fg_p95": 4090.1494140625,
  "summary_fg_stdv": 528.463623046875,
  "tsnr": 53.49787361221388
}