{
  "aor": 0.000611,
  "aqi": 0.004774293133333334,
  "bids_meta": {
    "EchoTime": 0.0036,
    "InstitutionName": "U of M FMRI",
    "Modality": "MR",
    "PatientPosition": "HFS",
    "RepetitionTime": 2.0,
    "SliceTiming": [
      0,
      0.069,
      0.138,
      0.207,
      0.276,
      0.345,
      0.414,
      0.483,
      0.552,
      0.621,
      0.69,
      0.759,
      0.828,
      0.897,
      0.966,
      1.035,
      1.104,
      1.173,
      1.242,
      1.311,
      1.38,
      1.449,
      1.518,
      1.587,
      1.656,
      1.725,
      1.794,
      1.863,
      1.932
    ],
    "TaskName": "reward",
    "dataset": "MLS",
    "modality": "bold",
    "run_id": 2,
    "session_id": "2",
    "subject_id": "158",
    "task_id": "reward"
  },
  "dummy_trs": 0,
  "dvars_nstd": 18.33209124832216,
  "dvars_std": 1.0642581859060405,
  "dvars_vstd": 1.0028893445637583,
  "efc": 0.5625254618241738,
  "fber": 555.4232177734375,
  "fd_mean": 0.05568018657272994,
  "fd_num": 0,
  "fd_perc": 0.0,
  "fwhm_avg": 2.4035318666666665,
  "fwhm_x": 2.5533088,
  "fwhm_y": 2.7495968,
  "fwhm_z": 1.90769,
  "gcor": 0.0650699,
  "gsr_x": 0.01566237024962902,
  "gsr_y": 0.02408755198121071,
  "provenance": {
    "md5sum": "cacd50d3c13e60c52273c1a68e2491e5",
    "settings": {
      "fd_thres": 0.2,
      "testing": false
    },
    "software": "mriqc",
    "version": "23.1.0rc0"
  },
  "size_t": 150,
  "size_x": 64,
  "size_y": 64,
  "size_z": 29,
  "snr": 7.886014350696343,
  "spacing_tr": 1.0,
  "spacing_x": 3.125,
  "spacing_y": 3.125,
  "spacing_z": 4.0,
  "summary_bg_k": 14.313535134010845,
  "summary_bg_mad": 382.51139358324014,
  "summary_bg_mean": 390.7998046875,
  "summary_bg_median": 263.0666809082031,
  "summary_bg_n": 66745.0,
  "summary_bg_p05": 0.02666666731238365,
  "summary_bg_p95": 1264.9373291015597,
  "summary_bg_stdv": 493.5480651855469,
  "summary_fg_k": 1.3785314049082684,
  "summary_fg_mad": 767.6216421924624,
  "summary_fg_mean": 6346.3916015625,
  "summary_fg_median": 6331.59326171875,
  "summary_fg_n": 23619.0,
  "summary_fg_p05": 5116.083349609375,
  "summary_fg_p95": 7665.940087890624,
  "summary_fg_stdv": 802.8718872070312,
  "tsnr": 74.96372632216662
}