{
  "aor": 0.0052634000000000005,
  "aqi": 0.010143484066666668,
  "bids_meta": {
    "EchoTime": 0.0036,
    "InstitutionName": "U of M FMRI",
    "Modality": "MR",
    "PatientPosition": "HFS",
    "RepetitionTime": 2.0,
    "SliceTiming": [
      0,
      0.069,
      0.138,
      0.207,
      0.276,
      0.345,
      0.414,
      0.483,
      0.552,
      0.621,
      0.69,
      0.759,
      0.828,
      0.897,
      0.966,
      1.035,
      1.104,
      1.173,
      1.242,
      1.311,
      1.38,
      1.449,
      1.518,
      1.587,
      1.656,
      1.725,
      1.794,
      1.863,
      1.932
    ],
    "TaskName": "reward",
    "dataset": "MLS",
    "modality": "bold",
    "run_id": 2,
    "session_id": "1",
    "subject_id": "85",
    "task_id": "reward"
  },
  "dummy_trs": 0,
  "dvars_nstd": 21.37526126859061,
  "dvars_std": 1.0798543222147652,
  "dvars_vstd": 1.0266353841610747,
  "efc": 0.587326152973262,
  "fber": 1038.8551025390625,
  "fd_mean": 0.1507370748190197,
  "fd_num": 28,
  "fd_perc": 18.666666666666668,
  "fwhm_avg": 2.2479733,
  "fwhm_x": 2.4021312,
  "fwhm_y": 2.6361312,
  "fwhm_z": 1.7056575,
  "gcor": 0.0367427,
  "gsr_x": -0.0003235625335946679,
  "gsr_y": 0.05519312620162964,
  "provenance": {
    "md5sum": "f7354ba8c98e722aeb9b28b551b66bdf",
    "settings": {
      "fd_thres": 0.2,
      "testing": false
    },
    "software": "mriqc",
    "version": "23.1.0rc0"
  },
  "size_t": 150,
  "size_x": 64,
  "size_y": 64,
  "size_z": 29,
  "snr": 7.1340306289654905,
  "spacing_tr": 1.0,
  "spacing_x": 3.125,
  "spacing_y": 3.125,
  "spacing_z": 4.0,
  "summary_bg_k": 28.623138586343007,
  "summary_bg_mad": 122.1515953475481,
  "summary_bg_mean": 151.34994506835938,
  "summary_bg_median": 85.02667236328125,
  "summary_bg_n": 59970.0,
  "summary_bg_p05": 0.10000000149011612,
  "summary_bg_p95": 496.9743347167965,
  "summary_bg_stdv": 218.43191528320312,
  "summary_fg_k": 1.5256597049661673,
  "summary_fg_mad": 342.4069099711823,
  "summary_fg_mean": 2811.49609375,
  "summary_fg_median": 2803.2333984375,
  "summary_fg_n": 28862.0,
  "summary_fg_p05": 2182.3606079101564,
  "summary_fg_p95": 3448.5040283203116,
  "summary_fg_stdv": 392.9314270019531,
  "tsnr": 56.76241291075712
}