{
  "aor": 0.010337266666666664,
  "aqi": 0.009023326399999998,
  "bids_meta": {
    "EchoTime": 0.0036,
    "InstitutionName": "U of M FMRI",
    "Modality": "MR",
    "PatientPosition": "HFS",
    "RepetitionTime": 2.0,
    "SliceTiming": [
      0,
      0.069,
      0.138,
      0.207,
      0.276,
      0.345,
      0.414,
      0.483,
      0.552,
      0.621,
      0.69,
      0.759,
      0.828,
      0.897,
      0.966,
      1.035,
      1.104,
      1.173,
      1.242,
      1.311,
      1.38,
      1.449,
      1.518,
      1.587,
      1.656,
      1.725,
      1.794,
      1.863,
      1.932
    ],
    "TaskName": "reward",
    "dataset": "MLS",
    "modality": "bold",
    "run_id": 2,
    "session_id": "1",
    "subject_id": "249",
    "task_id": "reward"
  },
  "dummy_trs": 0,
  "dvars_nstd": 27.61453177295303,
  "dvars_std": 1.2325626098657725,
  "dvars_vstd": 1.1100854610738256,
  "efc": 0.5206496223675674,
  "fber": 3243.145751953125,
  "fd_mean": 0.3582896045221837,
  "fd_num": 99,
  "fd_perc": 66.0,
  "fwhm_avg": 2.7551623666666667,
  "fwhm_x": 2.8618176,
  "fwhm_y": 3.262592,
  "fwhm_z": 2.1410775,
  "gcor": 0.0865565,
  "gsr_x": -0.002711700042709708,
  "gsr_y": 0.03973715379834175,
  "provenance": {
    "md5sum": "9aabcb78521ade181b470ac77b87b183",
    "settings": {
      "fd_thres": 0.2,
      "testing": false
    },
    "software": "mriqc",
    "version": "23.1.0rc0"
  },
  "size_t": 150,
  "size_x": 64,
  "size_y": 64,
  "size_z": 29,
  "snr": 6.694217091586861,
  "spacing_tr": 1.0,
  "spacing_x": 3.125,
  "spacing_y": 3.125,
  "spacing_z": 4.0,
  "summary_bg_k": 24.897520583748687,
  "summary_bg_mad": 112.59869514959485,
  "summary_bg_mean": 142.7926483154297,
  "summary_bg_median": 77.85333251953125,
  "summary_bg_n": 66819.0,
  "summary_bg_p05": 0.07999999821186066,
  "summary_bg_p95": 492.55867919921866,
  "summary_bg_stdv": 207.84840393066406,
  "summary_fg_k": 1.0189602500600943,
  "summary_fg_mad": 592.6651693595629,
  "summary_fg_mean": 4401.32958984375,
  "summary_fg_median": 4474.52685546875,
  "summary_fg_n": 23492.0,
  "summary_fg_p05": 3180.2146728515627,
  "summary_fg_p95": 5363.233325195312,
  "summary_fg_stdv": 668.4025268554688,
  "tsnr": 51.51633067848161
}