{
  "aor": 0.008804733333333332,
  "aqi": 0.0093924616,
  "bids_meta": {
    "EchoTime": 0.0036,
    "InstitutionName": "U of M FMRI",
    "Modality": "MR",
    "PatientPosition": "HFS",
    "RepetitionTime": 2.0,
    "SliceTiming": [
      0,
      0.069,
      0.138,
      0.207,
      0.276,
      0.345,
      0.414,
      0.483,
      0.552,
      0.621,
      0.69,
      0.759,
      0.828,
      0.897,
      0.966,
      1.035,
      1.104,
      1.173,
      1.242,
      1.311,
      1.38,
      1.449,
      1.518,
      1.587,
      1.656,
      1.725,
      1.794,
      1.863,
      1.932
    ],
    "TaskName": "reward",
    "dataset": "MLS",
    "modality": "bold",
    "run_id": 1,
    "session_id": "1",
    "subject_id": "249",
    "task_id": "reward"
  },
  "dummy_trs": 0,
  "dvars_nstd": 27.02076041489934,
  "dvars_std": 1.175007334697987,
  "dvars_vstd": 1.0397038544295307,
  "efc": 0.5208690132834923,
  "fber": 3091.66650390625,
  "fd_mean": 0.4043192059212471,
  "fd_num": 106,
  "fd_perc": 70.66666666666667,
  "fwhm_avg": 2.7431490333333333,
  "fwhm_x": 2.8547136,
  "fwhm_y": 3.2359359999999997,
  "fwhm_z": 2.1387975,
  "gcor": 0.121001,
  "gsr_x": -0.0007300225552171469,
  "gsr_y": 0.03902902826666832,
  "provenance": {
    "md5sum": "c799fb0075991944a95951e58407f9c1",
    "settings": {
      "fd_thres": 0.2,
      "testing": false
    },
    "software": "mriqc",
    "version": "23.1.0rc0"
  },
  "size_t": 150,
  "size_x": 64,
  "size_y": 64,
  "size_z": 29,
  "snr": 6.73489326687305,
  "spacing_tr": 1.0,
  "spacing_x": 3.125,
  "spacing_y": 3.125,
  "spacing_z": 4.0,
  "summary_bg_k": 24.77320314918482,
  "summary_bg_mad": 113.71559800663377,
  "summary_bg_mean": 143.37152099609375,
  "summary_bg_median": 79.45333862304688,
  "summary_bg_n": 66821.0,
  "summary_bg_p05": 0.15333333611488342,
  "summary_bg_p95": 493.1400146484375,
  "summary_bg_stdv": 207.72267150878906,
  "summary_fg_k": 0.9575872382450141,
  "summary_fg_mad": 586.4089933965133,
  "summary_fg_mean": 4399.3017578125,
  "summary_fg_median": 4467.63330078125,
  "summary_fg_n": 23402.0,
  "summary_fg_p05": 3192.6697998046875,
  "summary_fg_p95": 5368.8121337890625,
  "summary_fg_stdv": 663.342041015625,
  "tsnr": 51.28061154973693
}