{
  "aor": 0.0009763999999999999,
  "aqi": 0.007782058933333333,
  "bids_meta": {
    "EchoTime": 0.0036,
    "InstitutionName": "U of M FMRI",
    "Modality": "MR",
    "PatientPosition": "HFS",
    "RepetitionTime": 2.0,
    "SliceTiming": [
      0,
      0.069,
      0.138,
      0.207,
      0.276,
      0.345,
      0.414,
      0.483,
      0.552,
      0.621,
      0.69,
      0.759,
      0.828,
      0.897,
      0.966,
      1.035,
      1.104,
      1.173,
      1.242,
      1.311,
      1.38,
      1.449,
      1.518,
      1.587,
      1.656,
      1.725,
      1.794,
      1.863,
      1.932
    ],
    "TaskName": "reward",
    "dataset": "MLS",
    "modality": "bold",
    "run_id": 1,
    "session_id": "1",
    "subject_id": "115",
    "task_id": "reward"
  },
  "dummy_trs": 0,
  "dvars_nstd": 20.492982595234906,
  "dvars_std": 1.0496774941610738,
  "dvars_vstd": 0.994049169261745,
  "efc": 0.583716175174861,
  "fber": 1080.463623046875,
  "fd_mean": 0.10923281038618858,
  "fd_num": 16,
  "fd_perc": 10.666666666666666,
  "fwhm_avg": 2.126528233333333,
  "fwhm_x": 2.1617056,
  "fwhm_y": 2.5285216,
  "fwhm_z": 1.6893575,
  "gcor": 0.0355258,
  "gsr_x": 0.00011676555732265115,
  "gsr_y": 0.04337102174758911,
  "provenance": {
    "md5sum": "cb404846a62cb9f12f32d4e35b0a4c1d",
    "settings": {
      "fd_thres": 0.2,
      "testing": false
    },
    "software": "mriqc",
    "version": "23.1.0rc0"
  },
  "size_t": 150,
  "size_x": 64,
  "size_y": 64,
  "size_z": 29,
  "snr": 7.126466656087193,
  "spacing_tr": 1.0,
  "spacing_x": 3.125,
  "spacing_y": 3.125,
  "spacing_z": 4.0,
  "summary_bg_k": 22.76602900499648,
  "summary_bg_mad": 125.73455471504232,
  "summary_bg_mean": 149.705810546875,
  "summary_bg_median": 86.1866683959961,
  "summary_bg_n": 59847.0,
  "summary_bg_p05": 0.0533333346247673,
  "summary_bg_p95": 533.1513244628906,
  "summary_bg_stdv": 228.04653930664062,
  "summary_fg_k": 2.0820659990705925,
  "summary_fg_mad": 346.85001110207986,
  "summary_fg_mean": 2905.7880859375,
  "summary_fg_median": 2883.626708984375,
  "summary_fg_n": 29016.0,
  "summary_fg_p05": 2320.760009765625,
  "summary_fg_p95": 3598.7501220703125,
  "summary_fg_stdv": 404.6292724609375,
  "tsnr": 71.37912280065939
}