{
  "aor": 0.0036462,
  "aqi": 0.0066386956,
  "bids_meta": {
    "EchoTime": 0.0036,
    "InstitutionName": "U of M FMRI",
    "Modality": "MR",
    "PatientPosition": "HFS",
    "RepetitionTime": 2.0,
    "SliceTiming": [
      0,
      0.069,
      0.138,
      0.207,
      0.276,
      0.345,
      0.414,
      0.483,
      0.552,
      0.621,
      0.69,
      0.759,
      0.828,
      0.897,
      0.966,
      1.035,
      1.104,
      1.173,
      1.242,
      1.311,
      1.38,
      1.449,
      1.518,
      1.587,
      1.656,
      1.725,
      1.794,
      1.863,
      1.932
    ],
    "TaskName": "reward",
    "dataset": "MLS",
    "modality": "bold",
    "run_id": 2,
    "session_id": "1",
    "subject_id": "115",
    "task_id": "reward"
  },
  "dummy_trs": 0,
  "dvars_nstd": 19.965184090067115,
  "dvars_std": 1.1122612800000005,
  "dvars_vstd": 1.0559005034228182,
  "efc": 0.586751274814733,
  "fber": 1031.4693603515625,
  "fd_mean": 0.09515407916877251,
  "fd_num": 9,
  "fd_perc": 6.0,
  "fwhm_avg": 2.1797978666666666,
  "fwhm_x": 2.2200736,
  "fwhm_y": 2.58464,
  "fwhm_z": 1.73468,
  "gcor": 0.0245393,
  "gsr_x": -0.00019027001690119505,
  "gsr_y": 0.04540655016899109,
  "provenance": {
    "md5sum": "79c5a545045da9aeaf9bd3b932473054",
    "settings": {
      "fd_thres": 0.2,
      "testing": false
    },
    "software": "mriqc",
    "version": "23.1.0rc0"
  },
  "size_t": 150,
  "size_x": 64,
  "size_y": 64,
  "size_z": 29,
  "snr": 7.229433509438606,
  "spacing_tr": 1.0,
  "spacing_x": 3.125,
  "spacing_y": 3.125,
  "spacing_z": 4.0,
  "summary_bg_k": 26.136398773205897,
  "summary_bg_mad": 129.26314842986596,
  "summary_bg_mean": 152.56777954101562,
  "summary_bg_median": 87.86666870117188,
  "summary_bg_n": 59745.0,
  "summary_bg_p05": 0.013333333656191826,
  "summary_bg_p95": 556.5466796874998,
  "summary_bg_stdv": 229.35415649414062,
  "summary_fg_k": 1.8450858108981372,
  "summary_fg_mad": 343.4102726053858,
  "summary_fg_mean": 2899.680908203125,
  "summary_fg_median": 2874.6435546875,
  "summary_fg_n": 29142.0,
  "summary_fg_p05": 2324.661328125,
  "summary_fg_p95": 3581.9723876953126,
  "summary_fg_stdv": 397.62371826171875,
  "tsnr": 72.13199434569106
}