{
  "aor": 0.002421,
  "aqi": 0.012653774733333333,
  "bids_meta": {
    "EchoTime": 0.0036,
    "InstitutionName": "U of M FMRI",
    "Modality": "MR",
    "PatientPosition": "HFS",
    "RepetitionTime": 2.0,
    "SliceTiming": [
      0,
      0.069,
      0.138,
      0.207,
      0.276,
      0.345,
      0.414,
      0.483,
      0.552,
      0.621,
      0.69,
      0.759,
      0.828,
      0.897,
      0.966,
      1.035,
      1.104,
      1.173,
      1.242,
      1.311,
      1.38,
      1.449,
      1.518,
      1.587,
      1.656,
      1.725,
      1.794,
      1.863,
      1.932
    ],
    "TaskName": "reward",
    "dataset": "MLS",
    "modality": "bold",
    "run_id": 1,
    "session_id": "1",
    "subject_id": "110",
    "task_id": "reward"
  },
  "dummy_trs": 0,
  "dvars_nstd": 21.102341325234907,
  "dvars_std": 1.0540307421476514,
  "dvars_vstd": 0.9987125693959731,
  "efc": 0.6332495396206834,
  "fber": 778.0906982421875,
  "fd_mean": 0.09279467651111743,
  "fd_num": 10,
  "fd_perc": 6.666666666666667,
  "fwhm_avg": 2.0277906,
  "fwhm_x": 2.1040128,
  "fwhm_y": 2.396944,
  "fwhm_z": 1.582415,
  "gcor": 0.0130318,
  "gsr_x": 0.00802105013281107,
  "gsr_y": 0.04753972962498665,
  "provenance": {
    "md5sum": "13beef8c997017e026f9e05b20a79145",
    "settings": {
      "fd_thres": 0.2,
      "testing": false
    },
    "software": "mriqc",
    "version": "23.1.0rc0"
  },
  "size_t": 150,
  "size_x": 64,
  "size_y": 64,
  "size_z": 29,
  "snr": 7.297677406752088,
  "spacing_tr": 1.0,
  "spacing_x": 3.125,
  "spacing_y": 3.125,
  "spacing_z": 4.0,
  "summary_bg_k": 11.462197275166373,
  "summary_bg_mad": 135.62845725143933,
  "summary_bg_mean": 165.27264404296875,
  "summary_bg_median": 92.02000427246094,
  "summary_bg_n": 53047.0,
  "summary_bg_p05": 0.013333333656191826,
  "summary_bg_p95": 610.6473327636718,
  "summary_bg_stdv": 236.1947479248047,
  "summary_fg_k": 1.1961783452811776,
  "summary_fg_mad": 351.890713859626,
  "summary_fg_mean": 2744.100830078125,
  "summary_fg_median": 2711.4599609375,
  "summary_fg_n": 34793.0,
  "summary_fg_p05": 2206.97197265625,
  "summary_fg_p95": 3372.00283203125,
  "summary_fg_stdv": 371.5457458496094,
  "tsnr": 57.31731400289573
}