{
  "aor": 0.0011107382550335572,
  "aqi": 0.007564222617449664,
  "bids_meta": {
    "EchoTime": 0.0036,
    "InstitutionName": "U of M FMRI",
    "Modality": "MR",
    "PatientPosition": "HFS",
    "RepetitionTime": 2.0,
    "SliceTiming": [
      0,
      0.069,
      0.138,
      0.207,
      0.276,
      0.345,
      0.414,
      0.483,
      0.552,
      0.621,
      0.69,
      0.759,
      0.828,
      0.897,
      0.966,
      1.035,
      1.104,
      1.173,
      1.242,
      1.311,
      1.38,
      1.449,
      1.518,
      1.587,
      1.656,
      1.725,
      1.794,
      1.863,
      1.932
    ],
    "TaskName": "reward",
    "dataset": "MLS",
    "modality": "bold",
    "run_id": 2,
    "session_id": "1",
    "subject_id": "110",
    "task_id": "reward"
  },
  "dummy_trs": 1,
  "dvars_nstd": 20.36962525918918,
  "dvars_std": 1.0594779135135135,
  "dvars_vstd": 0.9938606847972975,
  "efc": 0.6307350008526121,
  "fber": 791.8748168945312,
  "fd_mean": 0.07237993480142552,
  "fd_num": 1,
  "fd_perc": 0.6711409395973155,
  "fwhm_avg": 1.9774776666666665,
  "fwhm_x": 2.0584224,
  "fwhm_y": 2.3155456,
  "fwhm_z": 1.558465,
  "gcor": 0.0144599,
  "gsr_x": 0.00986721646040678,
  "gsr_y": 0.045684173703193665,
  "provenance": {
    "md5sum": "7cc3729f27bccf4e0216839830b549a9",
    "settings": {
      "fd_thres": 0.2,
      "testing": false
    },
    "software": "mriqc",
    "version": "23.1.0rc0"
  },
  "size_t": 149,
  "size_x": 64,
  "size_y": 64,
  "size_z": 29,
  "snr": 7.101393335676242,
  "spacing_tr": 1.0,
  "spacing_x": 3.125,
  "spacing_y": 3.125,
  "spacing_z": 4.0,
  "summary_bg_k": 11.545002327839708,
  "summary_bg_mad": 134.15061989799364,
  "summary_bg_mean": 164.38626098632812,
  "summary_bg_median": 90.86576843261719,
  "summary_bg_n": 53279.0,
  "summary_bg_p05": 0.020134229212999344,
  "summary_bg_p95": 609.744317626953,
  "summary_bg_stdv": 236.8850860595703,
  "summary_fg_k": 1.4272911314374177,
  "summary_fg_mad": 358.65038095693853,
  "summary_fg_mean": 2753.535400390625,
  "summary_fg_median": 2718.463134765625,
  "summary_fg_n": 34645.0,
  "summary_fg_p05": 2206.7275390625,
  "summary_fg_p95": 3402.0068359375,
  "summary_fg_stdv": 382.8014831542969,
  "tsnr": 67.0288779004477
}