{
  "aor": 0.00047200000000000003,
  "aqi": 0.005588489533333334,
  "bids_meta": {
    "EchoTime": 0.0036,
    "InstitutionName": "U of M FMRI",
    "Modality": "MR",
    "PatientPosition": "HFS",
    "RepetitionTime": 2.0,
    "SliceTiming": [
      0,
      0.069,
      0.138,
      0.207,
      0.276,
      0.345,
      0.414,
      0.483,
      0.552,
      0.621,
      0.69,
      0.759,
      0.828,
      0.897,
      0.966,
      1.035,
      1.104,
      1.173,
      1.242,
      1.311,
      1.38,
      1.449,
      1.518,
      1.587,
      1.656,
      1.725,
      1.794,
      1.863,
      1.932
    ],
    "TaskName": "reward",
    "dataset": "MLS",
    "modality": "bold",
    "run_id": 2,
    "session_id": "2",
    "subject_id": "81",
    "task_id": "reward"
  },
  "dummy_trs": 0,
  "dvars_nstd": 16.524285572348997,
  "dvars_std": 1.048823831409396,
  "dvars_vstd": 0.9748944118791945,
  "efc": 0.5178710749123303,
  "fber": 1339.908203125,
  "fd_mean": 0.07830928765335961,
  "fd_num": 0,
  "fd_perc": 0.0,
  "fwhm_avg": 2.3949032999999997,
  "fwhm_x": 2.578992,
  "fwhm_y": 2.7759904,
  "fwhm_z": 1.8297275,
  "gcor": 0.0155405,
  "gsr_x": -0.00022969505516812205,
  "gsr_y": 0.029989764094352722,
  "provenance": {
    "md5sum": "1960b1972f4d9ad2f72c18c180290b2b",
    "settings": {
      "fd_thres": 0.2,
      "testing": false
    },
    "software": "mriqc",
    "version": "23.1.0rc0"
  },
  "size_t": 150,
  "size_x": 64,
  "size_y": 64,
  "size_z": 29,
  "snr": 7.099213074766323,
  "spacing_tr": 1.0,
  "spacing_x": 3.125,
  "spacing_y": 3.125,
  "spacing_z": 4.0,
  "summary_bg_k": 32.77342253350673,
  "summary_bg_mad": 65.41735489479798,
  "summary_bg_mean": 75.9113998413086,
  "summary_bg_median": 46.61000061035156,
  "summary_bg_n": 69762.0,
  "summary_bg_p05": 0.0,
  "summary_bg_p95": 259.9126632690429,
  "summary_bg_stdv": 112.20650482177734,
  "summary_fg_k": 1.6279175407107296,
  "summary_fg_mad": 215.54071776561307,
  "summary_fg_mean": 1729.9805908203125,
  "summary_fg_median": 1739.18994140625,
  "summary_fg_n": 20824.0,
  "summary_fg_p05": 1316.539404296875,
  "summary_fg_p95": 2111.074072265625,
  "summary_fg_stdv": 244.97760009765625,
  "tsnr": 76.24171106494032
}