{
  "aor": 0.0006122666666666667,
  "aqi": 0.005387165066666666,
  "bids_meta": {
    "EchoTime": 0.0036,
    "InstitutionName": "U of M FMRI",
    "Modality": "MR",
    "PatientPosition": "HFS",
    "RepetitionTime": 2.0,
    "SliceTiming": [
      0,
      0.069,
      0.138,
      0.207,
      0.276,
      0.345,
      0.414,
      0.483,
      0.552,
      0.621,
      0.69,
      0.759,
      0.828,
      0.897,
      0.966,
      1.035,
      1.104,
      1.173,
      1.242,
      1.311,
      1.38,
      1.449,
      1.518,
      1.587,
      1.656,
      1.725,
      1.794,
      1.863,
      1.932
    ],
    "TaskName": "reward",
    "dataset": "MLS",
    "modality": "bold",
    "run_id": 2,
    "session_id": "1",
    "subject_id": "164",
    "task_id": "reward"
  },
  "dummy_trs": 0,
  "dvars_nstd": 17.749406302281873,
  "dvars_std": 1.2476865303355709,
  "dvars_vstd": 0.9880452853691275,
  "efc": 0.5423194311613477,
  "fber": 1086.15185546875,
  "fd_mean": 0.10516209333544421,
  "fd_num": 5,
  "fd_perc": 3.3333333333333335,
  "fwhm_avg": 2.3286342999999996,
  "fwhm_x": 2.4065408,
  "fwhm_y": 2.6880896,
  "fwhm_z": 1.8912725,
  "gcor": 0.0178556,
  "gsr_x": -0.004941888619214296,
  "gsr_y": 0.039363522082567215,
  "provenance": {
    "md5sum": "b4d0f1a4e9a6e6302a3107a637b200ab",
    "settings": {
      "fd_thres": 0.2,
      "testing": false
    },
    "software": "mriqc",
    "version": "23.1.0rc0"
  },
  "size_t": 150,
  "size_x": 64,
  "size_y": 64,
  "size_z": 29,
  "snr": 8.80991084328833,
  "spacing_tr": 1.0,
  "spacing_x": 3.125,
  "spacing_y": 3.125,
  "spacing_z": 4.0,
  "summary_bg_k": 43.902544091187444,
  "summary_bg_mad": 335.90825809827413,
  "summary_bg_mean": 395.4950256347656,
  "summary_bg_median": 232.90667724609375,
  "summary_bg_n": 67952.0,
  "summary_bg_p05": 0.08666666597127914,
  "summary_bg_p95": 1362.1133300781246,
  "summary_bg_stdv": 590.2128295898438,
  "summary_fg_k": 1.3111900519809705,
  "summary_fg_mad": 842.3359620973978,
  "summary_fg_mean": 7769.36181640625,
  "summary_fg_median": 7831.8603515625,
  "summary_fg_n": 23023.0,
  "summary_fg_p05": 6235.458740234375,
  "summary_fg_p95": 9077.15947265625,
  "summary_fg_stdv": 888.963623046875,
  "tsnr": 90.17341344058514
}