{
  "aor": 0.007813466666666666,
  "aqi": 0.014681571200000002,
  "bids_meta": {
    "EchoTime": 0.0036,
    "InstitutionName": "U of M FMRI",
    "Modality": "MR",
    "PatientPosition": "HFS",
    "RepetitionTime": 2.0,
    "SliceTiming": [
      0,
      0.069,
      0.138,
      0.207,
      0.276,
      0.345,
      0.414,
      0.483,
      0.552,
      0.621,
      0.69,
      0.759,
      0.828,
      0.897,
      0.966,
      1.035,
      1.104,
      1.173,
      1.242,
      1.311,
      1.38,
      1.449,
      1.518,
      1.587,
      1.656,
      1.725,
      1.794,
      1.863,
      1.932
    ],
    "TaskName": "reward",
    "dataset": "MLS",
    "modality": "bold",
    "run_id": 1,
    "session_id": "1",
    "subject_id": "185",
    "task_id": "reward"
  },
  "dummy_trs": 0,
  "dvars_nstd": 18.8134919938255,
  "dvars_std": 0.9891630923489936,
  "dvars_vstd": 0.9695321073825501,
  "efc": 0.568562319019431,
  "fber": 695.2618408203125,
  "fd_mean": 0.1717173303751377,
  "fd_num": 28,
  "fd_perc": 18.666666666666668,
  "fwhm_avg": 2.6862170666666665,
  "fwhm_x": 2.8938976000000003,
  "fwhm_y": 3.1380736000000002,
  "fwhm_z": 2.02668,
  "gcor": 0.0611332,
  "gsr_x": 0.01712029241025448,
  "gsr_y": 0.021433265879750252,
  "provenance": {
    "md5sum": "9cfca344f0ef527b0a71dbf16c413574",
    "settings": {
      "fd_thres": 0.2,
      "testing": false
    },
    "software": "mriqc",
    "version": "23.1.0rc0"
  },
  "size_t": 150,
  "size_x": 64,
  "size_y": 64,
  "size_z": 29,
  "snr": 6.48028213860846,
  "spacing_tr": 1.0,
  "spacing_x": 3.125,
  "spacing_y": 3.125,
  "spacing_z": 4.0,
  "summary_bg_k": 29.166656524141203,
  "summary_bg_mad": 154.6947195933807,
  "summary_bg_mean": 165.04437255859375,
  "summary_bg_median": 106.51333618164062,
  "summary_bg_n": 64013.0,
  "summary_bg_p05": 0.14000000059604645,
  "summary_bg_p95": 537.1000122070307,
  "summary_bg_stdv": 227.4464874267578,
  "summary_fg_k": 1.476160809944382,
  "summary_fg_mad": 390.0628344798098,
  "summary_fg_mean": 2876.112060546875,
  "summary_fg_median": 2882.9833984375,
  "summary_fg_n": 25464.0,
  "summary_fg_p05": 2140.3686401367186,
  "summary_fg_p95": 3568.652355957031,
  "summary_fg_stdv": 444.8767395019531,
  "tsnr": 44.60411044978537
}