{
  "aor": 0.004484066666666667,
  "aqi": 0.0046404632,
  "bids_meta": {
    "EchoTime": 0.0036,
    "InstitutionName": "U of M FMRI",
    "Modality": "MR",
    "PatientPosition": "HFS",
    "RepetitionTime": 2.0,
    "SliceTiming": [
      0,
      0.069,
      0.138,
      0.207,
      0.276,
      0.345,
      0.414,
      0.483,
      0.552,
      0.621,
      0.69,
      0.759,
      0.828,
      0.897,
      0.966,
      1.035,
      1.104,
      1.173,
      1.242,
      1.311,
      1.38,
      1.449,
      1.518,
      1.587,
      1.656,
      1.725,
      1.794,
      1.863,
      1.932
    ],
    "TaskName": "reward",
    "dataset": "MLS",
    "modality": "bold",
    "run_id": 2,
    "session_id": "1",
    "subject_id": "185",
    "task_id": "reward"
  },
  "dummy_trs": 0,
  "dvars_nstd": 15.858459543221466,
  "dvars_std": 1.1054261091946302,
  "dvars_vstd": 1.0489112418791946,
  "efc": 0.5722386172549754,
  "fber": 692.9583740234375,
  "fd_mean": 0.09452172574661778,
  "fd_num": 10,
  "fd_perc": 6.666666666666667,
  "fwhm_avg": 2.702000566666667,
  "fwhm_x": 2.8976736,
  "fwhm_y": 3.1525056,
  "fwhm_z": 2.0558225,
  "gcor": 0.012997,
  "gsr_x": 0.01741602085530758,
  "gsr_y": 0.02279437519609928,
  "provenance": {
    "md5sum": "cc104aa9d38fc90ba9d510302a4551fa",
    "settings": {
      "fd_thres": 0.2,
      "testing": false
    },
    "software": "mriqc",
    "version": "23.1.0rc0"
  },
  "size_t": 150,
  "size_x": 64,
  "size_y": 64,
  "size_z": 29,
  "snr": 6.636356123199295,
  "spacing_tr": 1.0,
  "spacing_x": 3.125,
  "spacing_y": 3.125,
  "spacing_z": 4.0,
  "summary_bg_k": 22.19659670317081,
  "summary_bg_mad": 156.90379382014402,
  "summary_bg_mean": 171.08721923828125,
  "summary_bg_median": 107.17666625976562,
  "summary_bg_n": 64092.0,
  "summary_bg_p05": 0.02666666731238365,
  "summary_bg_p95": 593.956362915039,
  "summary_bg_stdv": 232.59063720703125,
  "summary_fg_k": 1.5492951267660633,
  "summary_fg_mad": 375.96815940961966,
  "summary_fg_mean": 2880.32958984375,
  "summary_fg_median": 2886.3466796875,
  "summary_fg_n": 25357.0,
  "summary_fg_p05": 2151.96279296875,
  "summary_fg_p95": 3549.59599609375,
  "summary_fg_stdv": 434.9208679199219,
  "tsnr": 75.97307393699884
}