{
  "aor": 0.000908,
  "aqi": 0.0028572123999999997,
  "bids_meta": {
    "EchoTime": 0.0036,
    "InstitutionName": "U of M FMRI",
    "Modality": "MR",
    "PatientPosition": "HFS",
    "RepetitionTime": 2.0,
    "SliceTiming": [
      0,
      0.069,
      0.138,
      0.207,
      0.276,
      0.345,
      0.414,
      0.483,
      0.552,
      0.621,
      0.69,
      0.759,
      0.828,
      0.897,
      0.966,
      1.035,
      1.104,
      1.173,
      1.242,
      1.311,
      1.38,
      1.449,
      1.518,
      1.587,
      1.656,
      1.725,
      1.794,
      1.863,
      1.932
    ],
    "TaskName": "reward",
    "dataset": "MLS",
    "modality": "bold",
    "run_id": 1,
    "session_id": "2",
    "subject_id": "94",
    "task_id": "reward"
  },
  "dummy_trs": 0,
  "dvars_nstd": 16.45436330422818,
  "dvars_std": 1.1764912724161076,
  "dvars_vstd": 1.002246032013423,
  "efc": 0.5264513875562048,
  "fber": 1508.4747314453125,
  "fd_mean": 0.05557040246501281,
  "fd_num": 4,
  "fd_perc": 2.6666666666666665,
  "fwhm_avg": 2.3435796666666664,
  "fwhm_x": 2.4968128,
  "fwhm_y": 2.7097312,
  "fwhm_z": 1.824195,
  "gcor": 0.0317364,
  "gsr_x": 0.0018193103605881333,
  "gsr_y": 0.028410302475094795,
  "provenance": {
    "md5sum": "6f7cda41fd44eaa87db01f7d2daa9438",
    "settings": {
      "fd_thres": 0.2,
      "testing": false
    },
    "software": "mriqc",
    "version": "23.1.0rc0"
  },
  "size_t": 150,
  "size_x": 64,
  "size_y": 64,
  "size_z": 29,
  "snr": 6.897542493458953,
  "spacing_tr": 1.0,
  "spacing_x": 3.125,
  "spacing_y": 3.125,
  "spacing_z": 4.0,
  "summary_bg_k": 29.724420409480196,
  "summary_bg_mad": 115.21796788238727,
  "summary_bg_mean": 137.65890502929688,
  "summary_bg_median": 82.66667175292969,
  "summary_bg_n": 68009.0,
  "summary_bg_p05": 0.0,
  "summary_bg_p95": 470.3026672363279,
  "summary_bg_stdv": 205.58267211914062,
  "summary_fg_k": 0.7123070087361758,
  "summary_fg_mad": 443.83195939574716,
  "summary_fg_mean": 3244.54736328125,
  "summary_fg_median": 3239.746826171875,
  "summary_fg_n": 22675.0,
  "summary_fg_p05": 2481.1254150390623,
  "summary_fg_p95": 4012.280151367187,
  "summary_fg_stdv": 469.6854553222656,
  "tsnr": 96.52649921737611
}