{
  "aor": 0.0004710000000000001,
  "aqi": 0.002609167133333333,
  "bids_meta": {
    "EchoTime": 0.0036,
    "InstitutionName": "U of M FMRI",
    "Modality": "MR",
    "PatientPosition": "HFS",
    "RepetitionTime": 2.0,
    "SliceTiming": [
      0,
      0.069,
      0.138,
      0.207,
      0.276,
      0.345,
      0.414,
      0.483,
      0.552,
      0.621,
      0.69,
      0.759,
      0.828,
      0.897,
      0.966,
      1.035,
      1.104,
      1.173,
      1.242,
      1.311,
      1.38,
      1.449,
      1.518,
      1.587,
      1.656,
      1.725,
      1.794,
      1.863,
      1.932
    ],
    "TaskName": "reward",
    "dataset": "MLS",
    "modality": "bold",
    "run_id": 2,
    "session_id": "2",
    "subject_id": "94",
    "task_id": "reward"
  },
  "dummy_trs": 0,
  "dvars_nstd": 16.848820583758393,
  "dvars_std": 1.192688036845637,
  "dvars_vstd": 0.9997783541610739,
  "efc": 0.5251730520369705,
  "fber": 1505.7406005859375,
  "fd_mean": 0.044337574415921066,
  "fd_num": 0,
  "fd_perc": 0.0,
  "fwhm_avg": 2.2867071333333335,
  "fwhm_x": 2.4144256,
  "fwhm_y": 2.6503807999999998,
  "fwhm_z": 1.795315,
  "gcor": 0.024877,
  "gsr_x": 0.001959895947948098,
  "gsr_y": 0.027204126119613647,
  "provenance": {
    "md5sum": "66c6cccce6ac7286213e207c0f32c631",
    "settings": {
      "fd_thres": 0.2,
      "testing": false
    },
    "software": "mriqc",
    "version": "23.1.0rc0"
  },
  "size_t": 150,
  "size_x": 64,
  "size_y": 64,
  "size_z": 29,
  "snr": 6.730771744942275,
  "spacing_tr": 1.0,
  "spacing_x": 3.125,
  "spacing_y": 3.125,
  "spacing_z": 4.0,
  "summary_bg_k": 27.738432442975625,
  "summary_bg_mad": 120.91115850679644,
  "summary_bg_mean": 137.26123046875,
  "summary_bg_median": 82.61333465576172,
  "summary_bg_n": 68059.0,
  "summary_bg_p05": 0.0,
  "summary_bg_p95": 454.09602050781245,
  "summary_bg_stdv": 207.62344360351562,
  "summary_fg_k": 0.7962269860401436,
  "summary_fg_mad": 455.4057401420159,
  "summary_fg_mean": 3248.822998046875,
  "summary_fg_median": 3242.02001953125,
  "summary_fg_n": 22657.0,
  "summary_fg_p05": 2470.65341796875,
  "summary_fg_p95": 4039.89072265625,
  "summary_fg_stdv": 481.6607360839844,
  "tsnr": 101.84515393106267
}