{
  "aor": 0.0009014666666666667,
  "aqi": 0.004702909333333333,
  "bids_meta": {
    "EchoTime": 0.0036,
    "InstitutionName": "U of M FMRI",
    "Modality": "MR",
    "PatientPosition": "HFS",
    "RepetitionTime": 2.0,
    "SliceTiming": [
      0,
      0.069,
      0.138,
      0.207,
      0.276,
      0.345,
      0.414,
      0.483,
      0.552,
      0.621,
      0.69,
      0.759,
      0.828,
      0.897,
      0.966,
      1.035,
      1.104,
      1.173,
      1.242,
      1.311,
      1.38,
      1.449,
      1.518,
      1.587,
      1.656,
      1.725,
      1.794,
      1.863,
      1.932
    ],
    "TaskName": "reward",
    "dataset": "MLS",
    "modality": "bold",
    "run_id": 2,
    "session_id": "2",
    "subject_id": "131",
    "task_id": "reward"
  },
  "dummy_trs": 0,
  "dvars_nstd": 15.934381779463093,
  "dvars_std": 1.0385303634228196,
  "dvars_vstd": 0.9960201046308723,
  "efc": 0.5155508901858328,
  "fber": 994.604736328125,
  "fd_mean": 0.10053472353259145,
  "fd_num": 12,
  "fd_perc": 8.0,
  "fwhm_avg": 2.4634025666666672,
  "fwhm_x": 2.4407104,
  "fwhm_y": 2.9280448000000003,
  "fwhm_z": 2.0214525,
  "gcor": 0.0232529,
  "gsr_x": 0.0009425022872164845,
  "gsr_y": 0.04067859798669815,
  "provenance": {
    "md5sum": "80123c062a642007b7364eb5f4ada4ae",
    "settings": {
      "fd_thres": 0.2,
      "testing": false
    },
    "software": "mriqc",
    "version": "23.1.0rc0"
  },
  "size_t": 150,
  "size_x": 64,
  "size_y": 64,
  "size_z": 29,
  "snr": 8.426121911668194,
  "spacing_tr": 1.0,
  "spacing_x": 3.125,
  "spacing_y": 3.125,
  "spacing_z": 4.0,
  "summary_bg_k": 18.674354194997132,
  "summary_bg_mad": 289.6955468343409,
  "summary_bg_mean": 369.2937316894531,
  "summary_bg_median": 250.77999877929688,
  "summary_bg_n": 71072.0,
  "summary_bg_p05": 0.06000000238418579,
  "summary_bg_p95": 1197.301043701171,
  "summary_bg_stdv": 507.8403015136719,
  "summary_fg_k": 1.3497495536555792,
  "summary_fg_mad": 886.0133655404237,
  "summary_fg_mean": 7945.08837890625,
  "summary_fg_median": 7965.17333984375,
  "summary_fg_n": 20541.0,
  "summary_fg_p05": 6361.76025390625,
  "summary_fg_p95": 9401.947265625,
  "summary_fg_stdv": 945.2722778320312,
  "tsnr": 82.16263294918463
}