{
  "aor": 0.0006866666666666667,
  "aqi": 0.0024062468027210883,
  "bids_meta": {
    "EchoTime": 0.0036,
    "InstitutionName": "U of M FMRI",
    "Modality": "MR",
    "PatientPosition": "HFS",
    "RepetitionTime": 2.0,
    "SliceTiming": [
      0,
      0.069,
      0.138,
      0.207,
      0.276,
      0.345,
      0.414,
      0.483,
      0.552,
      0.621,
      0.69,
      0.759,
      0.828,
      0.897,
      0.966,
      1.035,
      1.104,
      1.173,
      1.242,
      1.311,
      1.38,
      1.449,
      1.518,
      1.587,
      1.656,
      1.725,
      1.794,
      1.863,
      1.932
    ],
    "TaskName": "reward",
    "dataset": "MLS",
    "modality": "bold",
    "run_id": 2,
    "session_id": "1",
    "subject_id": "26",
    "task_id": "reward"
  },
  "dummy_trs": 3,
  "dvars_nstd": 16.108409247808225,
  "dvars_std": 1.062981932191781,
  "dvars_vstd": 1.0065765932191781,
  "efc": 0.5786620607643672,
  "fber": 885.8627319335938,
  "fd_mean": 0.039268752826633876,
  "fd_num": 0,
  "fd_perc": 0.0,
  "fwhm_avg": 2.5546086000000003,
  "fwhm_x": 2.653936,
  "fwhm_y": 3.0400448,
  "fwhm_z": 1.969845,
  "gcor": 0.0212776,
  "gsr_x": -0.00143204175401479,
  "gsr_y": 0.037973981350660324,
  "provenance": {
    "md5sum": "3506807af9eb7203870188d0a2017593",
    "settings": {
      "fd_thres": 0.2,
      "testing": false
    },
    "software": "mriqc",
    "version": "23.1.0rc0"
  },
  "size_t": 147,
  "size_x": 64,
  "size_y": 64,
  "size_z": 29,
  "snr": 5.840707847625305,
  "spacing_tr": 1.0,
  "spacing_x": 3.125,
  "spacing_y": 3.125,
  "spacing_z": 4.0,
  "summary_bg_k": 14.599654525506576,
  "summary_bg_mad": 149.8789796275238,
  "summary_bg_mean": 189.95437622070312,
  "summary_bg_median": 101.39115905761719,
  "summary_bg_n": 62380.0,
  "summary_bg_p05": 0.0,
  "summary_bg_p95": 673.5316009521483,
  "summary_bg_stdv": 258.37115478515625,
  "summary_fg_k": 0.9712337622696667,
  "summary_fg_mad": 475.2597963644892,
  "summary_fg_mean": 3109.53076171875,
  "summary_fg_median": 3093.88427734375,
  "summary_fg_n": 26813.0,
  "summary_fg_p05": 2271.976904296875,
  "summary_fg_p95": 4007.073339843749,
  "summary_fg_stdv": 529.7006225585938,
  "tsnr": 90.1333232105244
}