{
  "aor": 0.0006875999999999999,
  "aqi": 0.0027245970666666666,
  "bids_meta": {
    "EchoTime": 0.0036,
    "InstitutionName": "U of M FMRI",
    "Modality": "MR",
    "PatientPosition": "HFS",
    "RepetitionTime": 2.0,
    "SliceTiming": [
      0,
      0.069,
      0.138,
      0.207,
      0.276,
      0.345,
      0.414,
      0.483,
      0.552,
      0.621,
      0.69,
      0.759,
      0.828,
      0.897,
      0.966,
      1.035,
      1.104,
      1.173,
      1.242,
      1.311,
      1.38,
      1.449,
      1.518,
      1.587,
      1.656,
      1.725,
      1.794,
      1.863,
      1.932
    ],
    "TaskName": "reward",
    "dataset": "MLS",
    "modality": "bold",
    "run_id": 1,
    "session_id": "1",
    "subject_id": "26",
    "task_id": "reward"
  },
  "dummy_trs": 0,
  "dvars_nstd": 16.25324151993288,
  "dvars_std": 1.054006101744967,
  "dvars_vstd": 1.0134110245637584,
  "efc": 0.5786572716285954,
  "fber": 868.5,
  "fd_mean": 0.03749732773790071,
  "fd_num": 0,
  "fd_perc": 0.0,
  "fwhm_avg": 2.5482286,
  "fwhm_x": 2.6466719999999997,
  "fwhm_y": 3.0266688,
  "fwhm_z": 1.971345,
  "gcor": 0.0375031,
  "gsr_x": -0.00164771918207407,
  "gsr_y": 0.03810308501124382,
  "provenance": {
    "md5sum": "7e9446f4d5bb14eadb1a86569b819498",
    "settings": {
      "fd_thres": 0.2,
      "testing": false
    },
    "software": "mriqc",
    "version": "23.1.0rc0"
  },
  "size_t": 150,
  "size_x": 64,
  "size_y": 64,
  "size_z": 29,
  "snr": 5.887022204217743,
  "spacing_tr": 1.0,
  "spacing_x": 3.125,
  "spacing_y": 3.125,
  "spacing_z": 4.0,
  "summary_bg_k": 14.676202763217624,
  "summary_bg_mad": 150.99810132216982,
  "summary_bg_mean": 190.34661865234375,
  "summary_bg_median": 102.2733383178711,
  "summary_bg_n": 62515.0,
  "summary_bg_p05": 0.0,
  "summary_bg_p95": 672.7453491210921,
  "summary_bg_stdv": 258.67498779296875,
  "summary_fg_k": 0.8996575906039141,
  "summary_fg_mad": 474.65006896286013,
  "summary_fg_mean": 3110.8095703125,
  "summary_fg_median": 3098.0634765625,
  "summary_fg_n": 26742.0,
  "summary_fg_p05": 2272.9911254882813,
  "summary_fg_p95": 4002.4877807617163,
  "summary_fg_stdv": 526.2432250976562,
  "tsnr": 84.56346378894523
}