{
  "aor": 0.0009216666666666668,
  "aqi": 0.003417739733333333,
  "bids_meta": {
    "EchoTime": 0.0036,
    "InstitutionName": "U of M FMRI",
    "Modality": "MR",
    "PatientPosition": "HFS",
    "RepetitionTime": 2.0,
    "SliceTiming": [
      0,
      0.069,
      0.138,
      0.207,
      0.276,
      0.345,
      0.414,
      0.483,
      0.552,
      0.621,
      0.69,
      0.759,
      0.828,
      0.897,
      0.966,
      1.035,
      1.104,
      1.173,
      1.242,
      1.311,
      1.38,
      1.449,
      1.518,
      1.587,
      1.656,
      1.725,
      1.794,
      1.863,
      1.932
    ],
    "TaskName": "reward",
    "dataset": "MLS",
    "modality": "bold",
    "run_id": 2,
    "session_id": "2",
    "subject_id": "67",
    "task_id": "reward"
  },
  "dummy_trs": 0,
  "dvars_nstd": 14.626981767181213,
  "dvars_std": 1.0975574006711408,
  "dvars_vstd": 1.0032610854362414,
  "efc": 0.6094543851177536,
  "fber": 804.3037109375,
  "fd_mean": 0.05748235904973123,
  "fd_num": 1,
  "fd_perc": 0.6666666666666666,
  "fwhm_avg": 2.5587704,
  "fwhm_x": 2.7157472,
  "fwhm_y": 2.982144,
  "fwhm_z": 1.97842,
  "gcor": 0.0451822,
  "gsr_x": 0.0003593597502913326,
  "gsr_y": 0.048468612134456635,
  "provenance": {
    "md5sum": "08707fac07932d65f849d40c575af44a",
    "settings": {
      "fd_thres": 0.2,
      "testing": false
    },
    "software": "mriqc",
    "version": "23.1.0rc0"
  },
  "size_t": 150,
  "size_x": 64,
  "size_y": 64,
  "size_z": 29,
  "snr": 7.4160453313017,
  "spacing_tr": 1.0,
  "spacing_x": 3.125,
  "spacing_y": 3.125,
  "spacing_z": 4.0,
  "summary_bg_k": 10.817129761073346,
  "summary_bg_mad": 161.72225200235698,
  "summary_bg_mean": 174.4354248046875,
  "summary_bg_median": 111.61333465576172,
  "summary_bg_n": 56706.0,
  "summary_bg_p05": 0.006666666828095913,
  "summary_bg_p95": 610.6916809082031,
  "summary_bg_stdv": 227.40943908691406,
  "summary_fg_k": 0.9020948660690329,
  "summary_fg_mad": 410.74994954161195,
  "summary_fg_mean": 3289.5341796875,
  "summary_fg_median": 3305.02001953125,
  "summary_fg_n": 31645.0,
  "summary_fg_p05": 2542.08798828125,
  "summary_fg_p95": 3994.246826171875,
  "summary_fg_stdv": 445.6509704589844,
  "tsnr": 91.18854432576336
}