{
  "aor": 0.0006880000000000001,
  "aqi": 0.0044657585999999996,
  "bids_meta": {
    "EchoTime": 0.0036,
    "InstitutionName": "U of M FMRI",
    "Modality": "MR",
    "PatientPosition": "HFS",
    "RepetitionTime": 2.0,
    "SliceTiming": [
      0,
      0.069,
      0.138,
      0.207,
      0.276,
      0.345,
      0.414,
      0.483,
      0.552,
      0.621,
      0.69,
      0.759,
      0.828,
      0.897,
      0.966,
      1.035,
      1.104,
      1.173,
      1.242,
      1.311,
      1.38,
      1.449,
      1.518,
      1.587,
      1.656,
      1.725,
      1.794,
      1.863,
      1.932
    ],
    "TaskName": "reward",
    "dataset": "MLS",
    "modality": "bold",
    "run_id": 2,
    "session_id": "1",
    "subject_id": "39",
    "task_id": "reward"
  },
  "dummy_trs": 0,
  "dvars_nstd": 19.818758664026845,
  "dvars_std": 1.1118176246308715,
  "dvars_vstd": 1.0110197713422815,
  "efc": 0.5633925985087249,
  "fber": 1075.8626708984375,
  "fd_mean": 0.0743071731798311,
  "fd_num": 1,
  "fd_perc": 0.6666666666666666,
  "fwhm_avg": 2.3358565666666666,
  "fwhm_x": 2.4769056000000003,
  "fwhm_y": 2.6978016,
  "fwhm_z": 1.8328625,
  "gcor": 0.0317083,
  "gsr_x": 0.007167033851146698,
  "gsr_y": 0.03277929499745369,
  "provenance": {
    "md5sum": "f113b35c03db28a1b8adfe87587e0989",
    "settings": {
      "fd_thres": 0.2,
      "testing": false
    },
    "software": "mriqc",
    "version": "23.1.0rc0"
  },
  "size_t": 150,
  "size_x": 64,
  "size_y": 64,
  "size_z": 29,
  "snr": 6.871608129013088,
  "spacing_tr": 1.0,
  "spacing_x": 3.125,
  "spacing_y": 3.125,
  "spacing_z": 4.0,
  "summary_bg_k": 13.660951742335744,
  "summary_bg_mad": 138.3465533359449,
  "summary_bg_mean": 173.79441833496094,
  "summary_bg_median": 94.17333221435547,
  "summary_bg_n": 64941.0,
  "summary_bg_p05": 0.006666666828095913,
  "summary_bg_p95": 634.6199951171875,
  "summary_bg_stdv": 236.41702270507812,
  "summary_fg_k": 1.136160342168509,
  "summary_fg_mad": 400.35689351135034,
  "summary_fg_mean": 3113.365478515625,
  "summary_fg_median": 3111.916748046875,
  "summary_fg_n": 25620.0,
  "summary_fg_p05": 2372.4314453125,
  "summary_fg_p95": 3856.3647705078124,
  "summary_fg_stdv": 452.8570251464844,
  "tsnr": 78.3601798103191
}