{
  "aor": 0.0014561333333333335,
  "aqi": 0.0054205902666666665,
  "bids_meta": {
    "EchoTime": 0.0036,
    "InstitutionName": "U of M FMRI",
    "Modality": "MR",
    "PatientPosition": "HFS",
    "RepetitionTime": 2.0,
    "SliceTiming": [
      0,
      0.069,
      0.138,
      0.207,
      0.276,
      0.345,
      0.414,
      0.483,
      0.552,
      0.621,
      0.69,
      0.759,
      0.828,
      0.897,
      0.966,
      1.035,
      1.104,
      1.173,
      1.242,
      1.311,
      1.38,
      1.449,
      1.518,
      1.587,
      1.656,
      1.725,
      1.794,
      1.863,
      1.932
    ],
    "TaskName": "reward",
    "dataset": "MLS",
    "modality": "bold",
    "run_id": 1,
    "session_id": "1",
    "subject_id": "39",
    "task_id": "reward"
  },
  "dummy_trs": 0,
  "dvars_nstd": 21.198713968120803,
  "dvars_std": 1.102170088053691,
  "dvars_vstd": 1.0185964604026847,
  "efc": 0.5657895306515145,
  "fber": 972.272705078125,
  "fd_mean": 0.09004589750730993,
  "fd_num": 3,
  "fd_perc": 2.0,
  "fwhm_avg": 2.390073033333333,
  "fwhm_x": 2.55096,
  "fwhm_y": 2.7593216000000003,
  "fwhm_z": 1.8599375,
  "gcor": 0.0245315,
  "gsr_x": 0.006899775937199593,
  "gsr_y": 0.034306809306144714,
  "provenance": {
    "md5sum": "714327c9db47fcff1ef4fdeb131fb77a",
    "settings": {
      "fd_thres": 0.2,
      "testing": false
    },
    "software": "mriqc",
    "version": "23.1.0rc0"
  },
  "size_t": 150,
  "size_x": 64,
  "size_y": 64,
  "size_z": 29,
  "snr": 6.995530029412154,
  "spacing_tr": 1.0,
  "spacing_x": 3.125,
  "spacing_y": 3.125,
  "spacing_z": 4.0,
  "summary_bg_k": 14.11262624249332,
  "summary_bg_mad": 143.2391467722159,
  "summary_bg_mean": 175.55970764160156,
  "summary_bg_median": 98.6933364868164,
  "summary_bg_n": 64883.0,
  "summary_bg_p05": 0.013333333656191826,
  "summary_bg_p95": 629.011352539062,
  "summary_bg_stdv": 233.87843322753906,
  "summary_fg_k": 0.9422046148892296,
  "summary_fg_mad": 399.44257388148094,
  "summary_fg_mean": 3115.933837890625,
  "summary_fg_median": 3115.44677734375,
  "summary_fg_n": 25679.0,
  "summary_fg_p05": 2381.5567138671877,
  "summary_fg_p95": 3842.922729492187,
  "summary_fg_stdv": 445.33953857421875,
  "tsnr": 70.11083793942817
}