{
  "aor": 0.0009034666666666665,
  "aqi": 0.003475881,
  "bids_meta": {
    "EchoTime": 0.0036,
    "InstitutionName": "U of M FMRI",
    "Modality": "MR",
    "PatientPosition": "HFS",
    "RepetitionTime": 2.0,
    "SliceTiming": [
      0,
      0.069,
      0.138,
      0.207,
      0.276,
      0.345,
      0.414,
      0.483,
      0.552,
      0.621,
      0.69,
      0.759,
      0.828,
      0.897,
      0.966,
      1.035,
      1.104,
      1.173,
      1.242,
      1.311,
      1.38,
      1.449,
      1.518,
      1.587,
      1.656,
      1.725,
      1.794,
      1.863,
      1.932
    ],
    "TaskName": "reward",
    "dataset": "MLS",
    "modality": "bold",
    "run_id": 2,
    "session_id": "2",
    "subject_id": "60",
    "task_id": "reward"
  },
  "dummy_trs": 0,
  "dvars_nstd": 20.954792009798663,
  "dvars_std": 1.1817768548993293,
  "dvars_vstd": 1.0141027270469796,
  "efc": 0.5971146615150043,
  "fber": 579.0069580078125,
  "fd_mean": 0.06795106189294493,
  "fd_num": 1,
  "fd_perc": 0.6666666666666666,
  "fwhm_avg": 2.4275245333333335,
  "fwhm_x": 2.5769248,
  "fwhm_y": 2.8590688,
  "fwhm_z": 1.84658,
  "gcor": 0.0132303,
  "gsr_x": 0.010816958732903004,
  "gsr_y": 0.043462272733449936,
  "provenance": {
    "md5sum": "0a55b30101e9faa86c94173a1fe4ec7f",
    "settings": {
      "fd_thres": 0.2,
      "testing": false
    },
    "software": "mriqc",
    "version": "23.1.0rc0"
  },
  "size_t": 150,
  "size_x": 64,
  "size_y": 64,
  "size_z": 29,
  "snr": 6.21095274962677,
  "spacing_tr": 1.0,
  "spacing_x": 3.125,
  "spacing_y": 3.125,
  "spacing_z": 4.0,
  "summary_bg_k": 14.636137371678977,
  "summary_bg_mad": 127.49390842096247,
  "summary_bg_mean": 160.371337890625,
  "summary_bg_median": 86.32666778564453,
  "summary_bg_n": 61399.0,
  "summary_bg_p05": 0.0,
  "summary_bg_p95": 590.1633666992187,
  "summary_bg_stdv": 225.6643524169922,
  "summary_fg_k": 1.2195792622397637,
  "summary_fg_mad": 304.47712386889145,
  "summary_fg_mean": 2134.941650390625,
  "summary_fg_median": 2134.14990234375,
  "summary_fg_n": 27350.0,
  "summary_fg_p05": 1588.5387084960937,
  "summary_fg_p95": 2704.7573242187495,
  "summary_fg_stdv": 343.60443115234375,
  "tsnr": 79.766857692739
}