{
  "aor": 0.0004692666666666666,
  "aqi": 0.0064529901333333336,
  "bids_meta": {
    "EchoTime": 0.0036,
    "InstitutionName": "U of M FMRI",
    "Modality": "MR",
    "PatientPosition": "HFS",
    "RepetitionTime": 2.0,
    "SliceTiming": [
      0,
      0.069,
      0.138,
      0.207,
      0.276,
      0.345,
      0.414,
      0.483,
      0.552,
      0.621,
      0.69,
      0.759,
      0.828,
      0.897,
      0.966,
      1.035,
      1.104,
      1.173,
      1.242,
      1.311,
      1.38,
      1.449,
      1.518,
      1.587,
      1.656,
      1.725,
      1.794,
      1.863,
      1.932
    ],
    "TaskName": "reward",
    "dataset": "MLS",
    "modality": "bold",
    "run_id": 2,
    "session_id": "2",
    "subject_id": "171",
    "task_id": "reward"
  },
  "dummy_trs": 0,
  "dvars_nstd": 19.153448169261747,
  "dvars_std": 1.066394112013423,
  "dvars_vstd": 0.9871720804697993,
  "efc": 0.5743696008075018,
  "fber": 629.734375,
  "fd_mean": 0.047312157025976666,
  "fd_num": 0,
  "fd_perc": 0.0,
  "fwhm_avg": 2.2790348,
  "fwhm_x": 2.355568,
  "fwhm_y": 2.6454464,
  "fwhm_z": 1.83609,
  "gcor": 0.0180688,
  "gsr_x": 0.013921281322836876,
  "gsr_y": 0.03735888749361038,
  "provenance": {
    "md5sum": "8acf8ff16cb32de4fbd3b846aab8e541",
    "settings": {
      "fd_thres": 0.2,
      "testing": false
    },
    "software": "mriqc",
    "version": "23.1.0rc0"
  },
  "size_t": 150,
  "size_x": 64,
  "size_y": 64,
  "size_z": 29,
  "snr": 7.839303347201779,
  "spacing_tr": 1.0,
  "spacing_x": 3.125,
  "spacing_y": 3.125,
  "spacing_z": 4.0,
  "summary_bg_k": 16.084176476198888,
  "summary_bg_mad": 359.68919603588756,
  "summary_bg_mean": 376.71954345703125,
  "summary_bg_median": 244.76333618164062,
  "summary_bg_n": 63958.0,
  "summary_bg_p05": 0.006666666828095913,
  "summary_bg_p95": 1255.686035156249,
  "summary_bg_stdv": 497.3794860839844,
  "summary_fg_k": 1.3018525212368708,
  "summary_fg_mad": 780.6791110475335,
  "summary_fg_mean": 6230.9755859375,
  "summary_fg_median": 6230.97998046875,
  "summary_fg_n": 25869.0,
  "summary_fg_p05": 4980.89345703125,
  "summary_fg_p95": 7495.9013671875,
  "summary_fg_stdv": 794.8231201171875,
  "tsnr": 73.8264481141232
}