{
  "aor": 0.0016571999999999997,
  "aqi": 0.0037244526666666672,
  "bids_meta": {
    "EchoTime": 0.0036,
    "InstitutionName": "U of M FMRI",
    "Modality": "MR",
    "PatientPosition": "HFS",
    "RepetitionTime": 2.0,
    "SliceTiming": [
      0,
      0.069,
      0.138,
      0.207,
      0.276,
      0.345,
      0.414,
      0.483,
      0.552,
      0.621,
      0.69,
      0.759,
      0.828,
      0.897,
      0.966,
      1.035,
      1.104,
      1.173,
      1.242,
      1.311,
      1.38,
      1.449,
      1.518,
      1.587,
      1.656,
      1.725,
      1.794,
      1.863,
      1.932
    ],
    "TaskName": "reward",
    "dataset": "MLS",
    "modality": "bold",
    "run_id": 2,
    "session_id": "1",
    "subject_id": "222",
    "task_id": "reward"
  },
  "dummy_trs": 0,
  "dvars_nstd": 16.723100195234895,
  "dvars_std": 1.086000972147651,
  "dvars_vstd": 1.0281910244966441,
  "efc": 0.5121785505168669,
  "fber": 1646.6844482421875,
  "fd_mean": 0.056985078973575715,
  "fd_num": 1,
  "fd_perc": 0.6666666666666666,
  "fwhm_avg": 2.5665430666666667,
  "fwhm_x": 2.6849632000000003,
  "fwhm_y": 3.051216,
  "fwhm_z": 1.96345,
  "gcor": 0.00846546,
  "gsr_x": -0.008475072681903839,
  "gsr_y": 0.021454839035868645,
  "provenance": {
    "md5sum": "923fedf8ca077db5a179c74e170cb18b",
    "settings": {
      "fd_thres": 0.2,
      "testing": false
    },
    "software": "mriqc",
    "version": "23.1.0rc0"
  },
  "size_t": 150,
  "size_x": 64,
  "size_y": 64,
  "size_z": 29,
  "snr": 6.311001781635203,
  "spacing_tr": 1.0,
  "spacing_x": 3.125,
  "spacing_y": 3.125,
  "spacing_z": 4.0,
  "summary_bg_k": 39.96318772869579,
  "summary_bg_mad": 112.69754085891253,
  "summary_bg_mean": 150.41819763183594,
  "summary_bg_median": 95.94000244140625,
  "summary_bg_n": 69188.0,
  "summary_bg_p05": 0.006666666828095913,
  "summary_bg_p95": 501.3233413696285,
  "summary_bg_stdv": 232.8607177734375,
  "summary_fg_k": 0.6119200856209939,
  "summary_fg_mad": 582.8603039067114,
  "summary_fg_mean": 3936.6435546875,
  "summary_fg_median": 3949.306640625,
  "summary_fg_n": 21801.0,
  "summary_fg_p05": 2844.340087890625,
  "summary_fg_p95": 4895.7265625,
  "summary_fg_stdv": 625.7669067382812,
  "tsnr": 78.64802781224716
}