{
  "aor": 0.0016532666666666668,
  "aqi": 0.003860478666666666,
  "bids_meta": {
    "EchoTime": 0.0036,
    "InstitutionName": "U of M FMRI",
    "Modality": "MR",
    "PatientPosition": "HFS",
    "RepetitionTime": 2.0,
    "SliceTiming": [
      0,
      0.069,
      0.138,
      0.207,
      0.276,
      0.345,
      0.414,
      0.483,
      0.552,
      0.621,
      0.69,
      0.759,
      0.828,
      0.897,
      0.966,
      1.035,
      1.104,
      1.173,
      1.242,
      1.311,
      1.38,
      1.449,
      1.518,
      1.587,
      1.656,
      1.725,
      1.794,
      1.863,
      1.932
    ],
    "TaskName": "reward",
    "dataset": "MLS",
    "modality": "bold",
    "run_id": 1,
    "session_id": "1",
    "subject_id": "222",
    "task_id": "reward"
  },
  "dummy_trs": 0,
  "dvars_nstd": 18.337972903758388,
  "dvars_std": 1.0933120052348992,
  "dvars_vstd": 1.0266864030201344,
  "efc": 0.5133123026333709,
  "fber": 1505.4969482421875,
  "fd_mean": 0.06423484237861417,
  "fd_num": 4,
  "fd_perc": 2.6666666666666665,
  "fwhm_avg": 2.4864085,
  "fwhm_x": 2.5985055999999997,
  "fwhm_y": 2.9303424000000002,
  "fwhm_z": 1.9303775,
  "gcor": 0.0112275,
  "gsr_x": -0.009192120283842087,
  "gsr_y": 0.021474920213222504,
  "provenance": {
    "md5sum": "22045b48b78db1df472191de7ef5c37f",
    "settings": {
      "fd_thres": 0.2,
      "testing": false
    },
    "software": "mriqc",
    "version": "23.1.0rc0"
  },
  "size_t": 150,
  "size_x": 64,
  "size_y": 64,
  "size_z": 29,
  "snr": 6.359019743898303,
  "spacing_tr": 1.0,
  "spacing_x": 3.125,
  "spacing_y": 3.125,
  "spacing_z": 4.0,
  "summary_bg_k": 39.84061563609397,
  "summary_bg_mad": 112.01554519576283,
  "summary_bg_mean": 154.7009735107422,
  "summary_bg_median": 99.75333404541016,
  "summary_bg_n": 69267.0,
  "summary_bg_p05": 0.006666666828095913,
  "summary_bg_p95": 519.8946838378905,
  "summary_bg_stdv": 234.40655517578125,
  "summary_fg_k": 0.5110827466786727,
  "summary_fg_mad": 591.3208371721777,
  "summary_fg_mean": 3933.939697265625,
  "summary_fg_median": 3936.193359375,
  "summary_fg_n": 21643.0,
  "summary_fg_p05": 2887.2188232421877,
  "summary_fg_p95": 4911.496337890625,
  "summary_fg_stdv": 618.9794311523438,
  "tsnr": 77.17227544635534
}