{
  "aor": 0.0004756,
  "aqi": 0.0054351128,
  "bids_meta": {
    "EchoTime": 0.0036,
    "InstitutionName": "U of M FMRI",
    "Modality": "MR",
    "PatientPosition": "HFS",
    "RepetitionTime": 2.0,
    "SliceTiming": [
      0,
      0.069,
      0.138,
      0.207,
      0.276,
      0.345,
      0.414,
      0.483,
      0.552,
      0.621,
      0.69,
      0.759,
      0.828,
      0.897,
      0.966,
      1.035,
      1.104,
      1.173,
      1.242,
      1.311,
      1.38,
      1.449,
      1.518,
      1.587,
      1.656,
      1.725,
      1.794,
      1.863,
      1.932
    ],
    "TaskName": "reward",
    "dataset": "MLS",
    "modality": "bold",
    "run_id": 2,
    "session_id": "1",
    "subject_id": "15",
    "task_id": "reward"
  },
  "dummy_trs": 0,
  "dvars_nstd": 17.895295411677854,
  "dvars_std": 1.0321162491275164,
  "dvars_vstd": 0.9892619826174501,
  "efc": 0.599898604325731,
  "fber": 598.547119140625,
  "fd_mean": 0.06613880714699905,
  "fd_num": 0,
  "fd_perc": 0.0,
  "fwhm_avg": 2.1921841333333334,
  "fwhm_x": 2.271344,
  "fwhm_y": 2.5533184,
  "fwhm_z": 1.75189,
  "gcor": 0.0305934,
  "gsr_x": 0.011278851889073849,
  "gsr_y": 0.032861530780792236,
  "provenance": {
    "md5sum": "518f3bf994a26dbb047afe33897ad6ea",
    "settings": {
      "fd_thres": 0.2,
      "testing": false
    },
    "software": "mriqc",
    "version": "23.1.0rc0"
  },
  "size_t": 150,
  "size_x": 64,
  "size_y": 64,
  "size_z": 29,
  "snr": 6.923904390880307,
  "spacing_tr": 1.0,
  "spacing_x": 3.125,
  "spacing_y": 3.125,
  "spacing_z": 4.0,
  "summary_bg_k": 15.381389717673262,
  "summary_bg_mad": 157.75875940042212,
  "summary_bg_mean": 200.52296447753906,
  "summary_bg_median": 106.92666625976562,
  "summary_bg_n": 61274.0,
  "summary_bg_p05": 0.03333333507180214,
  "summary_bg_p95": 742.8293426513671,
  "summary_bg_stdv": 285.3765869140625,
  "summary_fg_k": 1.1974742351220122,
  "summary_fg_mad": 373.9865905997542,
  "summary_fg_mean": 2735.6064453125,
  "summary_fg_median": 2717.623291015625,
  "summary_fg_n": 28138.0,
  "summary_fg_p05": 2147.79765625,
  "summary_fg_p95": 3390.1456665039054,
  "summary_fg_stdv": 392.49169921875,
  "tsnr": 71.20011233841069
}