{
  "aor": 0.0006781333333333334,
  "aqi": 0.005583318066666667,
  "bids_meta": {
    "EchoTime": 0.0036,
    "InstitutionName": "U of M FMRI",
    "Modality": "MR",
    "PatientPosition": "HFS",
    "RepetitionTime": 2.0,
    "SliceTiming": [
      0,
      0.069,
      0.138,
      0.207,
      0.276,
      0.345,
      0.414,
      0.483,
      0.552,
      0.621,
      0.69,
      0.759,
      0.828,
      0.897,
      0.966,
      1.035,
      1.104,
      1.173,
      1.242,
      1.311,
      1.38,
      1.449,
      1.518,
      1.587,
      1.656,
      1.725,
      1.794,
      1.863,
      1.932
    ],
    "TaskName": "reward",
    "dataset": "MLS",
    "modality": "bold",
    "run_id": 1,
    "session_id": "1",
    "subject_id": "15",
    "task_id": "reward"
  },
  "dummy_trs": 0,
  "dvars_nstd": 18.63380771966443,
  "dvars_std": 1.048926905771812,
  "dvars_vstd": 0.9947903822147647,
  "efc": 0.6012947283361624,
  "fber": 594.4038696289062,
  "fd_mean": 0.06374340929019366,
  "fd_num": 1,
  "fd_perc": 0.6666666666666666,
  "fwhm_avg": 2.2318957000000004,
  "fwhm_x": 2.3067552,
  "fwhm_y": 2.5826143999999998,
  "fwhm_z": 1.8063175,
  "gcor": 0.0261184,
  "gsr_x": 0.010549260303378105,
  "gsr_y": 0.036789603531360626,
  "provenance": {
    "md5sum": "5ed2e41dd99558bc1d9d0dcb2d4b8dea",
    "settings": {
      "fd_thres": 0.2,
      "testing": false
    },
    "software": "mriqc",
    "version": "23.1.0rc0"
  },
  "size_t": 150,
  "size_x": 64,
  "size_y": 64,
  "size_z": 29,
  "snr": 7.071413477985659,
  "spacing_tr": 1.0,
  "spacing_x": 3.125,
  "spacing_y": 3.125,
  "spacing_z": 4.0,
  "summary_bg_k": 12.49350573539717,
  "summary_bg_mad": 158.71751437172946,
  "summary_bg_mean": 201.26412963867188,
  "summary_bg_median": 107.53334045410156,
  "summary_bg_n": 61322.0,
  "summary_bg_p05": 0.0,
  "summary_bg_p95": 749.6646606445304,
  "summary_bg_stdv": 280.7375793457031,
  "summary_fg_k": 0.9550443724250619,
  "summary_fg_mad": 372.32101586624503,
  "summary_fg_mean": 2737.760009765625,
  "summary_fg_median": 2720.63330078125,
  "summary_fg_n": 28155.0,
  "summary_fg_p05": 2162.401318359375,
  "summary_fg_p95": 3381.586743164062,
  "summary_fg_stdv": 384.7300109863281,
  "tsnr": 70.02957134786993
}