{
  "aor": 0.0023008,
  "aqi": 0.0036589847333333334,
  "bids_meta": {
    "EchoTime": 0.0036,
    "InstitutionName": "U of M FMRI",
    "Modality": "MR",
    "PatientPosition": "HFS",
    "RepetitionTime": 2.0,
    "SliceTiming": [
      0,
      0.069,
      0.138,
      0.207,
      0.276,
      0.345,
      0.414,
      0.483,
      0.552,
      0.621,
      0.69,
      0.759,
      0.828,
      0.897,
      0.966,
      1.035,
      1.104,
      1.173,
      1.242,
      1.311,
      1.38,
      1.449,
      1.518,
      1.587,
      1.656,
      1.725,
      1.794,
      1.863,
      1.932
    ],
    "TaskName": "reward",
    "dataset": "MLS",
    "modality": "bold",
    "run_id": 2,
    "session_id": "2",
    "subject_id": "75",
    "task_id": "reward"
  },
  "dummy_trs": 0,
  "dvars_nstd": 18.117770060671152,
  "dvars_std": 1.1747793015436236,
  "dvars_vstd": 1.033555877919463,
  "efc": 0.5812952367312406,
  "fber": 821.8414916992188,
  "fd_mean": 0.07233920001806182,
  "fd_num": 1,
  "fd_perc": 0.6666666666666666,
  "fwhm_avg": 2.5790937,
  "fwhm_x": 2.6931488000000003,
  "fwhm_y": 3.0602848,
  "fwhm_z": 1.9838475,
  "gcor": 0.0161631,
  "gsr_x": -0.0031108995899558067,
  "gsr_y": 0.04185287281870842,
  "provenance": {
    "md5sum": "9d3f45cd6727a95373584f62705d5f95",
    "settings": {
      "fd_thres": 0.2,
      "testing": false
    },
    "software": "mriqc",
    "version": "23.1.0rc0"
  },
  "size_t": 150,
  "size_x": 64,
  "size_y": 64,
  "size_z": 29,
  "snr": 7.050255455147495,
  "spacing_tr": 1.0,
  "spacing_x": 3.125,
  "spacing_y": 3.125,
  "spacing_z": 4.0,
  "summary_bg_k": 14.238040700416985,
  "summary_bg_mad": 146.43662409809917,
  "summary_bg_mean": 171.92469787597656,
  "summary_bg_median": 100.06333923339844,
  "summary_bg_n": 62304.0,
  "summary_bg_p05": 0.0,
  "summary_bg_p95": 601.8179901123043,
  "summary_bg_stdv": 230.84486389160156,
  "summary_fg_k": 1.4596354808342804,
  "summary_fg_mad": 372.3899699000891,
  "summary_fg_mean": 2943.974853515625,
  "summary_fg_median": 2956.73681640625,
  "summary_fg_n": 26944.0,
  "summary_fg_p05": 2261.512805175781,
  "summary_fg_p95": 3599.357763671874,
  "summary_fg_stdv": 419.372314453125,
  "tsnr": 86.5415692999959
}