{
  "aor": 0.0005652666666666667,
  "aqi": 0.004183871266666667,
  "bids_meta": {
    "EchoTime": 0.0036,
    "InstitutionName": "U of M FMRI",
    "Modality": "MR",
    "PatientPosition": "HFS",
    "RepetitionTime": 2.0,
    "SliceTiming": [
      0,
      0.069,
      0.138,
      0.207,
      0.276,
      0.345,
      0.414,
      0.483,
      0.552,
      0.621,
      0.69,
      0.759,
      0.828,
      0.897,
      0.966,
      1.035,
      1.104,
      1.173,
      1.242,
      1.311,
      1.38,
      1.449,
      1.518,
      1.587,
      1.656,
      1.725,
      1.794,
      1.863,
      1.932
    ],
    "TaskName": "reward",
    "dataset": "MLS",
    "modality": "bold",
    "run_id": 1,
    "session_id": "2",
    "subject_id": "17",
    "task_id": "reward"
  },
  "dummy_trs": 0,
  "dvars_nstd": 18.527640419731533,
  "dvars_std": 1.2082705897986572,
  "dvars_vstd": 0.9728241106040266,
  "efc": 0.5344727049981606,
  "fber": 1389.134521484375,
  "fd_mean": 0.11923812636200258,
  "fd_num": 15,
  "fd_perc": 10.0,
  "fwhm_avg": 2.6198270333333333,
  "fwhm_x": 2.7508800000000004,
  "fwhm_y": 3.0656736,
  "fwhm_z": 2.0429275,
  "gcor": 0.0234929,
  "gsr_x": 0.0007282645674422383,
  "gsr_y": 0.03686676174402237,
  "provenance": {
    "md5sum": "b10e94959a53909be98e7a96717c350f",
    "settings": {
      "fd_thres": 0.2,
      "testing": false
    },
    "software": "mriqc",
    "version": "23.1.0rc0"
  },
  "size_t": 150,
  "size_x": 64,
  "size_y": 64,
  "size_z": 29,
  "snr": 6.806944602560957,
  "spacing_tr": 1.0,
  "spacing_x": 3.125,
  "spacing_y": 3.125,
  "spacing_z": 4.0,
  "summary_bg_k": 27.554769162673303,
  "summary_bg_mad": 127.7509001160572,
  "summary_bg_mean": 157.43992614746094,
  "summary_bg_median": 95.31333923339844,
  "summary_bg_n": 67277.0,
  "summary_bg_p05": 0.013333333656191826,
  "summary_bg_p95": 574.0013427734374,
  "summary_bg_stdv": 239.73416137695312,
  "summary_fg_k": 0.6150651785543078,
  "summary_fg_mad": 488.04289693791304,
  "summary_fg_mean": 3578.697509765625,
  "summary_fg_median": 3574.06005859375,
  "summary_fg_n": 23657.0,
  "summary_fg_p05": 2732.523974609375,
  "summary_fg_p95": 4473.610937500001,
  "summary_fg_stdv": 525.0497436523438,
  "tsnr": 84.94195365998894
}