{
  "aor": 0.0009961999999999998,
  "aqi": 0.006152320133333334,
  "bids_meta": {
    "EchoTime": 0.0036,
    "InstitutionName": "U of M FMRI",
    "Modality": "MR",
    "PatientPosition": "HFS",
    "RepetitionTime": 2.0,
    "SliceTiming": [
      0,
      0.069,
      0.138,
      0.207,
      0.276,
      0.345,
      0.414,
      0.483,
      0.552,
      0.621,
      0.69,
      0.759,
      0.828,
      0.897,
      0.966,
      1.035,
      1.104,
      1.173,
      1.242,
      1.311,
      1.38,
      1.449,
      1.518,
      1.587,
      1.656,
      1.725,
      1.794,
      1.863,
      1.932
    ],
    "TaskName": "reward",
    "dataset": "MLS",
    "modality": "bold",
    "run_id": 2,
    "session_id": "2",
    "subject_id": "17",
    "task_id": "reward"
  },
  "dummy_trs": 0,
  "dvars_nstd": 18.748802389865762,
  "dvars_std": 1.151102929194631,
  "dvars_vstd": 0.955120984899329,
  "efc": 0.5330740954868857,
  "fber": 1398.6826171875,
  "fd_mean": 0.16032877769133994,
  "fd_num": 37,
  "fd_perc": 24.666666666666668,
  "fwhm_avg": 2.5805555000000004,
  "fwhm_x": 2.7036608,
  "fwhm_y": 3.0400832,
  "fwhm_z": 1.9979225,
  "gcor": 0.0286736,
  "gsr_x": -0.0015565926441922784,
  "gsr_y": 0.03903874009847641,
  "provenance": {
    "md5sum": "3c6386a9b0a2431248323f117f5a9d1c",
    "settings": {
      "fd_thres": 0.2,
      "testing": false
    },
    "software": "mriqc",
    "version": "23.1.0rc0"
  },
  "size_t": 150,
  "size_x": 64,
  "size_y": 64,
  "size_z": 29,
  "snr": 6.712838962064803,
  "spacing_tr": 1.0,
  "spacing_x": 3.125,
  "spacing_y": 3.125,
  "spacing_z": 4.0,
  "summary_bg_k": 27.1275233146393,
  "summary_bg_mad": 131.74403828307535,
  "summary_bg_mean": 157.99642944335938,
  "summary_bg_median": 95.05333709716797,
  "summary_bg_n": 67377.0,
  "summary_bg_p05": 0.08666666597127914,
  "summary_bg_p95": 564.4026977539061,
  "summary_bg_stdv": 242.14010620117188,
  "summary_fg_k": 0.6427624340613511,
  "summary_fg_mad": 489.4169101267429,
  "summary_fg_mean": 3561.817626953125,
  "summary_fg_median": 3567.113525390625,
  "summary_fg_n": 23641.0,
  "summary_fg_p05": 2691.2734375,
  "summary_fg_p95": 4455.033203125,
  "summary_fg_stdv": 531.37548828125,
  "tsnr": 79.4046408473514
}