{
  "aor": 0.00037860000000000004,
  "aqi": 0.003259799333333333,
  "bids_meta": {
    "EchoTime": 0.0036,
    "InstitutionName": "U of M FMRI",
    "Modality": "MR",
    "PatientPosition": "HFS",
    "RepetitionTime": 2.0,
    "SliceTiming": [
      0,
      0.069,
      0.138,
      0.207,
      0.276,
      0.345,
      0.414,
      0.483,
      0.552,
      0.621,
      0.69,
      0.759,
      0.828,
      0.897,
      0.966,
      1.035,
      1.104,
      1.173,
      1.242,
      1.311,
      1.38,
      1.449,
      1.518,
      1.587,
      1.656,
      1.725,
      1.794,
      1.863,
      1.932
    ],
    "TaskName": "reward",
    "dataset": "MLS",
    "modality": "bold",
    "run_id": 1,
    "session_id": "2",
    "subject_id": "26",
    "task_id": "reward"
  },
  "dummy_trs": 0,
  "dvars_nstd": 15.06957770348994,
  "dvars_std": 1.0029544497315435,
  "dvars_vstd": 0.9755955414765096,
  "efc": 0.5746899879284366,
  "fber": 845.6832885742188,
  "fd_mean": 0.04999528626205697,
  "fd_num": 0,
  "fd_perc": 0.0,
  "fwhm_avg": 2.6783639333333333,
  "fwhm_x": 2.7810816,
  "fwhm_y": 3.1708352000000004,
  "fwhm_z": 2.083175,
  "gcor": 0.0524224,
  "gsr_x": -0.004150559660047293,
  "gsr_y": 0.040640782564878464,
  "provenance": {
    "md5sum": "93babb7c99b65e2085c41b537528cbb2",
    "settings": {
      "fd_thres": 0.2,
      "testing": false
    },
    "software": "mriqc",
    "version": "23.1.0rc0"
  },
  "size_t": 150,
  "size_x": 64,
  "size_y": 64,
  "size_z": 29,
  "snr": 5.712787583676549,
  "spacing_tr": 1.0,
  "spacing_x": 3.125,
  "spacing_y": 3.125,
  "spacing_z": 4.0,
  "summary_bg_k": 18.25965191324649,
  "summary_bg_mad": 143.28856591533562,
  "summary_bg_mean": 171.83192443847656,
  "summary_bg_median": 98.44000244140625,
  "summary_bg_n": 62641.0,
  "summary_bg_p05": 0.013333333656191826,
  "summary_bg_p95": 584.8733520507812,
  "summary_bg_stdv": 225.00413513183594,
  "summary_fg_k": 0.9185698478420568,
  "summary_fg_mad": 463.07610723487534,
  "summary_fg_mean": 2962.69970703125,
  "summary_fg_median": 2947.1767578125,
  "summary_fg_n": 26550.0,
  "summary_fg_p05": 2144.8921020507814,
  "summary_fg_p95": 3839.5314208984373,
  "summary_fg_stdv": 515.8814697265625,
  "tsnr": 80.25367666780949
}