{
  "aor": 0.0017405333333333336,
  "aqi": 0.007964999,
  "bids_meta": {
    "EchoTime": 0.0036,
    "InstitutionName": "U of M FMRI",
    "Modality": "MR",
    "PatientPosition": "HFS",
    "RepetitionTime": 2.0,
    "SliceTiming": [
      0,
      0.069,
      0.138,
      0.207,
      0.276,
      0.345,
      0.414,
      0.483,
      0.552,
      0.621,
      0.69,
      0.759,
      0.828,
      0.897,
      0.966,
      1.035,
      1.104,
      1.173,
      1.242,
      1.311,
      1.38,
      1.449,
      1.518,
      1.587,
      1.656,
      1.725,
      1.794,
      1.863,
      1.932
    ],
    "TaskName": "reward",
    "dataset": "MLS",
    "modality": "bold",
    "run_id": 2,
    "session_id": "1",
    "subject_id": "153",
    "task_id": "reward"
  },
  "dummy_trs": 0,
  "dvars_nstd": 19.19507131006712,
  "dvars_std": 1.0502238114765103,
  "dvars_vstd": 0.9564397097986579,
  "efc": 0.5746932615149135,
  "fber": 904.0971069335938,
  "fd_mean": 0.17125882346712218,
  "fd_num": 43,
  "fd_perc": 28.666666666666668,
  "fwhm_avg": 2.475119833333333,
  "fwhm_x": 2.6336991999999997,
  "fwhm_y": 2.9154527999999997,
  "fwhm_z": 1.8762075,
  "gcor": 0.0366224,
  "gsr_x": 0.0068512121215462685,
  "gsr_y": 0.041941095143556595,
  "provenance": {
    "md5sum": "8de301de7d864e56f928669b2e44b75d",
    "settings": {
      "fd_thres": 0.2,
      "testing": false
    },
    "software": "mriqc",
    "version": "23.1.0rc0"
  },
  "size_t": 150,
  "size_x": 64,
  "size_y": 64,
  "size_z": 29,
  "snr": 6.469771418509798,
  "spacing_tr": 1.0,
  "spacing_x": 3.125,
  "spacing_y": 3.125,
  "spacing_z": 4.0,
  "summary_bg_k": 23.581779706569282,
  "summary_bg_mad": 142.85366384690516,
  "summary_bg_mean": 159.35731506347656,
  "summary_bg_median": 99.77999877929688,
  "summary_bg_n": 61855.0,
  "summary_bg_p05": 0.006666666828095913,
  "summary_bg_p95": 510.8240142822262,
  "summary_bg_stdv": 207.03717041015625,
  "summary_fg_k": 1.768289819797471,
  "summary_fg_mad": 419.1811637690658,
  "summary_fg_mean": 3093.944091796875,
  "summary_fg_median": 3107.90673828125,
  "summary_fg_n": 27249.0,
  "summary_fg_p05": 2311.692041015625,
  "summary_fg_p95": 3846.3107910156245,
  "summary_fg_stdv": 480.36468505859375,
  "tsnr": 64.92374066147022
}