{
  "aor": 0.0007713333333333333,
  "aqi": 0.005393446466666667,
  "bids_meta": {
    "EchoTime": 0.0036,
    "InstitutionName": "U of M FMRI",
    "Modality": "MR",
    "PatientPosition": "HFS",
    "RepetitionTime": 2.0,
    "SliceTiming": [
      0,
      0.069,
      0.138,
      0.207,
      0.276,
      0.345,
      0.414,
      0.483,
      0.552,
      0.621,
      0.69,
      0.759,
      0.828,
      0.897,
      0.966,
      1.035,
      1.104,
      1.173,
      1.242,
      1.311,
      1.38,
      1.449,
      1.518,
      1.587,
      1.656,
      1.725,
      1.794,
      1.863,
      1.932
    ],
    "TaskName": "reward",
    "dataset": "MLS",
    "modality": "bold",
    "run_id": 2,
    "session_id": "2",
    "subject_id": "104",
    "task_id": "reward"
  },
  "dummy_trs": 0,
  "dvars_nstd": 16.324735718523492,
  "dvars_std": 1.0134765306711409,
  "dvars_vstd": 0.9652002053020131,
  "efc": 0.576569693407874,
  "fber": 1053.7459716796875,
  "fd_mean": 0.07832794992395099,
  "fd_num": 6,
  "fd_perc": 4.0,
  "fwhm_avg": 2.3352197999999995,
  "fwhm_x": 2.4414591999999997,
  "fwhm_y": 2.7325952,
  "fwhm_z": 1.831605,
  "gcor": 0.0319637,
  "gsr_x": 0.00270715169608593,
  "gsr_y": 0.04045553505420685,
  "provenance": {
    "md5sum": "a8813768cfb8934311c2178e09d738df",
    "settings": {
      "fd_thres": 0.2,
      "testing": false
    },
    "software": "mriqc",
    "version": "23.1.0rc0"
  },
  "size_t": 150,
  "size_x": 64,
  "size_y": 64,
  "size_z": 29,
  "snr": 6.420871723864642,
  "spacing_tr": 1.0,
  "spacing_x": 3.125,
  "spacing_y": 3.125,
  "spacing_z": 4.0,
  "summary_bg_k": 11.39442827278444,
  "summary_bg_mad": 125.26506658113627,
  "summary_bg_mean": 170.98446655273438,
  "summary_bg_median": 85.62333679199219,
  "summary_bg_n": 62892.0,
  "summary_bg_p05": 0.0,
  "summary_bg_p95": 650.2030059814452,
  "summary_bg_stdv": 233.60865783691406,
  "summary_fg_k": 0.887757746553623,
  "summary_fg_mad": 407.66602109882194,
  "summary_fg_mean": 2819.472412109375,
  "summary_fg_median": 2833.48681640625,
  "summary_fg_n": 26437.0,
  "summary_fg_p05": 2077.347998046875,
  "summary_fg_p95": 3521.1187011718735,
  "summary_fg_stdv": 441.2848205566406,
  "tsnr": 74.65580468554981
}