{
  "aor": 0.0023666000000000004,
  "aqi": 0.013642478,
  "bids_meta": {
    "EchoTime": 0.0036,
    "InstitutionName": "U of M FMRI",
    "Modality": "MR",
    "PatientPosition": "HFS",
    "RepetitionTime": 2.0,
    "SliceTiming": [
      0,
      0.069,
      0.138,
      0.207,
      0.276,
      0.345,
      0.414,
      0.483,
      0.552,
      0.621,
      0.69,
      0.759,
      0.828,
      0.897,
      0.966,
      1.035,
      1.104,
      1.173,
      1.242,
      1.311,
      1.38,
      1.449,
      1.518,
      1.587,
      1.656,
      1.725,
      1.794,
      1.863,
      1.932
    ],
    "TaskName": "reward",
    "dataset": "MLS",
    "modality": "bold",
    "run_id": 1,
    "session_id": "2",
    "subject_id": "104",
    "task_id": "reward"
  },
  "dummy_trs": 0,
  "dvars_nstd": 17.206538878657714,
  "dvars_std": 0.9804626387248327,
  "dvars_vstd": 0.9304085714765105,
  "efc": 0.5763944352874156,
  "fber": 1014.7802124023438,
  "fd_mean": 0.09087925686137127,
  "fd_num": 10,
  "fd_perc": 6.666666666666667,
  "fwhm_avg": 2.3082631,
  "fwhm_x": 2.4315552,
  "fwhm_y": 2.6869216,
  "fwhm_z": 1.8063125,
  "gcor": 0.0386503,
  "gsr_x": 0.003053277498111129,
  "gsr_y": 0.04017246887087822,
  "provenance": {
    "md5sum": "99741bd48885f441afe6c1a5a1dec405",
    "settings": {
      "fd_thres": 0.2,
      "testing": false
    },
    "software": "mriqc",
    "version": "23.1.0rc0"
  },
  "size_t": 150,
  "size_x": 64,
  "size_y": 64,
  "size_z": 29,
  "snr": 6.421808774958268,
  "spacing_tr": 1.0,
  "spacing_x": 3.125,
  "spacing_y": 3.125,
  "spacing_z": 4.0,
  "summary_bg_k": 10.56471210888081,
  "summary_bg_mad": 129.31751134306722,
  "summary_bg_mean": 172.59759521484375,
  "summary_bg_median": 88.02999877929688,
  "summary_bg_n": 62832.0,
  "summary_bg_p05": 0.006666666828095913,
  "summary_bg_p95": 651.093338012695,
  "summary_bg_stdv": 235.53134155273438,
  "summary_fg_k": 0.7958926576338796,
  "summary_fg_mad": 408.43229768490016,
  "summary_fg_mean": 2830.810546875,
  "summary_fg_median": 2838.203369140625,
  "summary_fg_n": 26406.0,
  "summary_fg_p05": 2086.0516967773438,
  "summary_fg_p95": 3537.19677734375,
  "summary_fg_stdv": 441.9548645019531,
  "tsnr": 54.614082793705165
}