{
  "aor": 0.0004938,
  "aqi": 0.004955436,
  "bids_meta": {
    "EchoTime": 0.0036,
    "InstitutionName": "U of M FMRI",
    "Modality": "MR",
    "PatientPosition": "HFS",
    "RepetitionTime": 2.0,
    "SliceTiming": [
      0,
      0.069,
      0.138,
      0.207,
      0.276,
      0.345,
      0.414,
      0.483,
      0.552,
      0.621,
      0.69,
      0.759,
      0.828,
      0.897,
      0.966,
      1.035,
      1.104,
      1.173,
      1.242,
      1.311,
      1.38,
      1.449,
      1.518,
      1.587,
      1.656,
      1.725,
      1.794,
      1.863,
      1.932
    ],
    "TaskName": "reward",
    "dataset": "MLS",
    "modality": "bold",
    "run_id": 1,
    "session_id": "2",
    "subject_id": "22",
    "task_id": "reward"
  },
  "dummy_trs": 0,
  "dvars_nstd": 21.850076047986573,
  "dvars_std": 1.199847655906041,
  "dvars_vstd": 0.9881185291946308,
  "efc": 0.5635178435024527,
  "fber": 870.6259155273438,
  "fd_mean": 0.08461377692543062,
  "fd_num": 0,
  "fd_perc": 0.0,
  "fwhm_avg": 2.6104814666666667,
  "fwhm_x": 2.7399936,
  "fwhm_y": 3.0961408,
  "fwhm_z": 1.99531,
  "gcor": 0.0563062,
  "gsr_x": 0.0010809123050421476,
  "gsr_y": 0.04135337099432945,
  "provenance": {
    "md5sum": "214dc02e853cba45a7cf2ce93c587895",
    "settings": {
      "fd_thres": 0.2,
      "testing": false
    },
    "software": "mriqc",
    "version": "23.1.0rc0"
  },
  "size_t": 150,
  "size_x": 64,
  "size_y": 64,
  "size_z": 29,
  "snr": 6.8559718880665,
  "spacing_tr": 1.0,
  "spacing_x": 3.125,
  "spacing_y": 3.125,
  "spacing_z": 4.0,
  "summary_bg_k": 20.860364111801825,
  "summary_bg_mad": 94.0118051236634,
  "summary_bg_mean": 110.57940673828125,
  "summary_bg_median": 64.72000122070312,
  "summary_bg_n": 64898.0,
  "summary_bg_p05": 0.006666666828095913,
  "summary_bg_p95": 373.6963317871093,
  "summary_bg_stdv": 156.8810577392578,
  "summary_fg_k": 1.1827316855960266,
  "summary_fg_mad": 255.3584146396741,
  "summary_fg_mean": 1938.820068359375,
  "summary_fg_median": 1944.086669921875,
  "summary_fg_n": 24994.0,
  "summary_fg_p05": 1472.6944152832032,
  "summary_fg_p95": 2389.077795410156,
  "summary_fg_stdv": 283.5553894042969,
  "tsnr": 73.99766000779346
}