{
  "aor": 0.0006486000000000002,
  "aqi": 0.004512235333333334,
  "bids_meta": {
    "EchoTime": 0.0036,
    "InstitutionName": "U of M FMRI",
    "Modality": "MR",
    "PatientPosition": "HFS",
    "RepetitionTime": 2.0,
    "SliceTiming": [
      0,
      0.069,
      0.138,
      0.207,
      0.276,
      0.345,
      0.414,
      0.483,
      0.552,
      0.621,
      0.69,
      0.759,
      0.828,
      0.897,
      0.966,
      1.035,
      1.104,
      1.173,
      1.242,
      1.311,
      1.38,
      1.449,
      1.518,
      1.587,
      1.656,
      1.725,
      1.794,
      1.863,
      1.932
    ],
    "TaskName": "reward",
    "dataset": "MLS",
    "modality": "bold",
    "run_id": 2,
    "session_id": "2",
    "subject_id": "22",
    "task_id": "reward"
  },
  "dummy_trs": 0,
  "dvars_nstd": 20.50743545919463,
  "dvars_std": 1.1590822562416105,
  "dvars_vstd": 0.9967470137583883,
  "efc": 0.5656113020544381,
  "fber": 852.962158203125,
  "fd_mean": 0.06931546218078727,
  "fd_num": 0,
  "fd_perc": 0.0,
  "fwhm_avg": 2.6733308,
  "fwhm_x": 2.8320064,
  "fwhm_y": 3.131936,
  "fwhm_z": 2.05605,
  "gcor": 0.0407685,
  "gsr_x": 0.0019299990963190794,
  "gsr_y": 0.04126134514808655,
  "provenance": {
    "md5sum": "2455c8d9bb5fb470140f2dab92ba3344",
    "settings": {
      "fd_thres": 0.2,
      "testing": false
    },
    "software": "mriqc",
    "version": "23.1.0rc0"
  },
  "size_t": 150,
  "size_x": 64,
  "size_y": 64,
  "size_z": 29,
  "snr": 6.946112499789707,
  "spacing_tr": 1.0,
  "spacing_x": 3.125,
  "spacing_y": 3.125,
  "spacing_z": 4.0,
  "summary_bg_k": 17.339785400424617,
  "summary_bg_mad": 96.22088774557466,
  "summary_bg_mean": 112.63523864746094,
  "summary_bg_median": 65.83333587646484,
  "summary_bg_n": 64960.0,
  "summary_bg_p05": 0.006666666828095913,
  "summary_bg_p95": 393.9289993286131,
  "summary_bg_stdv": 155.74871826171875,
  "summary_fg_k": 0.963112794978759,
  "summary_fg_mad": 251.6568860906036,
  "summary_fg_mean": 1935.5950927734375,
  "summary_fg_median": 1938.1533203125,
  "summary_fg_n": 25041.0,
  "summary_fg_p05": 1476.393310546875,
  "summary_fg_p95": 2382.146728515625,
  "summary_fg_stdv": 279.021484375,
  "tsnr": 77.05094272980932
}