{
  "aor": 0.0017985999999999998,
  "aqi": 0.009204539866666667,
  "bids_meta": {
    "EchoTime": 0.0036,
    "InstitutionName": "U of M FMRI",
    "Modality": "MR",
    "PatientPosition": "HFS",
    "RepetitionTime": 2.0,
    "SliceTiming": [
      0,
      0.069,
      0.138,
      0.207,
      0.276,
      0.345,
      0.414,
      0.483,
      0.552,
      0.621,
      0.69,
      0.759,
      0.828,
      0.897,
      0.966,
      1.035,
      1.104,
      1.173,
      1.242,
      1.311,
      1.38,
      1.449,
      1.518,
      1.587,
      1.656,
      1.725,
      1.794,
      1.863,
      1.932
    ],
    "TaskName": "reward",
    "dataset": "MLS",
    "modality": "bold",
    "run_id": 1,
    "session_id": "2",
    "subject_id": "224",
    "task_id": "reward"
  },
  "dummy_trs": 0,
  "dvars_nstd": 20.0980431981208,
  "dvars_std": 1.1975907677852347,
  "dvars_vstd": 0.9875840522147656,
  "efc": 0.5974446269074827,
  "fber": 895.9387817382812,
  "fd_mean": 0.09234342791189094,
  "fd_num": 10,
  "fd_perc": 6.666666666666667,
  "fwhm_avg": 2.1436016,
  "fwhm_x": 2.1770016,
  "fwhm_y": 2.5273632,
  "fwhm_z": 1.72644,
  "gcor": 0.133156,
  "gsr_x": 0.029022928327322006,
  "gsr_y": 0.021106209605932236,
  "provenance": {
    "md5sum": "1dd5f4329a0d8d2c3ac4d238248948e5",
    "settings": {
      "fd_thres": 0.2,
      "testing": false
    },
    "software": "mriqc",
    "version": "23.1.0rc0"
  },
  "size_t": 150,
  "size_x": 64,
  "size_y": 64,
  "size_z": 29,
  "snr": 8.424541916031519,
  "spacing_tr": 1.0,
  "spacing_x": 3.125,
  "spacing_y": 3.125,
  "spacing_z": 4.0,
  "summary_bg_k": 14.586710940590944,
  "summary_bg_mad": 184.96945665489875,
  "summary_bg_mean": 232.60289001464844,
  "summary_bg_median": 127.62000274658203,
  "summary_bg_n": 59336.0,
  "summary_bg_p05": 0.006666666828095913,
  "summary_bg_p95": 849.2000122070312,
  "summary_bg_stdv": 356.4281005859375,
  "summary_fg_k": 3.8522649005394953,
  "summary_fg_mad": 413.03321487225975,
  "summary_fg_mean": 3944.46337890625,
  "summary_fg_median": 3950.106689453125,
  "summary_fg_n": 29443.0,
  "summary_fg_p05": 3224.636181640625,
  "summary_fg_p95": 4665.449609374999,
  "summary_fg_stdv": 468.8729248046875,
  "tsnr": 71.30147083103657
}