{
  "aor": 0.0008272666666666666,
  "aqi": 0.0061654264,
  "bids_meta": {
    "EchoTime": 0.0036,
    "InstitutionName": "U of M FMRI",
    "Modality": "MR",
    "PatientPosition": "HFS",
    "RepetitionTime": 2.0,
    "SliceTiming": [
      0,
      0.069,
      0.138,
      0.207,
      0.276,
      0.345,
      0.414,
      0.483,
      0.552,
      0.621,
      0.69,
      0.759,
      0.828,
      0.897,
      0.966,
      1.035,
      1.104,
      1.173,
      1.242,
      1.311,
      1.38,
      1.449,
      1.518,
      1.587,
      1.656,
      1.725,
      1.794,
      1.863,
      1.932
    ],
    "TaskName": "reward",
    "dataset": "MLS",
    "modality": "bold",
    "run_id": 1,
    "session_id": "2",
    "subject_id": "162",
    "task_id": "reward"
  },
  "dummy_trs": 0,
  "dvars_nstd": 17.837450571677852,
  "dvars_std": 1.0482599781879196,
  "dvars_vstd": 0.9960209773825507,
  "efc": 0.5702308175491358,
  "fber": 793.5333862304688,
  "fd_mean": 0.13582760015591194,
  "fd_num": 20,
  "fd_perc": 13.333333333333334,
  "fwhm_avg": 2.4295024,
  "fwhm_x": 2.4901856,
  "fwhm_y": 2.8977215999999997,
  "fwhm_z": 1.9006,
  "gcor": 0.0265661,
  "gsr_x": 0.0092533640563488,
  "gsr_y": 0.034239061176776886,
  "provenance": {
    "md5sum": "e77534cf6c9fe145543b1556ebba59a3",
    "settings": {
      "fd_thres": 0.2,
      "testing": false
    },
    "software": "mriqc",
    "version": "23.1.0rc0"
  },
  "size_t": 150,
  "size_x": 64,
  "size_y": 64,
  "size_z": 29,
  "snr": 8.053186056619626,
  "spacing_tr": 1.0,
  "spacing_x": 3.125,
  "spacing_y": 3.125,
  "spacing_z": 4.0,
  "summary_bg_k": 18.33375965994475,
  "summary_bg_mad": 300.34556438134956,
  "summary_bg_mean": 348.5756530761719,
  "summary_bg_median": 206.5933380126953,
  "summary_bg_n": 64335.0,
  "summary_bg_p05": 0.06666667014360428,
  "summary_bg_p95": 1189.7620727539054,
  "summary_bg_stdv": 472.15960693359375,
  "summary_fg_k": 1.3791871696093052,
  "summary_fg_mad": 685.9257716062439,
  "summary_fg_mean": 5909.96826171875,
  "summary_fg_median": 5924.77001953125,
  "summary_fg_n": 25082.0,
  "summary_fg_p05": 4687.031298828125,
  "summary_fg_p95": 7047.9886474609375,
  "summary_fg_stdv": 735.6904296875,
  "tsnr": 77.47750278329477
}