{
  "aor": 0.0008500666666666668,
  "aqi": 0.005911594533333334,
  "bids_meta": {
    "EchoTime": 0.0036,
    "InstitutionName": "U of M FMRI",
    "Modality": "MR",
    "PatientPosition": "HFS",
    "RepetitionTime": 2.0,
    "SliceTiming": [
      0,
      0.069,
      0.138,
      0.207,
      0.276,
      0.345,
      0.414,
      0.483,
      0.552,
      0.621,
      0.69,
      0.759,
      0.828,
      0.897,
      0.966,
      1.035,
      1.104,
      1.173,
      1.242,
      1.311,
      1.38,
      1.449,
      1.518,
      1.587,
      1.656,
      1.725,
      1.794,
      1.863,
      1.932
    ],
    "TaskName": "reward",
    "dataset": "MLS",
    "modality": "bold",
    "run_id": 1,
    "session_id": "2",
    "subject_id": "44",
    "task_id": "reward"
  },
  "dummy_trs": 0,
  "dvars_nstd": 22.28421248355706,
  "dvars_std": 1.076975445838926,
  "dvars_vstd": 0.9882143134899325,
  "efc": 0.5479304190047473,
  "fber": 981.139404296875,
  "fd_mean": 0.08002344794559867,
  "fd_num": 8,
  "fd_perc": 5.333333333333333,
  "fwhm_avg": 2.1387601,
  "fwhm_x": 2.2286208,
  "fwhm_y": 2.472352,
  "fwhm_z": 1.7153075,
  "gcor": 0.0286027,
  "gsr_x": -0.0019348465139046311,
  "gsr_y": 0.029587671160697937,
  "provenance": {
    "md5sum": "9e3c4e1217bc0442e0839e970862450e",
    "settings": {
      "fd_thres": 0.2,
      "testing": false
    },
    "software": "mriqc",
    "version": "23.1.0rc0"
  },
  "size_t": 150,
  "size_x": 64,
  "size_y": 64,
  "size_z": 29,
  "snr": 7.0469729973862245,
  "spacing_tr": 1.0,
  "spacing_x": 3.125,
  "spacing_y": 3.125,
  "spacing_z": 4.0,
  "summary_bg_k": 23.22152216721689,
  "summary_bg_mad": 159.63673111233172,
  "summary_bg_mean": 180.86392211914062,
  "summary_bg_median": 115.52667236328125,
  "summary_bg_n": 65767.0,
  "summary_bg_p05": 0.006666666828095913,
  "summary_bg_p95": 582.8900268554687,
  "summary_bg_stdv": 263.9371032714844,
  "summary_fg_k": 0.8507632613428835,
  "summary_fg_mad": 502.4193605401116,
  "summary_fg_mean": 3738.928466796875,
  "summary_fg_median": 3701.88330078125,
  "summary_fg_n": 24564.0,
  "summary_fg_p05": 2989.3260498046875,
  "summary_fg_p95": 4664.646386718749,
  "summary_fg_stdv": 525.3046875,
  "tsnr": 66.3935194350779
}