{
  "aor": 0.0005054666666666666,
  "aqi": 0.007366697999999999,
  "bids_meta": {
    "EchoTime": 0.0036,
    "InstitutionName": "U of M FMRI",
    "Modality": "MR",
    "PatientPosition": "HFS",
    "RepetitionTime": 2.0,
    "SliceTiming": [
      0,
      0.069,
      0.138,
      0.207,
      0.276,
      0.345,
      0.414,
      0.483,
      0.552,
      0.621,
      0.69,
      0.759,
      0.828,
      0.897,
      0.966,
      1.035,
      1.104,
      1.173,
      1.242,
      1.311,
      1.38,
      1.449,
      1.518,
      1.587,
      1.656,
      1.725,
      1.794,
      1.863,
      1.932
    ],
    "TaskName": "reward",
    "dataset": "MLS",
    "modality": "bold",
    "run_id": 2,
    "session_id": "2",
    "subject_id": "44",
    "task_id": "reward"
  },
  "dummy_trs": 0,
  "dvars_nstd": 22.056666444697985,
  "dvars_std": 1.0522208038926173,
  "dvars_vstd": 0.9712518703355704,
  "efc": 0.5467020966122437,
  "fber": 1022.5928955078125,
  "fd_mean": 0.07943374251116603,
  "fd_num": 6,
  "fd_perc": 4.0,
  "fwhm_avg": 2.1375860666666666,
  "fwhm_x": 2.2221472,
  "fwhm_y": 2.472736,
  "fwhm_z": 1.717875,
  "gcor": 0.0198609,
  "gsr_x": -0.0019981013610959053,
  "gsr_y": 0.029468003660440445,
  "provenance": {
    "md5sum": "f27dc68233facb10292d875b5af0ae04",
    "settings": {
      "fd_thres": 0.2,
      "testing": false
    },
    "software": "mriqc",
    "version": "23.1.0rc0"
  },
  "size_t": 150,
  "size_x": 64,
  "size_y": 64,
  "size_z": 29,
  "snr": 7.110863078267615,
  "spacing_tr": 1.0,
  "spacing_x": 3.125,
  "spacing_y": 3.125,
  "spacing_z": 4.0,
  "summary_bg_k": 24.92259277746555,
  "summary_bg_mad": 159.36985872574726,
  "summary_bg_mean": 178.77560424804688,
  "summary_bg_median": 113.01333618164062,
  "summary_bg_n": 65813.0,
  "summary_bg_p05": 0.02666666731238365,
  "summary_bg_p95": 564.0947021484371,
  "summary_bg_stdv": 267.7830810546875,
  "summary_fg_k": 0.7874886063667788,
  "summary_fg_mad": 496.36552213569115,
  "summary_fg_mean": 3737.22607421875,
  "summary_fg_median": 3698.300048828125,
  "summary_fg_n": 24553.0,
  "summary_fg_p05": 3003.35078125,
  "summary_fg_p95": 4650.256054687499,
  "summary_fg_stdv": 520.0809936523438,
  "tsnr": 63.478640308603644
}