{
  "aor": 0.0006459333333333334,
  "aqi": 0.0021738421333333336,
  "bids_meta": {
    "EchoTime": 0.0036,
    "InstitutionName": "U of M FMRI",
    "Modality": "MR",
    "PatientPosition": "HFS",
    "RepetitionTime": 2.0,
    "SliceTiming": [
      0,
      0.069,
      0.138,
      0.207,
      0.276,
      0.345,
      0.414,
      0.483,
      0.552,
      0.621,
      0.69,
      0.759,
      0.828,
      0.897,
      0.966,
      1.035,
      1.104,
      1.173,
      1.242,
      1.311,
      1.38,
      1.449,
      1.518,
      1.587,
      1.656,
      1.725,
      1.794,
      1.863,
      1.932
    ],
    "TaskName": "reward",
    "dataset": "MLS",
    "modality": "bold",
    "run_id": 2,
    "session_id": "2",
    "subject_id": "26",
    "task_id": "reward"
  },
  "dummy_trs": 0,
  "dvars_nstd": 14.943659436845635,
  "dvars_std": 1.0464742874496649,
  "dvars_vstd": 1.013597742550336,
  "efc": 0.5767153680060967,
  "fber": 827.7499389648438,
  "fd_mean": 0.04176938869943114,
  "fd_num": 0,
  "fd_perc": 0.0,
  "fwhm_avg": 2.768876966666667,
  "fwhm_x": 2.8776224000000004,
  "fwhm_y": 3.284576,
  "fwhm_z": 2.1444325,
  "gcor": 0.0305001,
  "gsr_x": -0.005422508809715509,
  "gsr_y": 0.04143529385328293,
  "provenance": {
    "md5sum": "9d49172bec1c315338f9eb58c555ff1f",
    "settings": {
      "fd_thres": 0.2,
      "testing": false
    },
    "software": "mriqc",
    "version": "23.1.0rc0"
  },
  "size_t": 150,
  "size_x": 64,
  "size_y": 64,
  "size_z": 29,
  "snr": 5.81052128545022,
  "spacing_tr": 1.0,
  "spacing_x": 3.125,
  "spacing_y": 3.125,
  "spacing_z": 4.0,
  "summary_bg_k": 16.559437007229377,
  "summary_bg_mad": 148.26022609231916,
  "summary_bg_mean": 178.51104736328125,
  "summary_bg_median": 100.51333618164062,
  "summary_bg_n": 62801.0,
  "summary_bg_p05": 0.0,
  "summary_bg_p95": 617.8466796875,
  "summary_bg_stdv": 236.02444458007812,
  "summary_fg_k": 0.9146479532641885,
  "summary_fg_mad": 453.8491164016147,
  "summary_fg_mean": 2979.098388671875,
  "summary_fg_median": 2967.22998046875,
  "summary_fg_n": 26524.0,
  "summary_fg_p05": 2160.445947265625,
  "summary_fg_p95": 3852.299475097656,
  "summary_fg_stdv": 510.6553955078125,
  "tsnr": 91.26717966841534
}