{
  "aor": 0.0009224666666666666,
  "aqi": 0.0036322686666666664,
  "bids_meta": {
    "EchoTime": 0.0036,
    "InstitutionName": "U of M FMRI",
    "Modality": "MR",
    "PatientPosition": "HFS",
    "RepetitionTime": 2.0,
    "SliceTiming": [
      0,
      0.069,
      0.138,
      0.207,
      0.276,
      0.345,
      0.414,
      0.483,
      0.552,
      0.621,
      0.69,
      0.759,
      0.828,
      0.897,
      0.966,
      1.035,
      1.104,
      1.173,
      1.242,
      1.311,
      1.38,
      1.449,
      1.518,
      1.587,
      1.656,
      1.725,
      1.794,
      1.863,
      1.932
    ],
    "TaskName": "reward",
    "dataset": "MLS",
    "modality": "bold",
    "run_id": 2,
    "session_id": "3",
    "subject_id": "29",
    "task_id": "reward"
  },
  "dummy_trs": 0,
  "dvars_nstd": 19.099470010671137,
  "dvars_std": 1.1349673557718125,
  "dvars_vstd": 1.01151685442953,
  "efc": 0.5527524118852392,
  "fber": 1125.6790771484375,
  "fd_mean": 0.05981682609449768,
  "fd_num": 1,
  "fd_perc": 0.6666666666666666,
  "fwhm_avg": 2.3797197333333333,
  "fwhm_x": 2.4900352,
  "fwhm_y": 2.809264,
  "fwhm_z": 1.83986,
  "gcor": 0.0165998,
  "gsr_x": -0.004687205888330936,
  "gsr_y": 0.03999921306967735,
  "provenance": {
    "md5sum": "b06ee9decbbd52f9f3a35ba495b789b5",
    "settings": {
      "fd_thres": 0.2,
      "testing": false
    },
    "software": "mriqc",
    "version": "23.1.0rc0"
  },
  "size_t": 150,
  "size_x": 64,
  "size_y": 64,
  "size_z": 29,
  "snr": 6.542860057920182,
  "spacing_tr": 1.0,
  "spacing_x": 3.125,
  "spacing_y": 3.125,
  "spacing_z": 4.0,
  "summary_bg_k": 22.36541509841478,
  "summary_bg_mad": 78.48402129723937,
  "summary_bg_mean": 84.29900360107422,
  "summary_bg_median": 54.943336486816406,
  "summary_bg_n": 64412.0,
  "summary_bg_p05": 0.0,
  "summary_bg_p95": 281.8483398437499,
  "summary_bg_stdv": 113.03992462158203,
  "summary_fg_k": 0.4076784942311975,
  "summary_fg_mad": 270.9209419185056,
  "summary_fg_mean": 1874.7767333984375,
  "summary_fg_median": 1879.40673828125,
  "summary_fg_n": 25345.0,
  "summary_fg_p05": 1394.5199951171876,
  "summary_fg_p95": 2348.144140625,
  "summary_fg_stdv": 287.2397766113281,
  "tsnr": 82.41006663674489
}