{
  "aor": 0.0011251333333333333,
  "aqi": 0.003970112866666667,
  "bids_meta": {
    "EchoTime": 0.0036,
    "InstitutionName": "U of M FMRI",
    "Modality": "MR",
    "PatientPosition": "HFS",
    "RepetitionTime": 2.0,
    "SliceTiming": [
      0,
      0.069,
      0.138,
      0.207,
      0.276,
      0.345,
      0.414,
      0.483,
      0.552,
      0.621,
      0.69,
      0.759,
      0.828,
      0.897,
      0.966,
      1.035,
      1.104,
      1.173,
      1.242,
      1.311,
      1.38,
      1.449,
      1.518,
      1.587,
      1.656,
      1.725,
      1.794,
      1.863,
      1.932
    ],
    "TaskName": "reward",
    "dataset": "MLS",
    "modality": "bold",
    "run_id": 1,
    "session_id": "3",
    "subject_id": "29",
    "task_id": "reward"
  },
  "dummy_trs": 0,
  "dvars_nstd": 21.013457150738255,
  "dvars_std": 1.1911662092617457,
  "dvars_vstd": 1.013696424295302,
  "efc": 0.5501075358778094,
  "fber": 1107.99365234375,
  "fd_mean": 0.04795358842449441,
  "fd_num": 0,
  "fd_perc": 0.0,
  "fwhm_avg": 2.3446056333333334,
  "fwhm_x": 2.4611392,
  "fwhm_y": 2.7761152,
  "fwhm_z": 1.7965625,
  "gcor": 0.0189469,
  "gsr_x": -0.003925626166164875,
  "gsr_y": 0.03785844147205353,
  "provenance": {
    "md5sum": "b583bc2cbafa03de68ef47e20123b407",
    "settings": {
      "fd_thres": 0.2,
      "testing": false
    },
    "software": "mriqc",
    "version": "23.1.0rc0"
  },
  "size_t": 150,
  "size_x": 64,
  "size_y": 64,
  "size_z": 29,
  "snr": 6.511683145154931,
  "spacing_tr": 1.0,
  "spacing_x": 3.125,
  "spacing_y": 3.125,
  "spacing_z": 4.0,
  "summary_bg_k": 23.098744085349065,
  "summary_bg_mad": 80.001220185618,
  "summary_bg_mean": 81.8995132446289,
  "summary_bg_median": 55.353336334228516,
  "summary_bg_n": 64467.0,
  "summary_bg_p05": 0.0,
  "summary_bg_p95": 261.24933471679645,
  "summary_bg_stdv": 107.70800018310547,
  "summary_fg_k": 0.4539981466922933,
  "summary_fg_mad": 273.3225692914999,
  "summary_fg_mean": 1873.5999755859375,
  "summary_fg_median": 1880.106689453125,
  "summary_fg_n": 25251.0,
  "summary_fg_p05": 1389.1666870117188,
  "summary_fg_p95": 2338.6099853515625,
  "summary_fg_stdv": 288.7225036621094,
  "tsnr": 79.0684877410531
}