{
  "aor": 0.004633999999999999,
  "aqi": 0.007413556533333333,
  "bids_meta": {
    "EchoTime": 0.0036,
    "InstitutionName": "U of M FMRI",
    "Modality": "MR",
    "PatientPosition": "HFS",
    "RepetitionTime": 2.0,
    "SliceTiming": [
      0,
      0.069,
      0.138,
      0.207,
      0.276,
      0.345,
      0.414,
      0.483,
      0.552,
      0.621,
      0.69,
      0.759,
      0.828,
      0.897,
      0.966,
      1.035,
      1.104,
      1.173,
      1.242,
      1.311,
      1.38,
      1.449,
      1.518,
      1.587,
      1.656,
      1.725,
      1.794,
      1.863,
      1.932
    ],
    "TaskName": "reward",
    "dataset": "MLS",
    "modality": "bold",
    "run_id": 1,
    "session_id": "1",
    "subject_id": "170",
    "task_id": "reward"
  },
  "dummy_trs": 0,
  "dvars_nstd": 19.41145871959731,
  "dvars_std": 1.161524989328859,
  "dvars_vstd": 0.9957629821476514,
  "efc": 0.5306329699266578,
  "fber": 1897.1256103515625,
  "fd_mean": 0.19566801644929335,
  "fd_num": 61,
  "fd_perc": 40.666666666666664,
  "fwhm_avg": 2.443553,
  "fwhm_x": 2.5669024,
  "fwhm_y": 2.8824416000000004,
  "fwhm_z": 1.881315,
  "gcor": 0.0546112,
  "gsr_x": 0.008014067076146603,
  "gsr_y": 0.04379309341311455,
  "provenance": {
    "md5sum": "fc9bf3a2ae60746a14214d1d8c9870f8",
    "settings": {
      "fd_thres": 0.2,
      "testing": false
    },
    "software": "mriqc",
    "version": "23.1.0rc0"
  },
  "size_t": 150,
  "size_x": 64,
  "size_y": 64,
  "size_z": 29,
  "snr": 7.149263321156361,
  "spacing_tr": 1.0,
  "spacing_x": 3.125,
  "spacing_y": 3.125,
  "spacing_z": 4.0,
  "summary_bg_k": 28.34147025062083,
  "summary_bg_mad": 138.70238300798417,
  "summary_bg_mean": 181.73989868164062,
  "summary_bg_median": 98.54666900634766,
  "summary_bg_n": 66996.0,
  "summary_bg_p05": 0.013333333656191826,
  "summary_bg_p95": 638.1700134277344,
  "summary_bg_stdv": 289.56304931640625,
  "summary_fg_k": 0.8479999506076399,
  "summary_fg_mad": 583.9867341078807,
  "summary_fg_mean": 4287.83642578125,
  "summary_fg_median": 4275.5869140625,
  "summary_fg_n": 23395.0,
  "summary_fg_p05": 3333.9100830078123,
  "summary_fg_p95": 5256.510791015625,
  "summary_fg_stdv": 598.0330200195312,
  "tsnr": 65.19042048836127
}