{
  "aor": 0.005944066666666667,
  "aqi": 0.014794039466666667,
  "bids_meta": {
    "EchoTime": 0.0036,
    "InstitutionName": "U of M FMRI",
    "Modality": "MR",
    "PatientPosition": "HFS",
    "RepetitionTime": 2.0,
    "SliceTiming": [
      0,
      0.069,
      0.138,
      0.207,
      0.276,
      0.345,
      0.414,
      0.483,
      0.552,
      0.621,
      0.69,
      0.759,
      0.828,
      0.897,
      0.966,
      1.035,
      1.104,
      1.173,
      1.242,
      1.311,
      1.38,
      1.449,
      1.518,
      1.587,
      1.656,
      1.725,
      1.794,
      1.863,
      1.932
    ],
    "TaskName": "reward",
    "dataset": "MLS",
    "modality": "bold",
    "run_id": 1,
    "session_id": "1",
    "subject_id": "246",
    "task_id": "reward"
  },
  "dummy_trs": 0,
  "dvars_nstd": 19.84584703389261,
  "dvars_std": 1.152061163892617,
  "dvars_vstd": 0.9960273373154357,
  "efc": 0.5631395017764821,
  "fber": 2049.375244140625,
  "fd_mean": 0.28095345888051604,
  "fd_num": 53,
  "fd_perc": 35.333333333333336,
  "fwhm_avg": 2.2021023333333334,
  "fwhm_x": 2.2751616,
  "fwhm_y": 2.5648703999999998,
  "fwhm_z": 1.766275,
  "gcor": 0.0261852,
  "gsr_x": -0.00108017073944211,
  "gsr_y": 0.04005816951394081,
  "provenance": {
    "md5sum": "17defb4a1770aad631993df421e11321",
    "settings": {
      "fd_thres": 0.2,
      "testing": false
    },
    "software": "mriqc",
    "version": "23.1.0rc0"
  },
  "size_t": 150,
  "size_x": 64,
  "size_y": 64,
  "size_z": 29,
  "snr": 10.137545600528119,
  "spacing_tr": 1.0,
  "spacing_x": 3.125,
  "spacing_y": 3.125,
  "spacing_z": 4.0,
  "summary_bg_k": 60.02050499542268,
  "summary_bg_mad": 146.24388758416262,
  "summary_bg_mean": 170.29364013671875,
  "summary_bg_median": 104.26667022705078,
  "summary_bg_n": 61454.0,
  "summary_bg_p05": 0.0533333346247673,
  "summary_bg_p95": 552.7133270263668,
  "summary_bg_stdv": 278.3737487792969,
  "summary_fg_k": 2.063603183417257,
  "summary_fg_mad": 444.7857330397321,
  "summary_fg_mean": 4780.5419921875,
  "summary_fg_median": 4784.919921875,
  "summary_fg_n": 28242.0,
  "summary_fg_p05": 4052.1010986328124,
  "summary_fg_p95": 5530.39189453125,
  "summary_fg_stdv": 471.9914855957031,
  "tsnr": 68.56941129732877
}