{
  "aor": 0.003428333333333333,
  "aqi": 0.005401337466666667,
  "bids_meta": {
    "EchoTime": 0.0036,
    "InstitutionName": "U of M FMRI",
    "Modality": "MR",
    "PatientPosition": "HFS",
    "RepetitionTime": 2.0,
    "SliceTiming": [
      0,
      0.069,
      0.138,
      0.207,
      0.276,
      0.345,
      0.414,
      0.483,
      0.552,
      0.621,
      0.69,
      0.759,
      0.828,
      0.897,
      0.966,
      1.035,
      1.104,
      1.173,
      1.242,
      1.311,
      1.38,
      1.449,
      1.518,
      1.587,
      1.656,
      1.725,
      1.794,
      1.863,
      1.932
    ],
    "TaskName": "reward",
    "dataset": "MLS",
    "modality": "bold",
    "run_id": 2,
    "session_id": "1",
    "subject_id": "246",
    "task_id": "reward"
  },
  "dummy_trs": 0,
  "dvars_nstd": 16.446861151543626,
  "dvars_std": 1.218973262013423,
  "dvars_vstd": 1.0319019469127517,
  "efc": 0.5612838025978754,
  "fber": 2049.98876953125,
  "fd_mean": 0.10626955457573324,
  "fd_num": 16,
  "fd_perc": 10.666666666666666,
  "fwhm_avg": 2.1575688,
  "fwhm_x": 2.2262944,
  "fwhm_y": 2.497312,
  "fwhm_z": 1.7491,
  "gcor": 0.0218745,
  "gsr_x": -0.0023856672924011946,
  "gsr_y": 0.036856651306152344,
  "provenance": {
    "md5sum": "237be04fa3539436997fad7011469c8d",
    "settings": {
      "fd_thres": 0.2,
      "testing": false
    },
    "software": "mriqc",
    "version": "23.1.0rc0"
  },
  "size_t": 150,
  "size_x": 64,
  "size_y": 64,
  "size_z": 29,
  "snr": 9.969905026567497,
  "spacing_tr": 1.0,
  "spacing_x": 3.125,
  "spacing_y": 3.125,
  "spacing_z": 4.0,
  "summary_bg_k": 37.065266391266405,
  "summary_bg_mad": 151.4181659828272,
  "summary_bg_mean": 165.4886016845703,
  "summary_bg_median": 103.18333435058594,
  "summary_bg_n": 61406.0,
  "summary_bg_p05": 0.013333333656191826,
  "summary_bg_p95": 543.5933685302734,
  "summary_bg_stdv": 262.3419189453125,
  "summary_fg_k": 1.8733108062729507,
  "summary_fg_mad": 451.254743500946,
  "summary_fg_mean": 4779.912109375,
  "summary_fg_median": 4790.3134765625,
  "summary_fg_n": 28259.0,
  "summary_fg_p05": 4031.3567626953127,
  "summary_fg_p95": 5542.3787109375,
  "summary_fg_stdv": 480.4688415527344,
  "tsnr": 103.83081945881713
}