{
  "aor": 0.0005868,
  "aqi": 0.002197322933333333,
  "bids_meta": {
    "EchoTime": 0.0036,
    "InstitutionName": "U of M FMRI",
    "Modality": "MR",
    "PatientPosition": "HFS",
    "RepetitionTime": 2.0,
    "SliceTiming": [
      0,
      0.069,
      0.138,
      0.207,
      0.276,
      0.345,
      0.414,
      0.483,
      0.552,
      0.621,
      0.69,
      0.759,
      0.828,
      0.897,
      0.966,
      1.035,
      1.104,
      1.173,
      1.242,
      1.311,
      1.38,
      1.449,
      1.518,
      1.587,
      1.656,
      1.725,
      1.794,
      1.863,
      1.932
    ],
    "TaskName": "reward",
    "dataset": "MLS",
    "modality": "bold",
    "run_id": 2,
    "session_id": "1",
    "subject_id": "155",
    "task_id": "reward"
  },
  "dummy_trs": 0,
  "dvars_nstd": 14.273265582818796,
  "dvars_std": 1.1125327454362408,
  "dvars_vstd": 1.000584569597315,
  "efc": 0.5088584063656162,
  "fber": 1670.3253173828125,
  "fd_mean": 0.07160105084161578,
  "fd_num": 1,
  "fd_perc": 0.6666666666666666,
  "fwhm_avg": 2.6805719333333333,
  "fwhm_x": 2.8232448,
  "fwhm_y": 3.2516160000000003,
  "fwhm_z": 1.966855,
  "gcor": 0.0222982,
  "gsr_x": -0.008042397908866405,
  "gsr_y": 0.03425586596131325,
  "provenance": {
    "md5sum": "ca04ecff085a29dfde5a742f64f0a424",
    "settings": {
      "fd_thres": 0.2,
      "testing": false
    },
    "software": "mriqc",
    "version": "23.1.0rc0"
  },
  "size_t": 150,
  "size_x": 64,
  "size_y": 64,
  "size_z": 29,
  "snr": 6.358330685581308,
  "spacing_tr": 1.0,
  "spacing_x": 3.125,
  "spacing_y": 3.125,
  "spacing_z": 4.0,
  "summary_bg_k": 24.878160770032615,
  "summary_bg_mad": 134.33364486057948,
  "summary_bg_mean": 162.51620483398438,
  "summary_bg_median": 92.6066665649414,
  "summary_bg_n": 70642.0,
  "summary_bg_p05": 0.0,
  "summary_bg_p95": 579.111343383789,
  "summary_bg_stdv": 246.82635498046875,
  "summary_fg_k": 0.9369398419181771,
  "summary_fg_mad": 587.8420066248003,
  "summary_fg_mean": 3835.34619140625,
  "summary_fg_median": 3863.260009765625,
  "summary_fg_n": 20707.0,
  "summary_fg_p05": 2837.00673828125,
  "summary_fg_p95": 4778.55322265625,
  "summary_fg_stdv": 607.5756225585938,
  "tsnr": 100.64483351027593
}