{
  "bids_meta": {
    "AcquisitionMatrixPE": 160,
    "CoilString": "HEAD",
    "EchoTime": 0.001784,
    "FlipAngle": 15,
    "ImageType": [
      "ORIGINAL",
      "PRIMARY",
      "OTHER"
    ],
    "InPlanePhaseEncodingDirectionDICOM": "ROW",
    "InstitutionName": "U of M FMRi",
    "InversionTime": 0.4,
    "MRAcquisitionType": "3D",
    "Modality": "MR",
    "PatientPosition": "HFS",
    "PercentPhaseFOV": 100,
    "PercentSampling": 100,
    "ReconMatrixPE": 256,
    "RepetitionTime": 0.008948,
    "SAR": 0.017417,
    "ScanningSequence": "GR",
    "SeriesDescription": "3d spgr IR axial",
    "dataset": "MLS",
    "modality": "T1w",
    "session_id": "1",
    "subject_id": "27"
  },
  "cjv": 0.4174131407105848,
  "cnr": 3.1749026454883724,
  "efc": 0.5828185597848925,
  "fber": 6154.524443609224,
  "fwhm_avg": 3.705509652947305,
  "fwhm_x": 4.398319160091926,
  "fwhm_y": 4.540329798749989,
  "fwhm_z": 2.17788,
  "icvs_csf": 0.19114354952940532,
  "icvs_gm": 0.41204077895762553,
  "icvs_wm": 0.3968156715129692,
  "inu_med": 0.7272654473781586,
  "inu_range": 0.4252808809280395,
  "provenance": {
    "md5sum": "af1de0eb96e1d8d434bd77b4e4cb9074",
    "settings": {
      "testing": false
    },
    "software": "mriqc",
    "version": "23.1.0rc0",
    "warnings": {
      "large_rot_frame": true,
      "small_air_mask": false
    }
  },
  "qi_1": 0.0,
  "qi_2": 0.0010183941950216112,
  "rpve_csf": 22.758539516594812,
  "rpve_gm": 10.469937941121401,
  "rpve_wm": 12.692913777795187,
  "size_x": 256,
  "size_y": 256,
  "size_z": 60,
  "snr_csf": 1.327595197213507,
  "snr_gm": 10.334781779444796,
  "snr_total": 9.159496245414392,
  "snr_wm": 15.81611175958487,
  "snrd_csf": 15.647992092304516,
  "snrd_gm": 38.56519881988594,
  "snrd_total": 36.57753558850762,
  "snrd_wm": 55.51941585333241,
  "spacing_x": 0.9399999976158142,
  "spacing_y": 0.9399999976158142,
  "spacing_z": 2.5,
  "summary_bg_k": 21.927285396810387,
  "summary_bg_mad": 11.677569540800588,
  "summary_bg_mean": 17.591326080233596,
  "summary_bg_median": 7.876400962471962,
  "summary_bg_n": 1024350.0,
  "summary_bg_p05": 0.0,
  "summary_bg_p95": 67.29562360793352,
  "summary_bg_stdv": 26.852632463612224,
  "summary_csf_k": 15.300846018959799,
  "summary_csf_mad": 139.0400724995323,
  "summary_csf_mean": 299.7397843636395,
  "summary_csf_median": 278.91980331391096,
  "summary_csf_n": 78857.0,
  "summary_csf_p05": 66.60319275408983,
  "summary_csf_p95": 537.7244903236626,
  "summary_csf_stdv": 210.09268139661583,
  "summary_gm_k": -0.10272130438641547,
  "summary_gm_mad": 67.37059350461878,
  "summary_gm_mean": 686.1522321751515,
  "summary_gm_median": 687.4107301533222,
  "summary_gm_n": 153283.0,
  "summary_gm_p05": 574.37139326334,
  "summary_gm_p95": 793.4392046481371,
  "summary_gm_stdv": 66.51407862564547,
  "summary_wm_k": 0.9515596085867064,
  "summary_wm_mad": 58.77282252402934,
  "summary_wm_mean": 994.0334631953215,
  "summary_wm_median": 989.6135209277272,
  "summary_wm_n": 181608.0,
  "summary_wm_p05": 901.155479349196,
  "summary_wm_p95": 1103.864611811936,
  "summary_wm_stdv": 62.56979031129117,
  "tpm_overlap_csf": 0.1409565617073431,
  "tpm_overlap_gm": 0.4630934727015886,
  "tpm_overlap_wm": 0.4738071028887692,
  "wm2max": 0.4661129875452518
}