{
  "aor": 0.0007465999999999998,
  "aqi": 0.0038763832000000007,
  "bids_meta": {
    "EchoTime": 0.0036,
    "InstitutionName": "U of M FMRI",
    "Modality": "MR",
    "PatientPosition": "HFS",
    "RepetitionTime": 2.0,
    "SliceTiming": [
      0,
      0.069,
      0.138,
      0.207,
      0.276,
      0.345,
      0.414,
      0.483,
      0.552,
      0.621,
      0.69,
      0.759,
      0.828,
      0.897,
      0.966,
      1.035,
      1.104,
      1.173,
      1.242,
      1.311,
      1.38,
      1.449,
      1.518,
      1.587,
      1.656,
      1.725,
      1.794,
      1.863,
      1.932
    ],
    "TaskName": "reward",
    "dataset": "MLS",
    "modality": "bold",
    "run_id": 1,
    "session_id": "1",
    "subject_id": "136",
    "task_id": "reward"
  },
  "dummy_trs": 0,
  "dvars_nstd": 15.048447430000001,
  "dvars_std": 1.1424682981208047,
  "dvars_vstd": 1.0021852375838924,
  "efc": 0.525697856446797,
  "fber": 1239.57275390625,
  "fd_mean": 0.07699825826522559,
  "fd_num": 1,
  "fd_perc": 0.6666666666666666,
  "fwhm_avg": 2.3665870666666673,
  "fwhm_x": 2.4708224000000003,
  "fwhm_y": 2.8304288000000004,
  "fwhm_z": 1.79851,
  "gcor": 0.0269491,
  "gsr_x": 0.00598242087289691,
  "gsr_y": 0.0463489331305027,
  "provenance": {
    "md5sum": "7a8a332a446dab16b9be4d9b07d49448",
    "settings": {
      "fd_thres": 0.2,
      "testing": false
    },
    "software": "mriqc",
    "version": "23.1.0rc0"
  },
  "size_t": 150,
  "size_x": 64,
  "size_y": 64,
  "size_z": 29,
  "snr": 7.561459473693842,
  "spacing_tr": 1.0,
  "spacing_x": 3.125,
  "spacing_y": 3.125,
  "spacing_z": 4.0,
  "summary_bg_k": 24.28351230057912,
  "summary_bg_mad": 141.11408084699718,
  "summary_bg_mean": 180.1979217529297,
  "summary_bg_median": 96.32666778564453,
  "summary_bg_n": 70364.0,
  "summary_bg_p05": 0.019999999552965164,
  "summary_bg_p95": 647.0990295410155,
  "summary_bg_stdv": 262.38580322265625,
  "summary_fg_k": 2.038650021396938,
  "summary_fg_mad": 397.0014924943711,
  "summary_fg_mean": 3362.972900390625,
  "summary_fg_median": 3365.706787109375,
  "summary_fg_n": 20645.0,
  "summary_fg_p05": 2637.373486328125,
  "summary_fg_p95": 4070.2947265625,
  "summary_fg_stdv": 445.10260009765625,
  "tsnr": 98.28965327655897
}