{
  "aor": 0.003390133333333333,
  "aqi": 0.008736318466666665,
  "bids_meta": {
    "EchoTime": 0.0036,
    "InstitutionName": "U of M FMRI",
    "Modality": "MR",
    "PatientPosition": "HFS",
    "RepetitionTime": 2.0,
    "SliceTiming": [
      0,
      0.069,
      0.138,
      0.207,
      0.276,
      0.345,
      0.414,
      0.483,
      0.552,
      0.621,
      0.69,
      0.759,
      0.828,
      0.897,
      0.966,
      1.035,
      1.104,
      1.173,
      1.242,
      1.311,
      1.38,
      1.449,
      1.518,
      1.587,
      1.656,
      1.725,
      1.794,
      1.863,
      1.932
    ],
    "TaskName": "reward",
    "dataset": "MLS",
    "modality": "bold",
    "run_id": 2,
    "session_id": "1",
    "subject_id": "37",
    "task_id": "reward"
  },
  "dummy_trs": 0,
  "dvars_nstd": 20.91444569114094,
  "dvars_std": 1.07452031295302,
  "dvars_vstd": 1.0184624644966442,
  "efc": 0.6021967832764671,
  "fber": 778.87646484375,
  "fd_mean": 0.16988865303314038,
  "fd_num": 31,
  "fd_perc": 20.666666666666668,
  "fwhm_avg": 2.1818128666666667,
  "fwhm_x": 2.2535968,
  "fwhm_y": 2.5663968,
  "fwhm_z": 1.725445,
  "gcor": 0.0288565,
  "gsr_x": -0.0006233085296116769,
  "gsr_y": 0.04758148640394211,
  "provenance": {
    "md5sum": "7ff2cb92737cfc0af872b71a9f244a2a",
    "settings": {
      "fd_thres": 0.2,
      "testing": false
    },
    "software": "mriqc",
    "version": "23.1.0rc0"
  },
  "size_t": 150,
  "size_x": 64,
  "size_y": 64,
  "size_z": 29,
  "snr": 7.368764826698868,
  "spacing_tr": 1.0,
  "spacing_x": 3.125,
  "spacing_y": 3.125,
  "spacing_z": 4.0,
  "summary_bg_k": 22.142756763602012,
  "summary_bg_mad": 147.44973553159937,
  "summary_bg_mean": 175.62843322753906,
  "summary_bg_median": 102.26000213623047,
  "summary_bg_n": 58519.0,
  "summary_bg_p05": 0.046666666865348816,
  "summary_bg_p95": 643.8920166015622,
  "summary_bg_stdv": 251.20106506347656,
  "summary_fg_k": 1.5386675889495471,
  "summary_fg_mad": 373.2056544946698,
  "summary_fg_mean": 2996.34326171875,
  "summary_fg_median": 2973.7001953125,
  "summary_fg_n": 29958.0,
  "summary_fg_p05": 2399.7770263671873,
  "summary_fg_p95": 3663.004797363281,
  "summary_fg_stdv": 403.54803466796875,
  "tsnr": 61.101307357661426
}