{
  "aor": 0.0006881999999999999,
  "aqi": 0.0055085999333333345,
  "bids_meta": {
    "EchoTime": 0.0036,
    "InstitutionName": "U of M FMRI",
    "Modality": "MR",
    "PatientPosition": "HFS",
    "RepetitionTime": 2.0,
    "SliceTiming": [
      0,
      0.069,
      0.138,
      0.207,
      0.276,
      0.345,
      0.414,
      0.483,
      0.552,
      0.621,
      0.69,
      0.759,
      0.828,
      0.897,
      0.966,
      1.035,
      1.104,
      1.173,
      1.242,
      1.311,
      1.38,
      1.449,
      1.518,
      1.587,
      1.656,
      1.725,
      1.794,
      1.863,
      1.932
    ],
    "TaskName": "reward",
    "dataset": "MLS",
    "modality": "bold",
    "run_id": 1,
    "session_id": "1",
    "subject_id": "174",
    "task_id": "reward"
  },
  "dummy_trs": 0,
  "dvars_nstd": 26.192714473624154,
  "dvars_std": 1.0263894910067115,
  "dvars_vstd": 0.9981349350335578,
  "efc": 0.5764439634383719,
  "fber": 428.9966735839844,
  "fd_mean": 0.07639183222003834,
  "fd_num": 3,
  "fd_perc": 2.0,
  "fwhm_avg": 2.5742329,
  "fwhm_x": 2.7101152,
  "fwhm_y": 3.068496,
  "fwhm_z": 1.9440875,
  "gcor": 0.0205078,
  "gsr_x": -0.0052231657318770885,
  "gsr_y": 0.0401076003909111,
  "provenance": {
    "md5sum": "b9dce6b8fd3fe8c1e342eeaa6220be80",
    "settings": {
      "fd_thres": 0.2,
      "testing": false
    },
    "software": "mriqc",
    "version": "23.1.0rc0"
  },
  "size_t": 150,
  "size_x": 64,
  "size_y": 64,
  "size_z": 29,
  "snr": 4.501182838088379,
  "spacing_tr": 1.0,
  "spacing_x": 3.125,
  "spacing_y": 3.125,
  "spacing_z": 4.0,
  "summary_bg_k": 20.43308279769126,
  "summary_bg_mad": 118.70702743152482,
  "summary_bg_mean": 123.95875549316406,
  "summary_bg_median": 96.12667083740234,
  "summary_bg_n": 61651.0,
  "summary_bg_p05": 0.0,
  "summary_bg_p95": 382.52667236328125,
  "summary_bg_stdv": 155.19932556152344,
  "summary_fg_k": 1.487206149635007,
  "summary_fg_mad": 413.2011659048248,
  "summary_fg_mean": 2072.646240234375,
  "summary_fg_median": 2044.666748046875,
  "summary_fg_n": 27227.0,
  "summary_fg_p05": 1386.5314086914063,
  "summary_fg_p95": 2836.432055664062,
  "summary_fg_stdv": 454.2426452636719,
  "tsnr": 50.19603242457379
}