{
  "aor": 0.0009446000000000001,
  "aqi": 0.0080558988,
  "bids_meta": {
    "EchoTime": 0.0036,
    "InstitutionName": "U of M FMRI",
    "Modality": "MR",
    "PatientPosition": "HFS",
    "RepetitionTime": 2.0,
    "SliceTiming": [
      0,
      0.069,
      0.138,
      0.207,
      0.276,
      0.345,
      0.414,
      0.483,
      0.552,
      0.621,
      0.69,
      0.759,
      0.828,
      0.897,
      0.966,
      1.035,
      1.104,
      1.173,
      1.242,
      1.311,
      1.38,
      1.449,
      1.518,
      1.587,
      1.656,
      1.725,
      1.794,
      1.863,
      1.932
    ],
    "TaskName": "reward",
    "dataset": "MLS",
    "modality": "bold",
    "run_id": 2,
    "session_id": "1",
    "subject_id": "174",
    "task_id": "reward"
  },
  "dummy_trs": 0,
  "dvars_nstd": 27.654037321744962,
  "dvars_std": 1.0061514683892618,
  "dvars_vstd": 0.9882114548322148,
  "efc": 0.5777263606297164,
  "fber": 412.154052734375,
  "fd_mean": 0.07814473719151596,
  "fd_num": 3,
  "fd_perc": 2.0,
  "fwhm_avg": 2.6027279666666665,
  "fwhm_x": 2.7775456000000003,
  "fwhm_y": 3.0949408,
  "fwhm_z": 1.9356975,
  "gcor": 0.0258634,
  "gsr_x": -0.004408027045428753,
  "gsr_y": 0.038016464561223984,
  "provenance": {
    "md5sum": "b9d43f8b1bcdaf2e877560ff9586d388",
    "settings": {
      "fd_thres": 0.2,
      "testing": false
    },
    "software": "mriqc",
    "version": "23.1.0rc0"
  },
  "size_t": 150,
  "size_x": 64,
  "size_y": 64,
  "size_z": 29,
  "snr": 4.476505186856902,
  "spacing_tr": 1.0,
  "spacing_x": 3.125,
  "spacing_y": 3.125,
  "spacing_z": 4.0,
  "summary_bg_k": 20.895898839197322,
  "summary_bg_mad": 114.89179711929802,
  "summary_bg_mean": 123.43437194824219,
  "summary_bg_median": 98.12667083740234,
  "summary_bg_n": 61534.0,
  "summary_bg_p05": 0.013333333656191826,
  "summary_bg_p95": 367.63201293945303,
  "summary_bg_stdv": 153.1341552734375,
  "summary_fg_k": 1.350391500270777,
  "summary_fg_mad": 418.97357774066904,
  "summary_fg_mean": 2065.184326171875,
  "summary_fg_median": 2042.4466552734375,
  "summary_fg_n": 27451.0,
  "summary_fg_p05": 1371.6000366210938,
  "summary_fg_p95": 2815.650146484375,
  "summary_fg_stdv": 456.2508850097656,
  "tsnr": 44.98304820433259
}