{
  "aor": 0.0005862666666666668,
  "aqi": 0.0035968300666666666,
  "bids_meta": {
    "EchoTime": 0.0036,
    "InstitutionName": "U of M FMRI",
    "Modality": "MR",
    "PatientPosition": "HFS",
    "RepetitionTime": 2.0,
    "SliceTiming": [
      0,
      0.069,
      0.138,
      0.207,
      0.276,
      0.345,
      0.414,
      0.483,
      0.552,
      0.621,
      0.69,
      0.759,
      0.828,
      0.897,
      0.966,
      1.035,
      1.104,
      1.173,
      1.242,
      1.311,
      1.38,
      1.449,
      1.518,
      1.587,
      1.656,
      1.725,
      1.794,
      1.863,
      1.932
    ],
    "TaskName": "reward",
    "dataset": "MLS",
    "modality": "bold",
    "run_id": 1,
    "session_id": "1",
    "subject_id": "162",
    "task_id": "reward"
  },
  "dummy_trs": 0,
  "dvars_nstd": 18.253626618926177,
  "dvars_std": 1.0970317645637584,
  "dvars_vstd": 1.0123224018791952,
  "efc": 0.5686645276638769,
  "fber": 720.458740234375,
  "fd_mean": 0.08896654357457515,
  "fd_num": 0,
  "fd_perc": 0.0,
  "fwhm_avg": 2.5375258,
  "fwhm_x": 2.5654144000000003,
  "fwhm_y": 3.0010879999999998,
  "fwhm_z": 2.046075,
  "gcor": 0.038039,
  "gsr_x": 0.008393209427595139,
  "gsr_y": 0.031838275492191315,
  "provenance": {
    "md5sum": "0b3431a82b2a63cd221cbab3fa867500",
    "settings": {
      "fd_thres": 0.2,
      "testing": false
    },
    "software": "mriqc",
    "version": "23.1.0rc0"
  },
  "size_t": 150,
  "size_x": 64,
  "size_y": 64,
  "size_z": 29,
  "snr": 7.420046585004595,
  "spacing_tr": 1.0,
  "spacing_x": 3.125,
  "spacing_y": 3.125,
  "spacing_z": 4.0,
  "summary_bg_k": 15.403749506313144,
  "summary_bg_mad": 220.6112079220581,
  "summary_bg_mean": 238.3739013671875,
  "summary_bg_median": 150.4933319091797,
  "summary_bg_n": 64267.0,
  "summary_bg_p05": 0.03999999910593033,
  "summary_bg_p95": 796.101348876953,
  "summary_bg_stdv": 315.3330078125,
  "summary_fg_k": 1.6492775074608588,
  "summary_fg_mad": 513.6624876910178,
  "summary_fg_mean": 4109.56201171875,
  "summary_fg_median": 4108.19677734375,
  "summary_fg_n": 25356.0,
  "summary_fg_p05": 3224.1585083007812,
  "summary_fg_p95": 5005.8099365234375,
  "summary_fg_stdv": 553.6509399414062,
  "tsnr": 85.03599166870117
}