{
  "aor": 0.0015055333333333335,
  "aqi": 0.0070819586666666665,
  "bids_meta": {
    "EchoTime": 0.0036,
    "InstitutionName": "U of M FMRI",
    "Modality": "MR",
    "PatientPosition": "HFS",
    "RepetitionTime": 2.0,
    "SliceTiming": [
      0,
      0.069,
      0.138,
      0.207,
      0.276,
      0.345,
      0.414,
      0.483,
      0.552,
      0.621,
      0.69,
      0.759,
      0.828,
      0.897,
      0.966,
      1.035,
      1.104,
      1.173,
      1.242,
      1.311,
      1.38,
      1.449,
      1.518,
      1.587,
      1.656,
      1.725,
      1.794,
      1.863,
      1.932
    ],
    "TaskName": "reward",
    "dataset": "MLS",
    "modality": "bold",
    "run_id": 1,
    "session_id": "1",
    "subject_id": "144",
    "task_id": "reward"
  },
  "dummy_trs": 0,
  "dvars_nstd": 19.665656499194625,
  "dvars_std": 1.091553547181208,
  "dvars_vstd": 1.027695531946309,
  "efc": 0.5734115917872306,
  "fber": 1000.8812866210938,
  "fd_mean": 0.10502902084881045,
  "fd_num": 7,
  "fd_perc": 4.666666666666667,
  "fwhm_avg": 2.0557812,
  "fwhm_x": 2.1712672,
  "fwhm_y": 2.3516064,
  "fwhm_z": 1.64447,
  "gcor": 0.0721595,
  "gsr_x": -0.0019627276342362165,
  "gsr_y": 0.034867387264966965,
  "provenance": {
    "md5sum": "bf683a826be2b04bc0d3e958ce739140",
    "settings": {
      "fd_thres": 0.2,
      "testing": false
    },
    "software": "mriqc",
    "version": "23.1.0rc0"
  },
  "size_t": 150,
  "size_x": 64,
  "size_y": 64,
  "size_z": 29,
  "snr": 8.130338631192997,
  "spacing_tr": 1.0,
  "spacing_x": 3.125,
  "spacing_y": 3.125,
  "spacing_z": 4.0,
  "summary_bg_k": 24.832741418978735,
  "summary_bg_mad": 130.17247559779565,
  "summary_bg_mean": 151.50369262695312,
  "summary_bg_median": 88.86000061035156,
  "summary_bg_n": 62623.0,
  "summary_bg_p05": 0.046666666865348816,
  "summary_bg_p95": 498.9033447265623,
  "summary_bg_stdv": 217.72775268554688,
  "summary_fg_k": 2.621437812690238,
  "summary_fg_mad": 303.3601047169607,
  "summary_fg_mean": 2890.9375,
  "summary_fg_median": 2877.646728515625,
  "summary_fg_n": 27041.0,
  "summary_fg_p05": 2358.320068359375,
  "summary_fg_p95": 3464.75341796875,
  "summary_fg_stdv": 353.93280029296875,
  "tsnr": 71.68221869738773
}