{
  "aor": 0.0017930666666666666,
  "aqi": 0.008966975133333334,
  "bids_meta": {
    "EchoTime": 0.0036,
    "InstitutionName": "U of M FMRI",
    "Modality": "MR",
    "PatientPosition": "HFS",
    "RepetitionTime": 2.0,
    "SliceTiming": [
      0,
      0.069,
      0.138,
      0.207,
      0.276,
      0.345,
      0.414,
      0.483,
      0.552,
      0.621,
      0.69,
      0.759,
      0.828,
      0.897,
      0.966,
      1.035,
      1.104,
      1.173,
      1.242,
      1.311,
      1.38,
      1.449,
      1.518,
      1.587,
      1.656,
      1.725,
      1.794,
      1.863,
      1.932
    ],
    "TaskName": "reward",
    "dataset": "MLS",
    "modality": "bold",
    "run_id": 2,
    "session_id": "1",
    "subject_id": "144",
    "task_id": "reward"
  },
  "dummy_trs": 0,
  "dvars_nstd": 20.08324857993288,
  "dvars_std": 1.082626015369128,
  "dvars_vstd": 1.0148622838255035,
  "efc": 0.5754303034479932,
  "fber": 983.9178466796875,
  "fd_mean": 0.10788425548899958,
  "fd_num": 11,
  "fd_perc": 7.333333333333333,
  "fwhm_avg": 2.1699674333333334,
  "fwhm_x": 2.2903232,
  "fwhm_y": 2.5045216,
  "fwhm_z": 1.7150575,
  "gcor": 0.0623285,
  "gsr_x": -0.0005282426136545837,
  "gsr_y": 0.036919914186000824,
  "provenance": {
    "md5sum": "2a838f8a62b41fce08de77bd4952d2d3",
    "settings": {
      "fd_thres": 0.2,
      "testing": false
    },
    "software": "mriqc",
    "version": "23.1.0rc0"
  },
  "size_t": 150,
  "size_x": 64,
  "size_y": 64,
  "size_z": 29,
  "snr": 8.319175509499546,
  "spacing_tr": 1.0,
  "spacing_x": 3.125,
  "spacing_y": 3.125,
  "spacing_z": 4.0,
  "summary_bg_k": 26.160255910374666,
  "summary_bg_mad": 131.23994906079733,
  "summary_bg_mean": 150.64352416992188,
  "summary_bg_median": 89.46666717529297,
  "summary_bg_n": 62539.0,
  "summary_bg_p05": 0.019999999552965164,
  "summary_bg_p95": 486.0946868896484,
  "summary_bg_stdv": 213.808837890625,
  "summary_fg_k": 2.6247621330365094,
  "summary_fg_mad": 295.5120135788654,
  "summary_fg_mean": 2884.048583984375,
  "summary_fg_median": 2872.5068359375,
  "summary_fg_n": 27209.0,
  "summary_fg_p05": 2359.5787109375,
  "summary_fg_p95": 3447.168115234375,
  "summary_fg_stdv": 345.2810974121094,
  "tsnr": 66.28488772781566
}