{
  "aor": 0.003651866666666667,
  "aqi": 0.0079688472,
  "bids_meta": {
    "EchoTime": 0.0036,
    "InstitutionName": "U of M FMRI",
    "Modality": "MR",
    "PatientPosition": "HFS",
    "RepetitionTime": 2.0,
    "SliceTiming": [
      0,
      0.069,
      0.138,
      0.207,
      0.276,
      0.345,
      0.414,
      0.483,
      0.552,
      0.621,
      0.69,
      0.759,
      0.828,
      0.897,
      0.966,
      1.035,
      1.104,
      1.173,
      1.242,
      1.311,
      1.38,
      1.449,
      1.518,
      1.587,
      1.656,
      1.725,
      1.794,
      1.863,
      1.932
    ],
    "TaskName": "reward",
    "dataset": "MLS",
    "modality": "bold",
    "run_id": 2,
    "session_id": "2",
    "subject_id": "46",
    "task_id": "reward"
  },
  "dummy_trs": 0,
  "dvars_nstd": 17.51703584899328,
  "dvars_std": 1.123162153221476,
  "dvars_vstd": 0.999880767718121,
  "efc": 0.559471690616989,
  "fber": 1237.5335693359375,
  "fd_mean": 0.09797527679161144,
  "fd_num": 6,
  "fd_perc": 4.0,
  "fwhm_avg": 2.5475609333333336,
  "fwhm_x": 2.7190368,
  "fwhm_y": 3.0287360000000003,
  "fwhm_z": 1.89491,
  "gcor": 0.0480499,
  "gsr_x": 0.004373897332698107,
  "gsr_y": 0.037456635385751724,
  "provenance": {
    "md5sum": "7a9d7e37da6d92aa342cf9f94bb6f0bb",
    "settings": {
      "fd_thres": 0.2,
      "testing": false
    },
    "software": "mriqc",
    "version": "23.1.0rc0"
  },
  "size_t": 150,
  "size_x": 64,
  "size_y": 64,
  "size_z": 29,
  "snr": 6.477582816865284,
  "spacing_tr": 1.0,
  "spacing_x": 3.125,
  "spacing_y": 3.125,
  "spacing_z": 4.0,
  "summary_bg_k": 44.00845841626356,
  "summary_bg_mad": 113.90339304810824,
  "summary_bg_mean": 131.32571411132812,
  "summary_bg_median": 78.80667114257812,
  "summary_bg_n": 63241.0,
  "summary_bg_p05": 0.02666666731238365,
  "summary_bg_p95": 462.4666748046875,
  "summary_bg_stdv": 200.8690185546875,
  "summary_fg_k": 1.0687954130423902,
  "summary_fg_mad": 389.410395393175,
  "summary_fg_mean": 2788.06982421875,
  "summary_fg_median": 2800.719970703125,
  "summary_fg_n": 26429.0,
  "summary_fg_p05": 2080.754736328125,
  "summary_fg_p95": 3477.0173828124994,
  "summary_fg_stdv": 432.36297607421875,
  "tsnr": 68.29527947958559
}