{
  "bids_meta": {
    "AcquisitionMatrixPE": 160,
    "CoilString": "HEAD",
    "EchoTime": 0.001784,
    "FlipAngle": 15,
    "ImageType": [
      "ORIGINAL",
      "PRIMARY",
      "OTHER"
    ],
    "InPlanePhaseEncodingDirectionDICOM": "ROW",
    "InstitutionName": "U of M FMRi",
    "InversionTime": 0.4,
    "MRAcquisitionType": "3D",
    "Modality": "MR",
    "PatientPosition": "HFS",
    "PercentPhaseFOV": 100,
    "PercentSampling": 100,
    "ReconMatrixPE": 256,
    "RepetitionTime": 0.008948,
    "SAR": 0.017417,
    "ScanningSequence": "GR",
    "SeriesDescription": "3d spgr IR axial",
    "dataset": "MLS",
    "modality": "T1w",
    "session_id": "1",
    "subject_id": "175"
  },
  "cjv": 0.35078726500121954,
  "cnr": 3.8362589727035337,
  "efc": 0.6026727950084728,
  "fber": 17031.013166444376,
  "fwhm_avg": 4.595767168962273,
  "fwhm_x": 4.98658,
  "fwhm_y": 4.77973,
  "fwhm_z": 4.02099150688682,
  "icvs_csf": 0.189960300795268,
  "icvs_gm": 0.44873206854335296,
  "icvs_wm": 0.36130763066137905,
  "inu_med": 0.627325713634491,
  "inu_range": 0.41484941840171785,
  "provenance": {
    "md5sum": "97d8d34165f8d40bc1a1a962cb298d0c",
    "settings": {
      "testing": false
    },
    "software": "mriqc",
    "version": "23.1.0rc0",
    "warnings": {
      "large_rot_frame": true,
      "small_air_mask": false
    }
  },
  "qi_1": 4.098888615629648e-06,
  "qi_2": 0.000936485236280864,
  "rpve_csf": 22.606709480208085,
  "rpve_gm": 10.265067540825191,
  "rpve_wm": 14.44445530718741,
  "size_x": 256,
  "size_y": 256,
  "size_z": 124,
  "snr_csf": 3.009934406400502,
  "snr_gm": 12.169061674387281,
  "snr_total": 12.114269882507251,
  "snr_wm": 21.163813566733975,
  "snrd_csf": 10.700314301808152,
  "snrd_gm": 26.372173608523568,
  "snrd_total": 24.820388849892577,
  "snrd_wm": 37.38867863934601,
  "spacing_x": 1.0,
  "spacing_y": 1.0,
  "spacing_z": 1.2000000476837158,
  "summary_bg_k": 8.691427320682088,
  "summary_bg_mad": 0.0,
  "summary_bg_mean": 11.639039588375763,
  "summary_bg_median": 0.0,
  "summary_bg_n": 1538414.0,
  "summary_bg_p05": 0.0,
  "summary_bg_p95": 47.65173925459385,
  "summary_bg_stdv": 17.522320048598772,
  "summary_csf_k": 3.770377175170654,
  "summary_csf_mad": 64.70336031880424,
  "summary_csf_mean": 294.4978038217315,
  "summary_csf_median": 286.19129057228565,
  "summary_csf_n": 20146.0,
  "summary_csf_p05": 150.7255406677723,
  "summary_csf_p95": 466.39880940690637,
  "summary_csf_stdv": 95.07987514435942,
  "summary_gm_k": 0.10128226816315555,
  "summary_gm_mad": 57.786554907534146,
  "summary_gm_mean": 703.3232858905618,
  "summary_gm_median": 705.3518417626619,
  "summary_gm_n": 27791.0,
  "summary_gm_p05": 604.8369418680668,
  "summary_gm_p95": 794.4921123459935,
  "summary_gm_stdv": 57.96167118131096,
  "summary_wm_k": 0.35576007603357995,
  "summary_wm_mad": 45.57226307759898,
  "summary_wm_mean": 1001.1467510982524,
  "summary_wm_median": 999.9999897927046,
  "summary_wm_n": 159816.0,
  "summary_wm_p05": 925.9166702181101,
  "summary_wm_p95": 1080.9174487888813,
  "summary_wm_stdv": 47.250315168235325,
  "tpm_overlap_csf": 0.17327198602906907,
  "tpm_overlap_gm": 0.4784612319607619,
  "tpm_overlap_wm": 0.5109690575648247,
  "wm2max": 0.6186918279208035
}