{
  "aor": 0.0022521333333333335,
  "aqi": 0.008225324066666666,
  "bids_meta": {
    "EchoTime": 0.0036,
    "InstitutionName": "U of M FMRI",
    "Modality": "MR",
    "PatientPosition": "HFS",
    "RepetitionTime": 2.0,
    "SliceTiming": [
      0,
      0.069,
      0.138,
      0.207,
      0.276,
      0.345,
      0.414,
      0.483,
      0.552,
      0.621,
      0.69,
      0.759,
      0.828,
      0.897,
      0.966,
      1.035,
      1.104,
      1.173,
      1.242,
      1.311,
      1.38,
      1.449,
      1.518,
      1.587,
      1.656,
      1.725,
      1.794,
      1.863,
      1.932
    ],
    "TaskName": "reward",
    "dataset": "MLS",
    "modality": "bold",
    "run_id": 2,
    "session_id": "2",
    "subject_id": "89",
    "task_id": "reward"
  },
  "dummy_trs": 0,
  "dvars_nstd": 17.465243768255032,
  "dvars_std": 1.058294953087248,
  "dvars_vstd": 0.9875895906040272,
  "efc": 0.536051240521722,
  "fber": 1456.6448974609375,
  "fd_mean": 0.13699489361044515,
  "fd_num": 28,
  "fd_perc": 18.666666666666668,
  "fwhm_avg": 2.4833234666666666,
  "fwhm_x": 2.5451648000000002,
  "fwhm_y": 2.9149056,
  "fwhm_z": 1.9899,
  "gcor": 0.0737134,
  "gsr_x": 0.005762963090091944,
  "gsr_y": 0.041871078312397,
  "provenance": {
    "md5sum": "b44a48e05d38360c09d58ff7e4315ffd",
    "settings": {
      "fd_thres": 0.2,
      "testing": false
    },
    "software": "mriqc",
    "version": "23.1.0rc0"
  },
  "size_t": 150,
  "size_x": 64,
  "size_y": 64,
  "size_z": 29,
  "snr": 7.683662144791848,
  "spacing_tr": 1.0,
  "spacing_x": 3.125,
  "spacing_y": 3.125,
  "spacing_z": 4.0,
  "summary_bg_k": 30.990198273507033,
  "summary_bg_mad": 279.8411765194905,
  "summary_bg_mean": 321.4360656738281,
  "summary_bg_median": 200.5966796875,
  "summary_bg_n": 66398.0,
  "summary_bg_p05": 0.1133333370089531,
  "summary_bg_p95": 1088.6497314453125,
  "summary_bg_stdv": 467.52276611328125,
  "summary_fg_k": 0.6403275858220798,
  "summary_fg_mad": 957.820033194076,
  "summary_fg_mean": 7722.86962890625,
  "summary_fg_median": 7691.43017578125,
  "summary_fg_n": 23776.0,
  "summary_fg_p05": 6150.5350341796875,
  "summary_fg_p95": 9397.75390625,
  "summary_fg_stdv": 1000.9899291992188,
  "tsnr": 65.21367973857559
}