{
  "aor": 0.0028161333333333333,
  "aqi": 0.007610561733333332,
  "bids_meta": {
    "EchoTime": 0.0036,
    "InstitutionName": "U of M FMRI",
    "Modality": "MR",
    "PatientPosition": "HFS",
    "RepetitionTime": 2.0,
    "SliceTiming": [
      0,
      0.069,
      0.138,
      0.207,
      0.276,
      0.345,
      0.414,
      0.483,
      0.552,
      0.621,
      0.69,
      0.759,
      0.828,
      0.897,
      0.966,
      1.035,
      1.104,
      1.173,
      1.242,
      1.311,
      1.38,
      1.449,
      1.518,
      1.587,
      1.656,
      1.725,
      1.794,
      1.863,
      1.932
    ],
    "TaskName": "reward",
    "dataset": "MLS",
    "modality": "bold",
    "run_id": 1,
    "session_id": "2",
    "subject_id": "89",
    "task_id": "reward"
  },
  "dummy_trs": 0,
  "dvars_nstd": 17.982706146644293,
  "dvars_std": 1.1064761212080534,
  "dvars_vstd": 1.0108862585906044,
  "efc": 0.5379117288361006,
  "fber": 1389.4990234375,
  "fd_mean": 0.13309296471637277,
  "fd_num": 24,
  "fd_perc": 16.0,
  "fwhm_avg": 2.4669461666666668,
  "fwhm_x": 2.547488,
  "fwhm_y": 2.933568,
  "fwhm_z": 1.9197825,
  "gcor": 0.0687587,
  "gsr_x": 0.004707342945039272,
  "gsr_y": 0.039849817752838135,
  "provenance": {
    "md5sum": "c152283134090f612aa05a6d6a8187fa",
    "settings": {
      "fd_thres": 0.2,
      "testing": false
    },
    "software": "mriqc",
    "version": "23.1.0rc0"
  },
  "size_t": 150,
  "size_x": 64,
  "size_y": 64,
  "size_z": 29,
  "snr": 7.631399230692513,
  "spacing_tr": 1.0,
  "spacing_x": 3.125,
  "spacing_y": 3.125,
  "spacing_z": 4.0,
  "summary_bg_k": 24.2611094714814,
  "summary_bg_mad": 290.6888861920943,
  "summary_bg_mean": 323.8223571777344,
  "summary_bg_median": 204.4666748046875,
  "summary_bg_n": 66153.0,
  "summary_bg_p05": 0.29333335161209106,
  "summary_bg_p95": 1100.193359374999,
  "summary_bg_stdv": 464.2326965332031,
  "summary_fg_k": 1.1866477755095977,
  "summary_fg_mad": 965.7669403491763,
  "summary_fg_mean": 7714.552734375,
  "summary_fg_median": 7690.94677734375,
  "summary_fg_n": 23945.0,
  "summary_fg_p05": 6171.908203125,
  "summary_fg_p95": 9387.8400390625,
  "summary_fg_stdv": 1007.7819213867188,
  "tsnr": 66.1486758585088
}