{
  "aor": 0.0007710000000000001,
  "aqi": 0.006967255133333334,
  "bids_meta": {
    "EchoTime": 0.0036,
    "InstitutionName": "U of M FMRI",
    "Modality": "MR",
    "PatientPosition": "HFS",
    "RepetitionTime": 2.0,
    "SliceTiming": [
      0,
      0.069,
      0.138,
      0.207,
      0.276,
      0.345,
      0.414,
      0.483,
      0.552,
      0.621,
      0.69,
      0.759,
      0.828,
      0.897,
      0.966,
      1.035,
      1.104,
      1.173,
      1.242,
      1.311,
      1.38,
      1.449,
      1.518,
      1.587,
      1.656,
      1.725,
      1.794,
      1.863,
      1.932
    ],
    "TaskName": "reward",
    "dataset": "MLS",
    "modality": "bold",
    "run_id": 2,
    "session_id": "2",
    "subject_id": "64",
    "task_id": "reward"
  },
  "dummy_trs": 0,
  "dvars_nstd": 22.71922926959733,
  "dvars_std": 1.1071740691275174,
  "dvars_vstd": 0.998452918456376,
  "efc": 0.5994356343271351,
  "fber": 806.8038940429688,
  "fd_mean": 0.07967781642364632,
  "fd_num": 2,
  "fd_perc": 1.3333333333333333,
  "fwhm_avg": 2.0299411333333333,
  "fwhm_x": 2.0438016,
  "fwhm_y": 2.3996768,
  "fwhm_z": 1.646345,
  "gcor": 0.0539082,
  "gsr_x": 0.00016178411897271872,
  "gsr_y": 0.04757057502865791,
  "provenance": {
    "md5sum": "6c756aa70c08673df247fc64c98529d5",
    "settings": {
      "fd_thres": 0.2,
      "testing": false
    },
    "software": "mriqc",
    "version": "23.1.0rc0"
  },
  "size_t": 150,
  "size_x": 64,
  "size_y": 64,
  "size_z": 29,
  "snr": 6.7693050002449615,
  "spacing_tr": 1.0,
  "spacing_x": 3.125,
  "spacing_y": 3.125,
  "spacing_z": 4.0,
  "summary_bg_k": 19.913986234439538,
  "summary_bg_mad": 141.77631203421822,
  "summary_bg_mean": 168.82647705078125,
  "summary_bg_median": 96.22666931152344,
  "summary_bg_n": 58757.0,
  "summary_bg_p05": 0.013333333656191826,
  "summary_bg_p95": 578.3666748046872,
  "summary_bg_stdv": 237.2764129638672,
  "summary_fg_k": 1.7980647395604734,
  "summary_fg_mad": 370.6257601312912,
  "summary_fg_mean": 2823.07275390625,
  "summary_fg_median": 2790.226806640625,
  "summary_fg_n": 30164.0,
  "summary_fg_p05": 2251.2706298828125,
  "summary_fg_p95": 3526.537084960937,
  "summary_fg_stdv": 412.1812438964844,
  "tsnr": 66.73456740938127
}