{
  "aor": 0.0035378,
  "aqi": 0.010112401333333333,
  "bids_meta": {
    "EchoTime": 0.0036,
    "InstitutionName": "U of M FMRI",
    "Modality": "MR",
    "PatientPosition": "HFS",
    "RepetitionTime": 2.0,
    "SliceTiming": [
      0,
      0.069,
      0.138,
      0.207,
      0.276,
      0.345,
      0.414,
      0.483,
      0.552,
      0.621,
      0.69,
      0.759,
      0.828,
      0.897,
      0.966,
      1.035,
      1.104,
      1.173,
      1.242,
      1.311,
      1.38,
      1.449,
      1.518,
      1.587,
      1.656,
      1.725,
      1.794,
      1.863,
      1.932
    ],
    "TaskName": "reward",
    "dataset": "MLS",
    "modality": "bold",
    "run_id": 2,
    "session_id": "2",
    "subject_id": "63",
    "task_id": "reward"
  },
  "dummy_trs": 0,
  "dvars_nstd": 26.550996178791948,
  "dvars_std": 1.0659372473154363,
  "dvars_vstd": 1.021042450939597,
  "efc": 0.5447079974720297,
  "fber": 830.0286254882812,
  "fd_mean": 0.1968825697591195,
  "fd_num": 41,
  "fd_perc": 27.333333333333332,
  "fwhm_avg": 2.5628771333333336,
  "fwhm_x": 2.7125152000000003,
  "fwhm_y": 3.0256512,
  "fwhm_z": 1.950465,
  "gcor": 0.166953,
  "gsr_x": 0.016027988865971565,
  "gsr_y": 0.042123761028051376,
  "provenance": {
    "md5sum": "0db52190c52d7236b67148ecc501fb66",
    "settings": {
      "fd_thres": 0.2,
      "testing": false
    },
    "software": "mriqc",
    "version": "23.1.0rc0"
  },
  "size_t": 150,
  "size_x": 64,
  "size_y": 64,
  "size_z": 29,
  "snr": 6.584682969601083,
  "spacing_tr": 1.0,
  "spacing_x": 3.125,
  "spacing_y": 3.125,
  "spacing_z": 4.0,
  "summary_bg_k": 19.602383069244194,
  "summary_bg_mad": 154.5563456391655,
  "summary_bg_mean": 180.97340393066406,
  "summary_bg_median": 107.02000427246094,
  "summary_bg_n": 68293.0,
  "summary_bg_p05": 0.1066666692495346,
  "summary_bg_p95": 613.0533691406248,
  "summary_bg_stdv": 241.1284942626953,
  "summary_fg_k": 0.9782405819036937,
  "summary_fg_mad": 430.8687820147778,
  "summary_fg_mean": 3130.825927734375,
  "summary_fg_median": 3141.32666015625,
  "summary_fg_n": 22256.0,
  "summary_fg_p05": 2329.4816284179688,
  "summary_fg_p95": 3894.1967163085938,
  "summary_fg_stdv": 477.0550231933594,
  "tsnr": 42.93685047631152
}