{
  "bids_meta": {
    "AcquisitionMatrixPE": 160,
    "CoilString": "HEAD",
    "EchoTime": 0.001784,
    "FlipAngle": 15,
    "ImageType": [
      "ORIGINAL",
      "PRIMARY",
      "OTHER"
    ],
    "InPlanePhaseEncodingDirectionDICOM": "ROW",
    "InstitutionName": "U of M FMRi",
    "InversionTime": 0.4,
    "MRAcquisitionType": "3D",
    "Modality": "MR",
    "PatientPosition": "HFS",
    "PercentPhaseFOV": 100,
    "PercentSampling": 100,
    "ReconMatrixPE": 256,
    "RepetitionTime": 0.008948,
    "SAR": 0.017417,
    "ScanningSequence": "GR",
    "SeriesDescription": "3d spgr IR axial",
    "dataset": "MLS",
    "modality": "T1w",
    "session_id": "1",
    "subject_id": "85"
  },
  "cjv": 0.3113136960234371,
  "cnr": 4.3966980972164995,
  "efc": 0.7354438111382677,
  "fber": -1.0,
  "fwhm_avg": 5.502262720971132,
  "fwhm_x": 5.78423,
  "fwhm_y": 6.4338,
  "fwhm_z": 4.288758162913395,
  "icvs_csf": 0.19067381255882748,
  "icvs_gm": 0.43623288210255734,
  "icvs_wm": 0.3730933053386152,
  "inu_med": 0.5678099989891052,
  "inu_range": 0.3250525057315826,
  "provenance": {
    "md5sum": "f784af84ba47d51ba0df5b5ded143e84",
    "settings": {
      "testing": false
    },
    "software": "mriqc",
    "version": "23.1.0rc0",
    "warnings": {
      "large_rot_frame": true,
      "small_air_mask": true
    }
  },
  "qi_1": 0.0,
  "qi_2": 0.0027405911095302986,
  "rpve_csf": 11.314914391008479,
  "rpve_gm": 5.305926295119769,
  "rpve_wm": 7.347268405836847,
  "size_x": 201,
  "size_y": 181,
  "size_z": 126,
  "snr_csf": 1.8117411502804128,
  "snr_gm": 12.698411867218988,
  "snr_total": 12.515578781007255,
  "snr_wm": 23.036583325522365,
  "snrd_csf": 14.409959239209313,
  "snrd_gm": 35.916331661634985,
  "snrd_total": 34.14095111363809,
  "snrd_wm": 52.09656244006998,
  "spacing_x": 1.0,
  "spacing_y": 1.0,
  "spacing_z": 1.2000000476837158,
  "summary_bg_k": 8.377771543912987,
  "summary_bg_mad": 0.0,
  "summary_bg_mean": 7.218787669297767,
  "summary_bg_median": 0.0,
  "summary_bg_n": 399268.0,
  "summary_bg_p05": 0.0,
  "summary_bg_p95": 33.05055771768093,
  "summary_bg_stdv": 12.576041829739227,
  "summary_csf_k": 87.60478196117123,
  "summary_csf_mad": 87.53264028913614,
  "summary_csf_mean": 292.150668550945,
  "summary_csf_median": 276.6145342513919,
  "summary_csf_n": 21751.0,
  "summary_csf_p05": 121.3896967805922,
  "summary_csf_p95": 455.54848842322826,
  "summary_csf_stdv": 152.67532863236855,
  "summary_gm_k": -0.009514910414577304,
  "summary_gm_mad": 55.32586317278455,
  "summary_gm_mean": 687.0753226964182,
  "summary_gm_median": 689.4522871077061,
  "summary_gm_n": 26876.0,
  "summary_gm_p05": 595.2900712955743,
  "summary_gm_p95": 771.735426351428,
  "summary_gm_stdv": 54.29336106400475,
  "summary_wm_k": 0.5646189818446419,
  "summary_wm_mad": 41.36716970474955,
  "summary_wm_mean": 1002.4068140062301,
  "summary_wm_median": 1000.0490713566542,
  "summary_wm_n": 182665.0,
  "summary_wm_p05": 935.6151947379112,
  "summary_wm_p95": 1077.1833848431706,
  "summary_wm_stdv": 43.41122638874045,
  "tpm_overlap_csf": 0.18326992480288612,
  "tpm_overlap_gm": 0.4911568625157163,
  "tpm_overlap_wm": 0.5339762612635368,
  "wm2max": 0.36773778063919577
}