{
  "aor": 0.0007496621621621622,
  "aqi": 0.008044301351351351,
  "bids_meta": {
    "EchoTime": 0.0036,
    "InstitutionName": "U of M FMRI",
    "Modality": "MR",
    "PatientPosition": "HFS",
    "RepetitionTime": 2.0,
    "SliceTiming": [
      0,
      0.069,
      0.138,
      0.207,
      0.276,
      0.345,
      0.414,
      0.483,
      0.552,
      0.621,
      0.69,
      0.759,
      0.828,
      0.897,
      0.966,
      1.035,
      1.104,
      1.173,
      1.242,
      1.311,
      1.38,
      1.449,
      1.518,
      1.587,
      1.656,
      1.725,
      1.794,
      1.863,
      1.932
    ],
    "TaskName": "reward",
    "dataset": "MLS",
    "modality": "bold",
    "run_id": 2,
    "session_id": "2",
    "subject_id": "197",
    "task_id": "reward"
  },
  "dummy_trs": 2,
  "dvars_nstd": 16.55405998870748,
  "dvars_std": 1.0751963340136061,
  "dvars_vstd": 0.9486865513605443,
  "efc": 0.5517379031872554,
  "fber": 1290.1376953125,
  "fd_mean": 0.09619131001949684,
  "fd_num": 10,
  "fd_perc": 6.756756756756757,
  "fwhm_avg": 2.2103554333333335,
  "fwhm_x": 2.2835136,
  "fwhm_y": 2.6017151999999997,
  "fwhm_z": 1.7458375,
  "gcor": 0.0345974,
  "gsr_x": 0.004222890827804804,
  "gsr_y": 0.02506028674542904,
  "provenance": {
    "md5sum": "3b582d7f9c41441fbc027d47cbbd6291",
    "settings": {
      "fd_thres": 0.2,
      "testing": false
    },
    "software": "mriqc",
    "version": "23.1.0rc0"
  },
  "size_t": 148,
  "size_x": 64,
  "size_y": 64,
  "size_z": 29,
  "snr": 8.33798677507889,
  "spacing_tr": 1.0,
  "spacing_x": 3.125,
  "spacing_y": 3.125,
  "spacing_z": 4.0,
  "summary_bg_k": 16.11782729778323,
  "summary_bg_mad": 324.3793466784081,
  "summary_bg_mean": 373.9989929199219,
  "summary_bg_median": 221.83108520507812,
  "summary_bg_n": 64805.0,
  "summary_bg_p05": 0.0878378376364708,
  "summary_bg_p95": 1308.137890624999,
  "summary_bg_stdv": 538.3660888671875,
  "summary_fg_k": 3.3248083289568804,
  "summary_fg_mad": 864.0769336922026,
  "summary_fg_mean": 8041.3271484375,
  "summary_fg_median": 8101.85498046875,
  "summary_fg_n": 25182.0,
  "summary_fg_p05": 6445.474951171875,
  "summary_fg_p95": 9477.952587890624,
  "summary_fg_stdv": 971.6607055664062,
  "tsnr": 73.8568905601278
}