{
  "aor": 0.0061508,
  "aqi": 0.004002731333333333,
  "bids_meta": {
    "EchoTime": 0.0036,
    "InstitutionName": "U of M FMRI",
    "Modality": "MR",
    "PatientPosition": "HFS",
    "RepetitionTime": 2.0,
    "SliceTiming": [
      0,
      0.069,
      0.138,
      0.207,
      0.276,
      0.345,
      0.414,
      0.483,
      0.552,
      0.621,
      0.69,
      0.759,
      0.828,
      0.897,
      0.966,
      1.035,
      1.104,
      1.173,
      1.242,
      1.311,
      1.38,
      1.449,
      1.518,
      1.587,
      1.656,
      1.725,
      1.794,
      1.863,
      1.932
    ],
    "TaskName": "reward",
    "dataset": "MLS",
    "modality": "bold",
    "run_id": 2,
    "session_id": "1",
    "subject_id": "128",
    "task_id": "reward"
  },
  "dummy_trs": 0,
  "dvars_nstd": 19.263212971879195,
  "dvars_std": 1.112196724228188,
  "dvars_vstd": 1.05129286590604,
  "efc": 0.5711160802032534,
  "fber": 927.6583251953125,
  "fd_mean": 0.10146973107639339,
  "fd_num": 11,
  "fd_perc": 7.333333333333333,
  "fwhm_avg": 2.5244896333333333,
  "fwhm_x": 2.6763391999999997,
  "fwhm_y": 2.9682272,
  "fwhm_z": 1.9289025,
  "gcor": 0.0859735,
  "gsr_x": 0.01145231258124113,
  "gsr_y": 0.038310807198286057,
  "provenance": {
    "md5sum": "190b0dbe7afa206bb49a7a8c10dffe4f",
    "settings": {
      "fd_thres": 0.2,
      "testing": false
    },
    "software": "mriqc",
    "version": "23.1.0rc0"
  },
  "size_t": 150,
  "size_x": 64,
  "size_y": 64,
  "size_z": 29,
  "snr": 6.231864809550791,
  "spacing_tr": 1.0,
  "spacing_x": 3.125,
  "spacing_y": 3.125,
  "spacing_z": 4.0,
  "summary_bg_k": 16.621843038336557,
  "summary_bg_mad": 133.25629251767265,
  "summary_bg_mean": 175.9022674560547,
  "summary_bg_median": 90.37333679199219,
  "summary_bg_n": 64228.0,
  "summary_bg_p05": 0.013333333656191826,
  "summary_bg_p95": 649.171011352539,
  "summary_bg_stdv": 247.2974853515625,
  "summary_fg_k": 0.7740456350092733,
  "summary_fg_mad": 425.77867124872927,
  "summary_fg_mean": 2841.59423828125,
  "summary_fg_median": 2845.570068359375,
  "summary_fg_n": 25296.0,
  "summary_fg_p05": 2099.1383056640625,
  "summary_fg_p95": 3596.28515625,
  "summary_fg_stdv": 456.60711669921875,
  "tsnr": 68.74091096688062
}