{
  "aor": 0.0019164666666666667,
  "aqi": 0.0042389556,
  "bids_meta": {
    "EchoTime": 0.0036,
    "InstitutionName": "U of M FMRI",
    "Modality": "MR",
    "PatientPosition": "HFS",
    "RepetitionTime": 2.0,
    "SliceTiming": [
      0,
      0.069,
      0.138,
      0.207,
      0.276,
      0.345,
      0.414,
      0.483,
      0.552,
      0.621,
      0.69,
      0.759,
      0.828,
      0.897,
      0.966,
      1.035,
      1.104,
      1.173,
      1.242,
      1.311,
      1.38,
      1.449,
      1.518,
      1.587,
      1.656,
      1.725,
      1.794,
      1.863,
      1.932
    ],
    "TaskName": "reward",
    "dataset": "MLS",
    "modality": "bold",
    "run_id": 1,
    "session_id": "1",
    "subject_id": "128",
    "task_id": "reward"
  },
  "dummy_trs": 0,
  "dvars_nstd": 17.999245439127524,
  "dvars_std": 1.0856875269798656,
  "dvars_vstd": 1.0189752904697988,
  "efc": 0.5698541732383755,
  "fber": 958.7060546875,
  "fd_mean": 0.09210282747237096,
  "fd_num": 7,
  "fd_perc": 4.666666666666667,
  "fwhm_avg": 2.4737356999999998,
  "fwhm_x": 2.6062208,
  "fwhm_y": 2.9253888,
  "fwhm_z": 1.8895975,
  "gcor": 0.0782132,
  "gsr_x": 0.01086695771664381,
  "gsr_y": 0.038854535669088364,
  "provenance": {
    "md5sum": "6ce92ccb2afd4f5074a76a844243ea7f",
    "settings": {
      "fd_thres": 0.2,
      "testing": false
    },
    "software": "mriqc",
    "version": "23.1.0rc0"
  },
  "size_t": 150,
  "size_x": 64,
  "size_y": 64,
  "size_z": 29,
  "snr": 6.241896274343018,
  "spacing_tr": 1.0,
  "spacing_x": 3.125,
  "spacing_y": 3.125,
  "spacing_z": 4.0,
  "summary_bg_k": 17.868366249796857,
  "summary_bg_mad": 131.75391910712003,
  "summary_bg_mean": 175.44276428222656,
  "summary_bg_median": 89.61333465576172,
  "summary_bg_n": 64306.0,
  "summary_bg_p05": 0.03999999910593033,
  "summary_bg_p95": 644.3583526611328,
  "summary_bg_stdv": 252.66346740722656,
  "summary_fg_k": 0.7533391447254512,
  "summary_fg_mad": 427.0042794303357,
  "summary_fg_mean": 2851.12646484375,
  "summary_fg_median": 2853.33349609375,
  "summary_fg_n": 25220.0,
  "summary_fg_p05": 2112.2853881835936,
  "summary_fg_p95": 3611.9481811523438,
  "summary_fg_stdv": 457.11700439453125,
  "tsnr": 69.79728392791003
}