{
  "aor": 0.00039173333333333333,
  "aqi": 0.005155774399999999,
  "bids_meta": {
    "EchoTime": 0.0036,
    "InstitutionName": "U of M FMRI",
    "Modality": "MR",
    "PatientPosition": "HFS",
    "RepetitionTime": 2.0,
    "SliceTiming": [
      0,
      0.069,
      0.138,
      0.207,
      0.276,
      0.345,
      0.414,
      0.483,
      0.552,
      0.621,
      0.69,
      0.759,
      0.828,
      0.897,
      0.966,
      1.035,
      1.104,
      1.173,
      1.242,
      1.311,
      1.38,
      1.449,
      1.518,
      1.587,
      1.656,
      1.725,
      1.794,
      1.863,
      1.932
    ],
    "TaskName": "reward",
    "dataset": "MLS",
    "modality": "bold",
    "run_id": 1,
    "session_id": "2",
    "subject_id": "81",
    "task_id": "reward"
  },
  "dummy_trs": 0,
  "dvars_nstd": 18.189161793221473,
  "dvars_std": 1.0872734688590602,
  "dvars_vstd": 0.9781477485234898,
  "efc": 0.5182705130844855,
  "fber": 1320.1390380859375,
  "fd_mean": 0.0884803400462174,
  "fd_num": 3,
  "fd_perc": 2.0,
  "fwhm_avg": 2.3419032,
  "fwhm_x": 2.5109472,
  "fwhm_y": 2.7032224,
  "fwhm_z": 1.81154,
  "gcor": 0.0134161,
  "gsr_x": -0.0018506388878449798,
  "gsr_y": 0.027969641610980034,
  "provenance": {
    "md5sum": "448ef294a7f810ec3461da57e1c15dfe",
    "settings": {
      "fd_thres": 0.2,
      "testing": false
    },
    "software": "mriqc",
    "version": "23.1.0rc0"
  },
  "size_t": 150,
  "size_x": 64,
  "size_y": 64,
  "size_z": 29,
  "snr": 7.170373861067262,
  "spacing_tr": 1.0,
  "spacing_x": 3.125,
  "spacing_y": 3.125,
  "spacing_z": 4.0,
  "summary_bg_k": 26.34731182805378,
  "summary_bg_mad": 64.48331037875029,
  "summary_bg_mean": 76.71172332763672,
  "summary_bg_median": 46.96666717529297,
  "summary_bg_n": 69895.0,
  "summary_bg_p05": 0.0,
  "summary_bg_p95": 266.4606842041017,
  "summary_bg_stdv": 111.99461364746094,
  "summary_fg_k": 1.3780384159612957,
  "summary_fg_mad": 217.58671606641946,
  "summary_fg_mean": 1730.791015625,
  "summary_fg_median": 1736.760009765625,
  "summary_fg_n": 20794.0,
  "summary_fg_p05": 1326.3286926269532,
  "summary_fg_p95": 2112.1113891601562,
  "summary_fg_stdv": 242.20748901367188,
  "tsnr": 79.16989125078544
}