{
  "aor": 0.0009062666666666667,
  "aqi": 0.0034435744666666663,
  "bids_meta": {
    "EchoTime": 0.0036,
    "InstitutionName": "U of M FMRI",
    "Modality": "MR",
    "PatientPosition": "HFS",
    "RepetitionTime": 2.0,
    "SliceTiming": [
      0,
      0.069,
      0.138,
      0.207,
      0.276,
      0.345,
      0.414,
      0.483,
      0.552,
      0.621,
      0.69,
      0.759,
      0.828,
      0.897,
      0.966,
      1.035,
      1.104,
      1.173,
      1.242,
      1.311,
      1.38,
      1.449,
      1.518,
      1.587,
      1.656,
      1.725,
      1.794,
      1.863,
      1.932
    ],
    "TaskName": "reward",
    "dataset": "MLS",
    "modality": "bold",
    "run_id": 1,
    "session_id": "1",
    "subject_id": "95",
    "task_id": "reward"
  },
  "dummy_trs": 0,
  "dvars_nstd": 18.038186297449656,
  "dvars_std": 1.0912214150335569,
  "dvars_vstd": 1.0139453454362417,
  "efc": 0.582049192194451,
  "fber": 639.7548217773438,
  "fd_mean": 0.09958943257049778,
  "fd_num": 6,
  "fd_perc": 4.0,
  "fwhm_avg": 2.6219347333333336,
  "fwhm_x": 2.7665024,
  "fwhm_y": 3.1255968000000003,
  "fwhm_z": 1.973705,
  "gcor": 0.032183,
  "gsr_x": 0.011864811182022095,
  "gsr_y": 0.03753877431154251,
  "provenance": {
    "md5sum": "dec0165f9bab67fed13dd8d750566ad9",
    "settings": {
      "fd_thres": 0.2,
      "testing": false
    },
    "software": "mriqc",
    "version": "23.1.0rc0"
  },
  "size_t": 150,
  "size_x": 64,
  "size_y": 64,
  "size_z": 29,
  "snr": 6.247851382691485,
  "spacing_tr": 1.0,
  "spacing_x": 3.125,
  "spacing_y": 3.125,
  "spacing_z": 4.0,
  "summary_bg_k": 10.758178677389102,
  "summary_bg_mad": 161.03036818045436,
  "summary_bg_mean": 186.56283569335938,
  "summary_bg_median": 109.53333282470703,
  "summary_bg_n": 63318.0,
  "summary_bg_p05": 0.006666666828095913,
  "summary_bg_p95": 648.4640228271483,
  "summary_bg_stdv": 245.76736450195312,
  "summary_fg_k": 0.8324225748067051,
  "summary_fg_mad": 427.3401814954659,
  "summary_fg_mean": 2870.098876953125,
  "summary_fg_median": 2883.556640625,
  "summary_fg_n": 26028.0,
  "summary_fg_p05": 2105.303356933594,
  "summary_fg_p95": 3606.8590820312497,
  "summary_fg_stdv": 461.51885986328125,
  "tsnr": 76.69714573025703
}