{
  "aor": 0.0008085333333333333,
  "aqi": 0.0034012314,
  "bids_meta": {
    "EchoTime": 0.0036,
    "InstitutionName": "U of M FMRI",
    "Modality": "MR",
    "PatientPosition": "HFS",
    "RepetitionTime": 2.0,
    "SliceTiming": [
      0,
      0.069,
      0.138,
      0.207,
      0.276,
      0.345,
      0.414,
      0.483,
      0.552,
      0.621,
      0.69,
      0.759,
      0.828,
      0.897,
      0.966,
      1.035,
      1.104,
      1.173,
      1.242,
      1.311,
      1.38,
      1.449,
      1.518,
      1.587,
      1.656,
      1.725,
      1.794,
      1.863,
      1.932
    ],
    "TaskName": "reward",
    "dataset": "MLS",
    "modality": "bold",
    "run_id": 2,
    "session_id": "1",
    "subject_id": "95",
    "task_id": "reward"
  },
  "dummy_trs": 0,
  "dvars_nstd": 18.982225732147644,
  "dvars_std": 1.0962258387248325,
  "dvars_vstd": 1.0139303633557046,
  "efc": 0.5826221304498824,
  "fber": 628.2361450195312,
  "fd_mean": 0.1291071317436903,
  "fd_num": 20,
  "fd_perc": 13.333333333333334,
  "fwhm_avg": 2.6254008333333334,
  "fwhm_x": 2.7540832,
  "fwhm_y": 3.1307168,
  "fwhm_z": 1.9914025,
  "gcor": 0.0639595,
  "gsr_x": 0.013100686483085155,
  "gsr_y": 0.03842468559741974,
  "provenance": {
    "md5sum": "93e74d9c08b8ffb8eb689e8e00e27312",
    "settings": {
      "fd_thres": 0.2,
      "testing": false
    },
    "software": "mriqc",
    "version": "23.1.0rc0"
  },
  "size_t": 150,
  "size_x": 64,
  "size_y": 64,
  "size_z": 29,
  "snr": 6.199839227779863,
  "spacing_tr": 1.0,
  "spacing_x": 3.125,
  "spacing_y": 3.125,
  "spacing_z": 4.0,
  "summary_bg_k": 9.913824952957329,
  "summary_bg_mad": 161.51469354539358,
  "summary_bg_mean": 186.7125701904297,
  "summary_bg_median": 109.45333862304688,
  "summary_bg_n": 63305.0,
  "summary_bg_p05": 0.013333333656191826,
  "summary_bg_p95": 650.5733520507805,
  "summary_bg_stdv": 246.0952606201172,
  "summary_fg_k": 0.8697384234611385,
  "summary_fg_mad": 425.81323875650935,
  "summary_fg_mean": 2850.535400390625,
  "summary_fg_median": 2864.06005859375,
  "summary_fg_n": 26020.0,
  "summary_fg_p05": 2079.669677734375,
  "summary_fg_p95": 3584.347021484375,
  "summary_fg_stdv": 461.9482727050781,
  "tsnr": 76.62754937261343
}