{
  "aor": 0.005995666666666667,
  "aqi": 0.0163043688,
  "bids_meta": {
    "EchoTime": 0.0036,
    "InstitutionName": "U of M FMRI",
    "Modality": "MR",
    "PatientPosition": "HFS",
    "RepetitionTime": 2.0,
    "SliceTiming": [
      0,
      0.069,
      0.138,
      0.207,
      0.276,
      0.345,
      0.414,
      0.483,
      0.552,
      0.621,
      0.69,
      0.759,
      0.828,
      0.897,
      0.966,
      1.035,
      1.104,
      1.173,
      1.242,
      1.311,
      1.38,
      1.449,
      1.518,
      1.587,
      1.656,
      1.725,
      1.794,
      1.863,
      1.932
    ],
    "TaskName": "reward",
    "dataset": "MLS",
    "modality": "bold",
    "run_id": 2,
    "session_id": "1",
    "subject_id": "177",
    "task_id": "reward"
  },
  "dummy_trs": 0,
  "dvars_nstd": 25.61701581946309,
  "dvars_std": 1.088048024765101,
  "dvars_vstd": 0.9843291789261741,
  "efc": 0.5639626269095102,
  "fber": 1216.3365478515625,
  "fd_mean": 0.31532216696970394,
  "fd_num": 70,
  "fd_perc": 46.666666666666664,
  "fwhm_avg": 2.6879076333333334,
  "fwhm_x": 2.8352672,
  "fwhm_y": 3.1472032000000003,
  "fwhm_z": 2.0812525,
  "gcor": 0.061929,
  "gsr_x": 0.011126438155770302,
  "gsr_y": 0.03423185646533966,
  "provenance": {
    "md5sum": "9a33c9e7bc60cf31e3d05c6763ae5f15",
    "settings": {
      "fd_thres": 0.2,
      "testing": false
    },
    "software": "mriqc",
    "version": "23.1.0rc0"
  },
  "size_t": 150,
  "size_x": 64,
  "size_y": 64,
  "size_z": 29,
  "snr": 7.1404272951387275,
  "spacing_tr": 1.0,
  "spacing_x": 3.125,
  "spacing_y": 3.125,
  "spacing_z": 4.0,
  "summary_bg_k": 18.849944803174306,
  "summary_bg_mad": 122.56672551697169,
  "summary_bg_mean": 132.4122314453125,
  "summary_bg_median": 86.93000030517578,
  "summary_bg_n": 62606.0,
  "summary_bg_p05": 0.1733333319425583,
  "summary_bg_p95": 454.94000244140625,
  "summary_bg_stdv": 181.14010620117188,
  "summary_fg_k": 0.4592301831292027,
  "summary_fg_mad": 406.86553896839587,
  "summary_fg_mean": 3047.62060546875,
  "summary_fg_median": 3061.36669921875,
  "summary_fg_n": 27218.0,
  "summary_fg_p05": 2314.368310546875,
  "summary_fg_p95": 3716.9447753906247,
  "summary_fg_stdv": 428.72930908203125,
  "tsnr": 45.88835760951042
}