{
  "aor": 0.0072030666666666665,
  "aqi": 0.008165141866666668,
  "bids_meta": {
    "EchoTime": 0.0036,
    "InstitutionName": "U of M FMRI",
    "Modality": "MR",
    "PatientPosition": "HFS",
    "RepetitionTime": 2.0,
    "SliceTiming": [
      0,
      0.069,
      0.138,
      0.207,
      0.276,
      0.345,
      0.414,
      0.483,
      0.552,
      0.621,
      0.69,
      0.759,
      0.828,
      0.897,
      0.966,
      1.035,
      1.104,
      1.173,
      1.242,
      1.311,
      1.38,
      1.449,
      1.518,
      1.587,
      1.656,
      1.725,
      1.794,
      1.863,
      1.932
    ],
    "TaskName": "reward",
    "dataset": "MLS",
    "modality": "bold",
    "run_id": 1,
    "session_id": "1",
    "subject_id": "177",
    "task_id": "reward"
  },
  "dummy_trs": 0,
  "dvars_nstd": 24.284702723422814,
  "dvars_std": 1.2093244953691273,
  "dvars_vstd": 1.0589868970469798,
  "efc": 0.5642463377375093,
  "fber": 1239.9132080078125,
  "fd_mean": 0.3273516672622707,
  "fd_num": 78,
  "fd_perc": 52.0,
  "fwhm_avg": 2.692699466666666,
  "fwhm_x": 2.8546015999999996,
  "fwhm_y": 3.1749568,
  "fwhm_z": 2.04854,
  "gcor": 0.0239935,
  "gsr_x": 0.00982227548956871,
  "gsr_y": 0.033042047172784805,
  "provenance": {
    "md5sum": "86db07ccddd1c67f160f696047080fa9",
    "settings": {
      "fd_thres": 0.2,
      "testing": false
    },
    "software": "mriqc",
    "version": "23.1.0rc0"
  },
  "size_t": 150,
  "size_x": 64,
  "size_y": 64,
  "size_z": 29,
  "snr": 7.103281340813304,
  "spacing_tr": 1.0,
  "spacing_x": 3.125,
  "spacing_y": 3.125,
  "spacing_z": 4.0,
  "summary_bg_k": 24.458653921593122,
  "summary_bg_mad": 117.50116605185134,
  "summary_bg_mean": 130.35711669921875,
  "summary_bg_median": 86.17333221435547,
  "summary_bg_n": 62385.0,
  "summary_bg_p05": 0.07999999821186066,
  "summary_bg_p95": 430.33333740234303,
  "summary_bg_stdv": 181.69068908691406,
  "summary_fg_k": 0.5473818892425824,
  "summary_fg_mad": 410.996808602408,
  "summary_fg_mean": 3048.4306640625,
  "summary_fg_median": 3070.219970703125,
  "summary_fg_n": 27433.0,
  "summary_fg_p05": 2297.2134765625,
  "summary_fg_p95": 3706.901416015625,
  "summary_fg_stdv": 432.21771240234375,
  "tsnr": 60.069873191416264
}