{
  "aor": 0.0007012666666666667,
  "aqi": 0.0024018486666666666,
  "bids_meta": {
    "EchoTime": 0.0036,
    "InstitutionName": "U of M FMRI",
    "Modality": "MR",
    "PatientPosition": "HFS",
    "RepetitionTime": 2.0,
    "SliceTiming": [
      0,
      0.069,
      0.138,
      0.207,
      0.276,
      0.345,
      0.414,
      0.483,
      0.552,
      0.621,
      0.69,
      0.759,
      0.828,
      0.897,
      0.966,
      1.035,
      1.104,
      1.173,
      1.242,
      1.311,
      1.38,
      1.449,
      1.518,
      1.587,
      1.656,
      1.725,
      1.794,
      1.863,
      1.932
    ],
    "TaskName": "reward",
    "dataset": "MLS",
    "modality": "bold",
    "run_id": 2,
    "session_id": "2",
    "subject_id": "175",
    "task_id": "reward"
  },
  "dummy_trs": 0,
  "dvars_nstd": 19.430536199999988,
  "dvars_std": 1.2424929189932878,
  "dvars_vstd": 1.0167235920805369,
  "efc": 0.5783532524400451,
  "fber": 769.1490478515625,
  "fd_mean": 0.05375055076195649,
  "fd_num": 0,
  "fd_perc": 0.0,
  "fwhm_avg": 2.6181874333333335,
  "fwhm_x": 2.7564512000000003,
  "fwhm_y": 3.1196736,
  "fwhm_z": 1.9784375,
  "gcor": 0.0218836,
  "gsr_x": 0.0022072596475481987,
  "gsr_y": 0.0376463308930397,
  "provenance": {
    "md5sum": "f24930139fbfc2fe4c2873965fd8da29",
    "settings": {
      "fd_thres": 0.2,
      "testing": false
    },
    "software": "mriqc",
    "version": "23.1.0rc0"
  },
  "size_t": 150,
  "size_x": 64,
  "size_y": 64,
  "size_z": 29,
  "snr": 6.144604392804966,
  "spacing_tr": 1.0,
  "spacing_x": 3.125,
  "spacing_y": 3.125,
  "spacing_z": 4.0,
  "summary_bg_k": 9.132797924928932,
  "summary_bg_mad": 155.1592686849991,
  "summary_bg_mean": 199.42730712890625,
  "summary_bg_median": 104.80000305175781,
  "summary_bg_n": 63459.0,
  "summary_bg_p05": 0.0,
  "summary_bg_p95": 726.5693359374999,
  "summary_bg_stdv": 269.9692687988281,
  "summary_fg_k": 1.483075285797403,
  "summary_fg_mad": 425.9220087679012,
  "summary_fg_mean": 3007.072998046875,
  "summary_fg_median": 3000.64013671875,
  "summary_fg_n": 25649.0,
  "summary_fg_p05": 2242.014697265625,
  "summary_fg_p95": 3813.960107421875,
  "summary_fg_stdv": 488.327880859375,
  "tsnr": 94.6552591555519
}