{
  "aor": 0.0006341999999999999,
  "aqi": 0.0023595876,
  "bids_meta": {
    "EchoTime": 0.0036,
    "InstitutionName": "U of M FMRI",
    "Modality": "MR",
    "PatientPosition": "HFS",
    "RepetitionTime": 2.0,
    "SliceTiming": [
      0,
      0.069,
      0.138,
      0.207,
      0.276,
      0.345,
      0.414,
      0.483,
      0.552,
      0.621,
      0.69,
      0.759,
      0.828,
      0.897,
      0.966,
      1.035,
      1.104,
      1.173,
      1.242,
      1.311,
      1.38,
      1.449,
      1.518,
      1.587,
      1.656,
      1.725,
      1.794,
      1.863,
      1.932
    ],
    "TaskName": "reward",
    "dataset": "MLS",
    "modality": "bold",
    "run_id": 1,
    "session_id": "2",
    "subject_id": "175",
    "task_id": "reward"
  },
  "dummy_trs": 0,
  "dvars_nstd": 20.003025119194632,
  "dvars_std": 1.257374831073825,
  "dvars_vstd": 1.015944965436242,
  "efc": 0.578675397598162,
  "fber": 756.6271362304688,
  "fd_mean": 0.058313337076178945,
  "fd_num": 0,
  "fd_perc": 0.0,
  "fwhm_avg": 2.5916362000000004,
  "fwhm_x": 2.7087328000000004,
  "fwhm_y": 3.0997408,
  "fwhm_z": 1.966435,
  "gcor": 0.0234818,
  "gsr_x": 0.0011581003200262785,
  "gsr_y": 0.03909487649798393,
  "provenance": {
    "md5sum": "711a372e8932ce557d80e1f2654f168e",
    "settings": {
      "fd_thres": 0.2,
      "testing": false
    },
    "software": "mriqc",
    "version": "23.1.0rc0"
  },
  "size_t": 150,
  "size_x": 64,
  "size_y": 64,
  "size_z": 29,
  "snr": 6.113268339041015,
  "spacing_tr": 1.0,
  "spacing_x": 3.125,
  "spacing_y": 3.125,
  "spacing_z": 4.0,
  "summary_bg_k": 10.515430446552296,
  "summary_bg_mad": 155.9252747263879,
  "summary_bg_mean": 199.93508911132812,
  "summary_bg_median": 105.67666625976562,
  "summary_bg_n": 63366.0,
  "summary_bg_p05": 0.0,
  "summary_bg_p95": 727.3483581542969,
  "summary_bg_stdv": 273.0984191894531,
  "summary_fg_k": 1.3426231083945144,
  "summary_fg_mad": 430.2215913979107,
  "summary_fg_mean": 3007.32666015625,
  "summary_fg_median": 2996.53662109375,
  "summary_fg_n": 25784.0,
  "summary_fg_p05": 2244.0079956054688,
  "summary_fg_p95": 3829.33408203125,
  "summary_fg_stdv": 490.1598205566406,
  "tsnr": 94.4929865305312
}