{
  "bids_meta": {
    "AcquisitionMatrixPE": 160,
    "CoilString": "HEAD",
    "EchoTime": 0.001784,
    "FlipAngle": 15,
    "ImageType": [
      "ORIGINAL",
      "PRIMARY",
      "OTHER"
    ],
    "InPlanePhaseEncodingDirectionDICOM": "ROW",
    "InstitutionName": "U of M FMRi",
    "InversionTime": 0.4,
    "MRAcquisitionType": "3D",
    "Modality": "MR",
    "PatientPosition": "HFS",
    "PercentPhaseFOV": 100,
    "PercentSampling": 100,
    "ReconMatrixPE": 256,
    "RepetitionTime": 0.008948,
    "SAR": 0.017417,
    "ScanningSequence": "GR",
    "SeriesDescription": "3d spgr IR axial",
    "dataset": "MLS",
    "modality": "T1w",
    "session_id": "1",
    "subject_id": "29"
  },
  "cjv": 0.39353478757138216,
  "cnr": 3.320455680261358,
  "efc": 0.5831856309664999,
  "fber": 5022.7475462535485,
  "fwhm_avg": 4.031220235199675,
  "fwhm_x": 4.826489373943881,
  "fwhm_y": 4.930755331655146,
  "fwhm_z": 2.336416,
  "icvs_csf": 0.19865638767436394,
  "icvs_gm": 0.4106727262322212,
  "icvs_wm": 0.3906708860934149,
  "inu_med": 0.6713151335716248,
  "inu_range": 0.4171999990940094,
  "provenance": {
    "md5sum": "c8334ad73a89d74669422edd92f9e81a",
    "settings": {
      "testing": false
    },
    "software": "mriqc",
    "version": "23.1.0rc0",
    "warnings": {
      "large_rot_frame": true,
      "small_air_mask": false
    }
  },
  "qi_1": 9.456443620683134e-05,
  "qi_2": 0.0008440984481971901,
  "rpve_csf": 18.774092246118236,
  "rpve_gm": 9.137806803076339,
  "rpve_wm": 11.490804971404081,
  "size_x": 256,
  "size_y": 256,
  "size_z": 60,
  "snr_csf": 1.3122018190514877,
  "snr_gm": 9.554771844674288,
  "snr_total": 9.439817858953367,
  "snr_wm": 17.452479913134322,
  "snrd_csf": 14.090537363458736,
  "snrd_gm": 35.15177568837766,
  "snrd_total": 33.66318305041131,
  "snrd_wm": 51.74723609939756,
  "spacing_x": 0.9399999976158142,
  "spacing_y": 0.9399999976158142,
  "spacing_z": 2.5,
  "summary_bg_k": 36.86759123456012,
  "summary_bg_mad": 12.579083808461803,
  "summary_bg_mean": 17.82327418487654,
  "summary_bg_median": 8.484463095664978,
  "summary_bg_n": 793035.0,
  "summary_bg_p05": 0.0,
  "summary_bg_p95": 69.14837422966957,
  "summary_bg_stdv": 31.275853043926542,
  "summary_csf_k": 29.553108255021208,
  "summary_csf_mad": 130.27213669138254,
  "summary_csf_mean": 288.57985300343876,
  "summary_csf_median": 270.548316963017,
  "summary_csf_n": 92723.0,
  "summary_csf_p05": 65.28264073170723,
  "summary_csf_p95": 505.24977734684944,
  "summary_csf_stdv": 206.1777800677471,
  "summary_gm_k": -0.1138189173309585,
  "summary_gm_mad": 71.46491988682362,
  "summary_gm_mean": 674.2337265768655,
  "summary_gm_median": 674.939039260149,
  "summary_gm_n": 178971.0,
  "summary_gm_p05": 555.6793048717082,
  "summary_gm_p95": 788.9490121081471,
  "summary_gm_stdv": 70.63875146570327,
  "summary_wm_k": 0.8671065930983421,
  "summary_wm_mad": 53.932821828779986,
  "summary_wm_mean": 996.2309341056193,
  "summary_wm_median": 993.5836563967168,
  "summary_wm_n": 210836.0,
  "summary_wm_p05": 909.2162764891982,
  "summary_wm_p95": 1093.3821535594761,
  "summary_wm_stdv": 56.93066573026698,
  "tpm_overlap_csf": 0.14165807499868133,
  "tpm_overlap_gm": 0.4582524625495345,
  "tpm_overlap_wm": 0.47915469599833027,
  "wm2max": 0.34092785908640244
}