{
  "aor": 0.0034707432432432438,
  "aqi": 0.005238978040540541,
  "bids_meta": {
    "EchoTime": 0.0036,
    "InstitutionName": "U of M FMRI",
    "Modality": "MR",
    "PatientPosition": "HFS",
    "RepetitionTime": 2.0,
    "SliceTiming": [
      0,
      0.069,
      0.138,
      0.207,
      0.276,
      0.345,
      0.414,
      0.483,
      0.552,
      0.621,
      0.69,
      0.759,
      0.828,
      0.897,
      0.966,
      1.035,
      1.104,
      1.173,
      1.242,
      1.311,
      1.38,
      1.449,
      1.518,
      1.587,
      1.656,
      1.725,
      1.794,
      1.863,
      1.932
    ],
    "TaskName": "reward",
    "dataset": "MLS",
    "modality": "bold",
    "run_id": 2,
    "session_id": "2",
    "subject_id": "207",
    "task_id": "reward"
  },
  "dummy_trs": 2,
  "dvars_nstd": 17.067682811496592,
  "dvars_std": 1.1215427412925167,
  "dvars_vstd": 1.0120730265306115,
  "efc": 0.5478952582611064,
  "fber": 1313.759765625,
  "fd_mean": 0.1657316323432525,
  "fd_num": 27,
  "fd_perc": 18.243243243243242,
  "fwhm_avg": 2.607222466666667,
  "fwhm_x": 2.6784736,
  "fwhm_y": 3.0551488,
  "fwhm_z": 2.088045,
  "gcor": 0.0605025,
  "gsr_x": -0.0002528853074181825,
  "gsr_y": 0.03634483367204666,
  "provenance": {
    "md5sum": "d003269a455486e6003cd6eaf237cdc3",
    "settings": {
      "fd_thres": 0.2,
      "testing": false
    },
    "software": "mriqc",
    "version": "23.1.0rc0"
  },
  "size_t": 148,
  "size_x": 64,
  "size_y": 64,
  "size_z": 29,
  "snr": 8.036420008930772,
  "spacing_tr": 1.0,
  "spacing_x": 3.125,
  "spacing_y": 3.125,
  "spacing_z": 4.0,
  "summary_bg_k": 21.22757811922513,
  "summary_bg_mad": 165.02966034441064,
  "summary_bg_mean": 188.7512664794922,
  "summary_bg_median": 117.1689224243164,
  "summary_bg_n": 65319.0,
  "summary_bg_p05": 0.06081081181764603,
  "summary_bg_p95": 648.6047546386718,
  "summary_bg_stdv": 263.76361083984375,
  "summary_fg_k": 1.5304809425890147,
  "summary_fg_mad": 463.60403090081536,
  "summary_fg_mean": 4234.08251953125,
  "summary_fg_median": 4252.18603515625,
  "summary_fg_n": 24866.0,
  "summary_fg_p05": 3320.6707153320312,
  "summary_fg_p95": 5058.775390625,
  "summary_fg_stdv": 529.1038208007812,
  "tsnr": 81.23961567878723
}