{
  "aor": 0.003671866666666667,
  "aqi": 0.006797057933333335,
  "bids_meta": {
    "EchoTime": 0.0036,
    "InstitutionName": "U of M FMRI",
    "Modality": "MR",
    "PatientPosition": "HFS",
    "RepetitionTime": 2.0,
    "SliceTiming": [
      0,
      0.069,
      0.138,
      0.207,
      0.276,
      0.345,
      0.414,
      0.483,
      0.552,
      0.621,
      0.69,
      0.759,
      0.828,
      0.897,
      0.966,
      1.035,
      1.104,
      1.173,
      1.242,
      1.311,
      1.38,
      1.449,
      1.518,
      1.587,
      1.656,
      1.725,
      1.794,
      1.863,
      1.932
    ],
    "TaskName": "reward",
    "dataset": "MLS",
    "modality": "bold",
    "run_id": 2,
    "session_id": "1",
    "subject_id": "63",
    "task_id": "reward"
  },
  "dummy_trs": 0,
  "dvars_nstd": 20.838845093355694,
  "dvars_std": 1.1893460542953027,
  "dvars_vstd": 1.038683141610738,
  "efc": 0.5648656518013636,
  "fber": 813.613525390625,
  "fd_mean": 0.10804471002435843,
  "fd_num": 14,
  "fd_perc": 9.333333333333334,
  "fwhm_avg": 2.1890325,
  "fwhm_x": 2.2783776000000002,
  "fwhm_y": 2.5486624,
  "fwhm_z": 1.7400575,
  "gcor": 0.0271302,
  "gsr_x": 0.008095028810203075,
  "gsr_y": 0.03450325131416321,
  "provenance": {
    "md5sum": "01f3397e06a34148bcd71224a3868279",
    "settings": {
      "fd_thres": 0.2,
      "testing": false
    },
    "software": "mriqc",
    "version": "23.1.0rc0"
  },
  "size_t": 150,
  "size_x": 64,
  "size_y": 64,
  "size_z": 29,
  "snr": 7.291751175232965,
  "spacing_tr": 1.0,
  "spacing_x": 3.125,
  "spacing_y": 3.125,
  "spacing_z": 4.0,
  "summary_bg_k": 19.320100128628606,
  "summary_bg_mad": 149.69340457246614,
  "summary_bg_mean": 184.3019256591797,
  "summary_bg_median": 102.07333374023438,
  "summary_bg_n": 65115.0,
  "summary_bg_p05": 0.07333333790302277,
  "summary_bg_p95": 664.822674560546,
  "summary_bg_stdv": 262.7663269042969,
  "summary_fg_k": 1.8767960082007527,
  "summary_fg_mad": 384.8438647318794,
  "summary_fg_mean": 3000.85546875,
  "summary_fg_median": 2995.9267578125,
  "summary_fg_n": 24509.0,
  "summary_fg_p05": 2375.7626953125,
  "summary_fg_p95": 3660.3268554687493,
  "summary_fg_stdv": 410.8568115234375,
  "tsnr": 68.7547483824892
}