{
  "aor": 0.0046818,
  "aqi": 0.0070334557999999995,
  "bids_meta": {
    "EchoTime": 0.0036,
    "InstitutionName": "U of M FMRI",
    "Modality": "MR",
    "PatientPosition": "HFS",
    "RepetitionTime": 2.0,
    "SliceTiming": [
      0,
      0.069,
      0.138,
      0.207,
      0.276,
      0.345,
      0.414,
      0.483,
      0.552,
      0.621,
      0.69,
      0.759,
      0.828,
      0.897,
      0.966,
      1.035,
      1.104,
      1.173,
      1.242,
      1.311,
      1.38,
      1.449,
      1.518,
      1.587,
      1.656,
      1.725,
      1.794,
      1.863,
      1.932
    ],
    "TaskName": "reward",
    "dataset": "MLS",
    "modality": "bold",
    "run_id": 1,
    "session_id": "1",
    "subject_id": "63",
    "task_id": "reward"
  },
  "dummy_trs": 0,
  "dvars_nstd": 19.272200206845632,
  "dvars_std": 1.1307022023489928,
  "dvars_vstd": 1.0252547455704701,
  "efc": 0.5673916481221041,
  "fber": 816.777099609375,
  "fd_mean": 0.10700040347391379,
  "fd_num": 15,
  "fd_perc": 10.0,
  "fwhm_avg": 2.308253066666667,
  "fwhm_x": 2.4087232,
  "fwhm_y": 2.6720960000000002,
  "fwhm_z": 1.84394,
  "gcor": 0.042369,
  "gsr_x": 0.008174381218850613,
  "gsr_y": 0.03593187406659126,
  "provenance": {
    "md5sum": "28d64c3b0ca1646c4b1a44d5239d473f",
    "settings": {
      "fd_thres": 0.2,
      "testing": false
    },
    "software": "mriqc",
    "version": "23.1.0rc0"
  },
  "size_t": 150,
  "size_x": 64,
  "size_y": 64,
  "size_z": 29,
  "snr": 7.338320678419594,
  "spacing_tr": 1.0,
  "spacing_x": 3.125,
  "spacing_y": 3.125,
  "spacing_z": 4.0,
  "summary_bg_k": 18.122171658397914,
  "summary_bg_mad": 147.53869511467366,
  "summary_bg_mean": 183.4118194580078,
  "summary_bg_median": 101.52000427246094,
  "summary_bg_n": 65043.0,
  "summary_bg_p05": 0.12000000476837158,
  "summary_bg_p95": 661.3900390624998,
  "summary_bg_stdv": 254.7693328857422,
  "summary_fg_k": 1.0298277592811944,
  "summary_fg_mad": 389.9935184825335,
  "summary_fg_mean": 2993.54150390625,
  "summary_fg_median": 2991.38671875,
  "summary_fg_n": 24619.0,
  "summary_fg_p05": 2346.67880859375,
  "summary_fg_p95": 3646.176806640625,
  "summary_fg_stdv": 407.630859375,
  "tsnr": 63.97838348755613
}