{
  "aor": 0.0020199333333333334,
  "aqi": 0.0056522572,
  "bids_meta": {
    "EchoTime": 0.0036,
    "InstitutionName": "U of M FMRI",
    "Modality": "MR",
    "PatientPosition": "HFS",
    "RepetitionTime": 2.0,
    "SliceTiming": [
      0,
      0.069,
      0.138,
      0.207,
      0.276,
      0.345,
      0.414,
      0.483,
      0.552,
      0.621,
      0.69,
      0.759,
      0.828,
      0.897,
      0.966,
      1.035,
      1.104,
      1.173,
      1.242,
      1.311,
      1.38,
      1.449,
      1.518,
      1.587,
      1.656,
      1.725,
      1.794,
      1.863,
      1.932
    ],
    "TaskName": "reward",
    "dataset": "MLS",
    "modality": "bold",
    "run_id": 2,
    "session_id": "1",
    "subject_id": "40",
    "task_id": "reward"
  },
  "dummy_trs": 0,
  "dvars_nstd": 18.6085674681208,
  "dvars_std": 1.077556415973154,
  "dvars_vstd": 1.0126374087919467,
  "efc": 0.5879866293559649,
  "fber": 1246.768310546875,
  "fd_mean": 0.06304052543956047,
  "fd_num": 3,
  "fd_perc": 2.0,
  "fwhm_avg": 1.9890148333333333,
  "fwhm_x": 2.021856,
  "fwhm_y": 2.3624959999999997,
  "fwhm_z": 1.5826925,
  "gcor": 0.0375131,
  "gsr_x": 0.013559581711888313,
  "gsr_y": 0.04040679708123207,
  "provenance": {
    "md5sum": "4f7e945b08071a64ed63d09d07497e51",
    "settings": {
      "fd_thres": 0.2,
      "testing": false
    },
    "software": "mriqc",
    "version": "23.1.0rc0"
  },
  "size_t": 150,
  "size_x": 64,
  "size_y": 64,
  "size_z": 29,
  "snr": 6.940866950607685,
  "spacing_tr": 1.0,
  "spacing_x": 3.125,
  "spacing_y": 3.125,
  "spacing_z": 4.0,
  "summary_bg_k": 13.58776903027951,
  "summary_bg_mad": 111.60041546818913,
  "summary_bg_mean": 141.1256561279297,
  "summary_bg_median": 75.80000305175781,
  "summary_bg_n": 59121.0,
  "summary_bg_p05": 0.0,
  "summary_bg_p95": 505.3600158691406,
  "summary_bg_stdv": 203.5116729736328,
  "summary_fg_k": 1.6672927995061446,
  "summary_fg_mad": 366.1187724546011,
  "summary_fg_mean": 2769.371826171875,
  "summary_fg_median": 2738.88330078125,
  "summary_fg_n": 29930.0,
  "summary_fg_p05": 2214.296423339844,
  "summary_fg_p95": 3435.8564208984376,
  "summary_fg_stdv": 394.59588623046875,
  "tsnr": 74.71227079443634
}