{
  "aor": 0.0007423333333333335,
  "aqi": 0.002603611333333333,
  "bids_meta": {
    "EchoTime": 0.0036,
    "InstitutionName": "U of M FMRI",
    "Modality": "MR",
    "PatientPosition": "HFS",
    "RepetitionTime": 2.0,
    "SliceTiming": [
      0,
      0.069,
      0.138,
      0.207,
      0.276,
      0.345,
      0.414,
      0.483,
      0.552,
      0.621,
      0.69,
      0.759,
      0.828,
      0.897,
      0.966,
      1.035,
      1.104,
      1.173,
      1.242,
      1.311,
      1.38,
      1.449,
      1.518,
      1.587,
      1.656,
      1.725,
      1.794,
      1.863,
      1.932
    ],
    "TaskName": "reward",
    "dataset": "MLS",
    "modality": "bold",
    "run_id": 2,
    "session_id": "2",
    "subject_id": "01",
    "task_id": "reward"
  },
  "dummy_trs": 0,
  "dvars_nstd": 16.046167732214773,
  "dvars_std": 1.0783581379194633,
  "dvars_vstd": 1.0166512743624165,
  "efc": 0.5289522257586504,
  "fber": 970.4652709960938,
  "fd_mean": 0.05697264065717024,
  "fd_num": 0,
  "fd_perc": 0.0,
  "fwhm_avg": 2.7879348999999998,
  "fwhm_x": 2.9460512,
  "fwhm_y": 3.2608960000000002,
  "fwhm_z": 2.1568575,
  "gcor": 0.020506,
  "gsr_x": 0.0007954796310514212,
  "gsr_y": 0.028175676241517067,
  "provenance": {
    "md5sum": "5abe6a4ea4d8bdf35b5bd79a842c9542",
    "settings": {
      "fd_thres": 0.2,
      "testing": false
    },
    "software": "mriqc",
    "version": "23.1.0rc0"
  },
  "size_t": 150,
  "size_x": 64,
  "size_y": 64,
  "size_z": 29,
  "snr": 6.055456193521418,
  "spacing_tr": 1.0,
  "spacing_x": 3.125,
  "spacing_y": 3.125,
  "spacing_z": 4.0,
  "summary_bg_k": 28.089529789623505,
  "summary_bg_mad": 148.60616875441528,
  "summary_bg_mean": 163.17938232421875,
  "summary_bg_median": 102.30667114257812,
  "summary_bg_n": 69617.0,
  "summary_bg_p05": 0.0,
  "summary_bg_p95": 537.540002441406,
  "summary_bg_stdv": 229.2300262451172,
  "summary_fg_k": 0.5496970071187088,
  "summary_fg_mad": 471.14137643232203,
  "summary_fg_mean": 3219.345947265625,
  "summary_fg_median": 3238.453369140625,
  "summary_fg_n": 21609.0,
  "summary_fg_p05": 2294.67607421875,
  "summary_fg_p95": 4084.2160644531245,
  "summary_fg_stdv": 534.786865234375,
  "tsnr": 86.67263963841833
}