{
  "aor": 0.014410999999999998,
  "aqi": 0.0106580008,
  "bids_meta": {
    "EchoTime": 0.0036,
    "InstitutionName": "U of M FMRI",
    "Modality": "MR",
    "PatientPosition": "HFS",
    "RepetitionTime": 2.0,
    "SliceTiming": [
      0,
      0.069,
      0.138,
      0.207,
      0.276,
      0.345,
      0.414,
      0.483,
      0.552,
      0.621,
      0.69,
      0.759,
      0.828,
      0.897,
      0.966,
      1.035,
      1.104,
      1.173,
      1.242,
      1.311,
      1.38,
      1.449,
      1.518,
      1.587,
      1.656,
      1.725,
      1.794,
      1.863,
      1.932
    ],
    "TaskName": "reward",
    "dataset": "MLS",
    "modality": "bold",
    "run_id": 2,
    "session_id": "1",
    "subject_id": "223",
    "task_id": "reward"
  },
  "dummy_trs": 0,
  "dvars_nstd": 29.530834645771815,
  "dvars_std": 1.0736294598657716,
  "dvars_vstd": 1.0303488893959734,
  "efc": 0.5490535622761872,
  "fber": 805.1432495117188,
  "fd_mean": 0.33177057870623333,
  "fd_num": 58,
  "fd_perc": 38.666666666666664,
  "fwhm_avg": 3.185606333333333,
  "fwhm_x": 3.310784,
  "fwhm_y": 3.83968,
  "fwhm_z": 2.406355,
  "gcor": 0.0307785,
  "gsr_x": -0.011054744012653828,
  "gsr_y": 0.02561957947909832,
  "provenance": {
    "md5sum": "4a7325e608a80e8159143decce955c5d",
    "settings": {
      "fd_thres": 0.2,
      "testing": false
    },
    "software": "mriqc",
    "version": "23.1.0rc0"
  },
  "size_t": 150,
  "size_x": 64,
  "size_y": 64,
  "size_z": 29,
  "snr": 4.089698234189616,
  "spacing_tr": 1.0,
  "spacing_x": 3.125,
  "spacing_y": 3.125,
  "spacing_z": 4.0,
  "summary_bg_k": 23.45832064573662,
  "summary_bg_mad": 124.78568295376908,
  "summary_bg_mean": 161.07028198242188,
  "summary_bg_median": 92.70667266845703,
  "summary_bg_n": 65795.0,
  "summary_bg_p05": 0.1666666716337204,
  "summary_bg_p95": 607.5680114746086,
  "summary_bg_stdv": 247.61610412597656,
  "summary_fg_k": 0.3072833249950837,
  "summary_fg_mad": 607.4021485402848,
  "summary_fg_mean": 2703.81201171875,
  "summary_fg_median": 2710.29345703125,
  "summary_fg_n": 23415.0,
  "summary_fg_p05": 1594.1126708984375,
  "summary_fg_p95": 3821.1021484374983,
  "summary_fg_stdv": 662.6981811523438,
  "tsnr": 37.60311927087605
}