{
  "aor": 0.0064764,
  "aqi": 0.004885651666666667,
  "bids_meta": {
    "EchoTime": 0.0036,
    "InstitutionName": "U of M FMRI",
    "Modality": "MR",
    "PatientPosition": "HFS",
    "RepetitionTime": 2.0,
    "SliceTiming": [
      0,
      0.069,
      0.138,
      0.207,
      0.276,
      0.345,
      0.414,
      0.483,
      0.552,
      0.621,
      0.69,
      0.759,
      0.828,
      0.897,
      0.966,
      1.035,
      1.104,
      1.173,
      1.242,
      1.311,
      1.38,
      1.449,
      1.518,
      1.587,
      1.656,
      1.725,
      1.794,
      1.863,
      1.932
    ],
    "TaskName": "reward",
    "dataset": "MLS",
    "modality": "bold",
    "run_id": 1,
    "session_id": "1",
    "subject_id": "223",
    "task_id": "reward"
  },
  "dummy_trs": 0,
  "dvars_nstd": 21.887506433691268,
  "dvars_std": 1.099334604765101,
  "dvars_vstd": 1.0348142085906038,
  "efc": 0.5463437601369653,
  "fber": 837.882568359375,
  "fd_mean": 0.1519944752428041,
  "fd_num": 24,
  "fd_perc": 16.0,
  "fwhm_avg": 3.074329,
  "fwhm_x": 3.218368,
  "fwhm_y": 3.6680639999999998,
  "fwhm_z": 2.336555,
  "gcor": 0.0208611,
  "gsr_x": -0.012853577733039856,
  "gsr_y": 0.026432517915964127,
  "provenance": {
    "md5sum": "5c62db7ad7e1bdfb82a101c8d6c0915c",
    "settings": {
      "fd_thres": 0.2,
      "testing": false
    },
    "software": "mriqc",
    "version": "23.1.0rc0"
  },
  "size_t": 150,
  "size_x": 64,
  "size_y": 64,
  "size_z": 29,
  "snr": 4.0809800189614185,
  "spacing_tr": 1.0,
  "spacing_x": 3.125,
  "spacing_y": 3.125,
  "spacing_z": 4.0,
  "summary_bg_k": 23.109003890327912,
  "summary_bg_mad": 128.23520577449116,
  "summary_bg_mean": 161.7561492919922,
  "summary_bg_median": 91.27999877929688,
  "summary_bg_n": 66009.0,
  "summary_bg_p05": 0.03999999910593033,
  "summary_bg_p95": 632.2520263671872,
  "summary_bg_stdv": 254.18170166015625,
  "summary_fg_k": 0.48066758817455435,
  "summary_fg_mad": 610.0265644058304,
  "summary_fg_mean": 2718.7001953125,
  "summary_fg_median": 2721.360107421875,
  "summary_fg_n": 23136.0,
  "summary_fg_p05": 1614.3316955566406,
  "summary_fg_p95": 3847.05517578125,
  "summary_fg_stdv": 666.825439453125,
  "tsnr": 56.89939842838794
}