{
  "aor": 0.0007221333333333333,
  "aqi": 0.003723616,
  "bids_meta": {
    "EchoTime": 0.0036,
    "InstitutionName": "U of M FMRI",
    "Modality": "MR",
    "PatientPosition": "HFS",
    "RepetitionTime": 2.0,
    "SliceTiming": [
      0,
      0.069,
      0.138,
      0.207,
      0.276,
      0.345,
      0.414,
      0.483,
      0.552,
      0.621,
      0.69,
      0.759,
      0.828,
      0.897,
      0.966,
      1.035,
      1.104,
      1.173,
      1.242,
      1.311,
      1.38,
      1.449,
      1.518,
      1.587,
      1.656,
      1.725,
      1.794,
      1.863,
      1.932
    ],
    "TaskName": "reward",
    "dataset": "MLS",
    "modality": "bold",
    "run_id": 2,
    "session_id": "2",
    "subject_id": "155",
    "task_id": "reward"
  },
  "dummy_trs": 0,
  "dvars_nstd": 14.86139818496644,
  "dvars_std": 1.0887167204026853,
  "dvars_vstd": 1.0015290138926172,
  "efc": 0.5164437912083966,
  "fber": 1490.21435546875,
  "fd_mean": 0.05904485095220327,
  "fd_num": 2,
  "fd_perc": 1.3333333333333333,
  "fwhm_avg": 2.3828077333333333,
  "fwhm_x": 2.4350688,
  "fwhm_y": 2.8402944000000003,
  "fwhm_z": 1.87306,
  "gcor": 0.028112,
  "gsr_x": -0.004963167943060398,
  "gsr_y": 0.03756296634674072,
  "provenance": {
    "md5sum": "5ce49dc25bc9fbd5a6fcc51b9376b536",
    "settings": {
      "fd_thres": 0.2,
      "testing": false
    },
    "software": "mriqc",
    "version": "23.1.0rc0"
  },
  "size_t": 150,
  "size_x": 64,
  "size_y": 64,
  "size_z": 29,
  "snr": 8.66406678288757,
  "spacing_tr": 1.0,
  "spacing_x": 3.125,
  "spacing_y": 3.125,
  "spacing_z": 4.0,
  "summary_bg_k": 29.66648940435116,
  "summary_bg_mad": 321.62586539871074,
  "summary_bg_mean": 384.56640625,
  "summary_bg_median": 228.24667358398438,
  "summary_bg_n": 69992.0,
  "summary_bg_p05": 0.02666666731238365,
  "summary_bg_p95": 1313.3713684082018,
  "summary_bg_stdv": 590.8321533203125,
  "summary_fg_k": 2.33576627168672,
  "summary_fg_mad": 899.3857425815543,
  "summary_fg_mean": 8827.3798828125,
  "summary_fg_median": 8881.3671875,
  "summary_fg_n": 21242.0,
  "summary_fg_p05": 7069.3289794921875,
  "summary_fg_p95": 10321.043212890625,
  "summary_fg_stdv": 1025.0565185546875,
  "tsnr": 102.70723138935864
}