{
  "aor": 0.0007357333333333334,
  "aqi": 0.0038397407333333336,
  "bids_meta": {
    "EchoTime": 0.0036,
    "InstitutionName": "U of M FMRI",
    "Modality": "MR",
    "PatientPosition": "HFS",
    "RepetitionTime": 2.0,
    "SliceTiming": [
      0,
      0.069,
      0.138,
      0.207,
      0.276,
      0.345,
      0.414,
      0.483,
      0.552,
      0.621,
      0.69,
      0.759,
      0.828,
      0.897,
      0.966,
      1.035,
      1.104,
      1.173,
      1.242,
      1.311,
      1.38,
      1.449,
      1.518,
      1.587,
      1.656,
      1.725,
      1.794,
      1.863,
      1.932
    ],
    "TaskName": "reward",
    "dataset": "MLS",
    "modality": "bold",
    "run_id": 1,
    "session_id": "2",
    "subject_id": "155",
    "task_id": "reward"
  },
  "dummy_trs": 0,
  "dvars_nstd": 14.799415965973154,
  "dvars_std": 1.0884665624161078,
  "dvars_vstd": 1.0034005080536916,
  "efc": 0.5162277345009203,
  "fber": 1490.302978515625,
  "fd_mean": 0.05765912101839087,
  "fd_num": 1,
  "fd_perc": 0.6666666666666666,
  "fwhm_avg": 2.462688566666667,
  "fwhm_x": 2.5141888,
  "fwhm_y": 2.9569344,
  "fwhm_z": 1.9169425,
  "gcor": 0.0258663,
  "gsr_x": -0.004229633137583733,
  "gsr_y": 0.03847779706120491,
  "provenance": {
    "md5sum": "f3e7ebd8da630e46ce1bb058d0969295",
    "settings": {
      "fd_thres": 0.2,
      "testing": false
    },
    "software": "mriqc",
    "version": "23.1.0rc0"
  },
  "size_t": 150,
  "size_x": 64,
  "size_y": 64,
  "size_z": 29,
  "snr": 8.846132520319003,
  "spacing_tr": 1.0,
  "spacing_x": 3.125,
  "spacing_y": 3.125,
  "spacing_z": 4.0,
  "summary_bg_k": 25.8005566109894,
  "summary_bg_mad": 325.2532593123131,
  "summary_bg_mean": 383.3150939941406,
  "summary_bg_median": 228.03334045410156,
  "summary_bg_n": 70167.0,
  "summary_bg_p05": 0.03999999910593033,
  "summary_bg_p95": 1321.5426757812493,
  "summary_bg_stdv": 577.9928588867188,
  "summary_fg_k": 1.927554119988157,
  "summary_fg_mad": 903.9573407309014,
  "summary_fg_mean": 8834.814453125,
  "summary_fg_median": 8878.2734375,
  "summary_fg_n": 21056.0,
  "summary_fg_p05": 7114.1353759765625,
  "summary_fg_p95": 10341.97314453125,
  "summary_fg_stdv": 1003.6094970703125,
  "tsnr": 101.32690211152658
}