{
  "aor": 0.0021248299319727893,
  "aqi": 0.008601973605442178,
  "bids_meta": {
    "EchoTime": 0.0036,
    "InstitutionName": "U of M FMRI",
    "Modality": "MR",
    "PatientPosition": "HFS",
    "RepetitionTime": 2.0,
    "SliceTiming": [
      0,
      0.069,
      0.138,
      0.207,
      0.276,
      0.345,
      0.414,
      0.483,
      0.552,
      0.621,
      0.69,
      0.759,
      0.828,
      0.897,
      0.966,
      1.035,
      1.104,
      1.173,
      1.242,
      1.311,
      1.38,
      1.449,
      1.518,
      1.587,
      1.656,
      1.725,
      1.794,
      1.863,
      1.932
    ],
    "TaskName": "reward",
    "dataset": "MLS",
    "modality": "bold",
    "run_id": 1,
    "session_id": "2",
    "subject_id": "24",
    "task_id": "reward"
  },
  "dummy_trs": 3,
  "dvars_nstd": 16.43725410232875,
  "dvars_std": 1.1204444863698635,
  "dvars_vstd": 0.9841990769178086,
  "efc": 0.5844348486504868,
  "fber": 1330.3218994140625,
  "fd_mean": 0.07749710068502833,
  "fd_num": 3,
  "fd_perc": 2.0408163265306123,
  "fwhm_avg": 2.1273972666666667,
  "fwhm_x": 2.158592,
  "fwhm_y": 2.5228448,
  "fwhm_z": 1.700755,
  "gcor": 0.0475815,
  "gsr_x": 0.01374405063688755,
  "gsr_y": 0.0339772067964077,
  "provenance": {
    "md5sum": "47c87fab5b07d6c6af9e0fe29e5c780f",
    "settings": {
      "fd_thres": 0.2,
      "testing": false
    },
    "software": "mriqc",
    "version": "23.1.0rc0"
  },
  "size_t": 147,
  "size_x": 64,
  "size_y": 64,
  "size_z": 29,
  "snr": 8.149426813531395,
  "spacing_tr": 1.0,
  "spacing_x": 3.125,
  "spacing_y": 3.125,
  "spacing_z": 4.0,
  "summary_bg_k": 12.35192560025824,
  "summary_bg_mad": 144.1855795220804,
  "summary_bg_mean": 181.68792724609375,
  "summary_bg_median": 98.65985870361328,
  "summary_bg_n": 59855.0,
  "summary_bg_p05": 0.006802720949053764,
  "summary_bg_p95": 699.0931640624995,
  "summary_bg_stdv": 268.9381103515625,
  "summary_fg_k": 1.555897286949257,
  "summary_fg_mad": 397.31748657072745,
  "summary_fg_mean": 3668.616943359375,
  "summary_fg_median": 3643.557861328125,
  "summary_fg_n": 29153.0,
  "summary_fg_p05": 2996.1359375,
  "summary_fg_p95": 4406.8285156249985,
  "summary_fg_stdv": 447.0860900878906,
  "tsnr": 75.56665016734041
}