{
  "aor": 0.0009766,
  "aqi": 0.005872703,
  "bids_meta": {
    "EchoTime": 0.0036,
    "InstitutionName": "U of M FMRI",
    "Modality": "MR",
    "PatientPosition": "HFS",
    "RepetitionTime": 2.0,
    "SliceTiming": [
      0,
      0.069,
      0.138,
      0.207,
      0.276,
      0.345,
      0.414,
      0.483,
      0.552,
      0.621,
      0.69,
      0.759,
      0.828,
      0.897,
      0.966,
      1.035,
      1.104,
      1.173,
      1.242,
      1.311,
      1.38,
      1.449,
      1.518,
      1.587,
      1.656,
      1.725,
      1.794,
      1.863,
      1.932
    ],
    "TaskName": "reward",
    "dataset": "MLS",
    "modality": "bold",
    "run_id": 2,
    "session_id": "2",
    "subject_id": "24",
    "task_id": "reward"
  },
  "dummy_trs": 0,
  "dvars_nstd": 15.073839450000012,
  "dvars_std": 1.0849492095973152,
  "dvars_vstd": 0.9918310586577177,
  "efc": 0.5841464093086877,
  "fber": 1297.2860107421875,
  "fd_mean": 0.06443313878049435,
  "fd_num": 1,
  "fd_perc": 0.6666666666666666,
  "fwhm_avg": 2.1294253333333333,
  "fwhm_x": 2.1645248,
  "fwhm_y": 2.5275711999999997,
  "fwhm_z": 1.69618,
  "gcor": 0.02705,
  "gsr_x": 0.014872648753225803,
  "gsr_y": 0.030164342373609543,
  "provenance": {
    "md5sum": "b56cb164c8cdef1224b1d955a14bd0aa",
    "settings": {
      "fd_thres": 0.2,
      "testing": false
    },
    "software": "mriqc",
    "version": "23.1.0rc0"
  },
  "size_t": 150,
  "size_x": 64,
  "size_y": 64,
  "size_z": 29,
  "snr": 8.019434348794016,
  "spacing_tr": 1.0,
  "spacing_x": 3.125,
  "spacing_y": 3.125,
  "spacing_z": 4.0,
  "summary_bg_k": 13.726605122659123,
  "summary_bg_mad": 145.28513305470517,
  "summary_bg_mean": 181.12945556640625,
  "summary_bg_median": 99.21333312988281,
  "summary_bg_n": 59746.0,
  "summary_bg_p05": 0.006666666828095913,
  "summary_bg_p95": 685.4383392333984,
  "summary_bg_stdv": 272.8944091796875,
  "summary_fg_k": 1.7213885050785596,
  "summary_fg_mad": 404.20709854021857,
  "summary_fg_mean": 3658.821533203125,
  "summary_fg_median": 3633.266845703125,
  "summary_fg_n": 29201.0,
  "summary_fg_p05": 2988.613525390625,
  "summary_fg_p95": 4402.70654296875,
  "summary_fg_stdv": 453.04998779296875,
  "tsnr": 86.29545603133738
}