{
  "aor": 0.0006284,
  "aqi": 0.008328943266666666,
  "bids_meta": {
    "EchoTime": 0.0036,
    "InstitutionName": "U of M FMRI",
    "Modality": "MR",
    "PatientPosition": "HFS",
    "RepetitionTime": 2.0,
    "SliceTiming": [
      0,
      0.069,
      0.138,
      0.207,
      0.276,
      0.345,
      0.414,
      0.483,
      0.552,
      0.621,
      0.69,
      0.759,
      0.828,
      0.897,
      0.966,
      1.035,
      1.104,
      1.173,
      1.242,
      1.311,
      1.38,
      1.449,
      1.518,
      1.587,
      1.656,
      1.725,
      1.794,
      1.863,
      1.932
    ],
    "TaskName": "reward",
    "dataset": "MLS",
    "modality": "bold",
    "run_id": 1,
    "session_id": "2",
    "subject_id": "29",
    "task_id": "reward"
  },
  "dummy_trs": 0,
  "dvars_nstd": 21.559641472818797,
  "dvars_std": 1.1198434567785238,
  "dvars_vstd": 0.9701965675167785,
  "efc": 0.5611444326847195,
  "fber": 962.512939453125,
  "fd_mean": 0.10777614101096131,
  "fd_num": 8,
  "fd_perc": 5.333333333333333,
  "fwhm_avg": 2.1408609333333333,
  "fwhm_x": 2.250032,
  "fwhm_y": 2.5231808,
  "fwhm_z": 1.64937,
  "gcor": 0.0284725,
  "gsr_x": -0.00280915223993361,
  "gsr_y": 0.037224333733320236,
  "provenance": {
    "md5sum": "f58b97fb22689ee0a394320d02466717",
    "settings": {
      "fd_thres": 0.2,
      "testing": false
    },
    "software": "mriqc",
    "version": "23.1.0rc0"
  },
  "size_t": 150,
  "size_x": 64,
  "size_y": 64,
  "size_z": 29,
  "snr": 6.989447921115741,
  "spacing_tr": 1.0,
  "spacing_x": 3.125,
  "spacing_y": 3.125,
  "spacing_z": 4.0,
  "summary_bg_k": 20.858218005335004,
  "summary_bg_mad": 121.17308252806046,
  "summary_bg_mean": 123.06754302978516,
  "summary_bg_median": 87.7066650390625,
  "summary_bg_n": 62952.0,
  "summary_bg_p05": 0.03999999910593033,
  "summary_bg_p95": 391.2350112915038,
  "summary_bg_stdv": 158.17762756347656,
  "summary_fg_k": 1.0505712514268541,
  "summary_fg_mad": 364.1866116532381,
  "summary_fg_mean": 2777.74755859375,
  "summary_fg_median": 2774.940185546875,
  "summary_fg_n": 26717.0,
  "summary_fg_p05": 2146.740087890625,
  "summary_fg_p95": 3428.230810546875,
  "summary_fg_stdv": 397.0110778808594,
  "tsnr": 62.654011365026236
}