{
  "aor": 0.0004804666666666667,
  "aqi": 0.0034160837999999997,
  "bids_meta": {
    "EchoTime": 0.0036,
    "InstitutionName": "U of M FMRI",
    "Modality": "MR",
    "PatientPosition": "HFS",
    "RepetitionTime": 2.0,
    "SliceTiming": [
      0,
      0.069,
      0.138,
      0.207,
      0.276,
      0.345,
      0.414,
      0.483,
      0.552,
      0.621,
      0.69,
      0.759,
      0.828,
      0.897,
      0.966,
      1.035,
      1.104,
      1.173,
      1.242,
      1.311,
      1.38,
      1.449,
      1.518,
      1.587,
      1.656,
      1.725,
      1.794,
      1.863,
      1.932
    ],
    "TaskName": "reward",
    "dataset": "MLS",
    "modality": "bold",
    "run_id": 2,
    "session_id": "3",
    "subject_id": "106",
    "task_id": "reward"
  },
  "dummy_trs": 0,
  "dvars_nstd": 17.58387023489933,
  "dvars_std": 1.0353411653020137,
  "dvars_vstd": 1.009831541946309,
  "efc": 0.6278409079191344,
  "fber": 752.0289306640625,
  "fd_mean": 0.07142665394712247,
  "fd_num": 0,
  "fd_perc": 0.0,
  "fwhm_avg": 2.5030028000000004,
  "fwhm_x": 2.5970816,
  "fwhm_y": 2.9491968,
  "fwhm_z": 1.96273,
  "gcor": 0.014006,
  "gsr_x": 0.0005176237318664789,
  "gsr_y": 0.054211050271987915,
  "provenance": {
    "md5sum": "6f828e9a140446ba0fb94fc3cc1b7c2c",
    "settings": {
      "fd_thres": 0.2,
      "testing": false
    },
    "software": "mriqc",
    "version": "23.1.0rc0"
  },
  "size_t": 150,
  "size_x": 64,
  "size_y": 64,
  "size_z": 29,
  "snr": 6.539322164473732,
  "spacing_tr": 1.0,
  "spacing_x": 3.125,
  "spacing_y": 3.125,
  "spacing_z": 4.0,
  "summary_bg_k": 16.98018598337847,
  "summary_bg_mad": 131.77368910617236,
  "summary_bg_mean": 174.3693084716797,
  "summary_bg_median": 89.22666931152344,
  "summary_bg_n": 55100.0,
  "summary_bg_p05": 0.0,
  "summary_bg_p95": 633.4483245849608,
  "summary_bg_stdv": 241.387939453125,
  "summary_fg_k": 1.444800921114533,
  "summary_fg_mad": 357.84103072242226,
  "summary_fg_mean": 2651.121826171875,
  "summary_fg_median": 2638.56005859375,
  "summary_fg_n": 32693.0,
  "summary_fg_p05": 2027.4293701171875,
  "summary_fg_p95": 3321.052050781249,
  "summary_fg_stdv": 403.4851989746094,
  "tsnr": 81.14770502131432
}