{
  "aor": 0.0005808724832214765,
  "aqi": 0.004522285906040268,
  "bids_meta": {
    "EchoTime": 0.0036,
    "InstitutionName": "U of M FMRI",
    "Modality": "MR",
    "PatientPosition": "HFS",
    "RepetitionTime": 2.0,
    "SliceTiming": [
      0,
      0.069,
      0.138,
      0.207,
      0.276,
      0.345,
      0.414,
      0.483,
      0.552,
      0.621,
      0.69,
      0.759,
      0.828,
      0.897,
      0.966,
      1.035,
      1.104,
      1.173,
      1.242,
      1.311,
      1.38,
      1.449,
      1.518,
      1.587,
      1.656,
      1.725,
      1.794,
      1.863,
      1.932
    ],
    "TaskName": "reward",
    "dataset": "MLS",
    "modality": "bold",
    "run_id": 1,
    "session_id": "3",
    "subject_id": "106",
    "task_id": "reward"
  },
  "dummy_trs": 1,
  "dvars_nstd": 17.441648760135138,
  "dvars_std": 1.0137281324324328,
  "dvars_vstd": 0.9938752903378382,
  "efc": 0.626443632091239,
  "fber": 755.9142456054688,
  "fd_mean": 0.074237866178528,
  "fd_num": 1,
  "fd_perc": 0.6711409395973155,
  "fwhm_avg": 2.5118502,
  "fwhm_x": 2.6308704,
  "fwhm_y": 3.0005151999999997,
  "fwhm_z": 1.904165,
  "gcor": 0.0132491,
  "gsr_x": -0.00020751147530972958,
  "gsr_y": 0.05372093245387077,
  "provenance": {
    "md5sum": "d9cb773cbd57ecddca0dd3629961a151",
    "settings": {
      "fd_thres": 0.2,
      "testing": false
    },
    "software": "mriqc",
    "version": "23.1.0rc0"
  },
  "size_t": 149,
  "size_x": 64,
  "size_y": 64,
  "size_z": 29,
  "snr": 6.481409370643008,
  "spacing_tr": 1.0,
  "spacing_x": 3.125,
  "spacing_y": 3.125,
  "spacing_z": 4.0,
  "summary_bg_k": 18.499977126801006,
  "summary_bg_mad": 132.01627649475898,
  "summary_bg_mean": 168.25827026367188,
  "summary_bg_median": 89.30537414550781,
  "summary_bg_n": 55032.0,
  "summary_bg_p05": 0.0,
  "summary_bg_p95": 595.4879150390624,
  "summary_bg_stdv": 230.05743408203125,
  "summary_fg_k": 1.8583852528434566,
  "summary_fg_mad": 356.3218701972592,
  "summary_fg_mean": 2640.09619140625,
  "summary_fg_median": 2637.228271484375,
  "summary_fg_n": 32839.0,
  "summary_fg_p05": 2007.05439453125,
  "summary_fg_p95": 3297.201416015625,
  "summary_fg_stdv": 406.8849792480469,
  "tsnr": 77.567798307864
}