{
  "aor": 0.0010677333333333336,
  "aqi": 0.0031329627333333333,
  "bids_meta": {
    "EchoTime": 0.0036,
    "InstitutionName": "U of M FMRI",
    "Modality": "MR",
    "PatientPosition": "HFS",
    "RepetitionTime": 2.0,
    "SliceTiming": [
      0,
      0.069,
      0.138,
      0.207,
      0.276,
      0.345,
      0.414,
      0.483,
      0.552,
      0.621,
      0.69,
      0.759,
      0.828,
      0.897,
      0.966,
      1.035,
      1.104,
      1.173,
      1.242,
      1.311,
      1.38,
      1.449,
      1.518,
      1.587,
      1.656,
      1.725,
      1.794,
      1.863,
      1.932
    ],
    "TaskName": "reward",
    "dataset": "MLS",
    "modality": "bold",
    "run_id": 1,
    "session_id": "1",
    "subject_id": "157",
    "task_id": "reward"
  },
  "dummy_trs": 0,
  "dvars_nstd": 18.253221876845632,
  "dvars_std": 1.1699622827516776,
  "dvars_vstd": 1.0210871572483222,
  "efc": 0.5563808793850376,
  "fber": 1152.5645751953125,
  "fd_mean": 0.0892492642127593,
  "fd_num": 3,
  "fd_perc": 2.0,
  "fwhm_avg": 2.5686962999999996,
  "fwhm_x": 2.6798271999999996,
  "fwhm_y": 3.0790591999999997,
  "fwhm_z": 1.9472025,
  "gcor": 0.0503273,
  "gsr_x": -9.479602158535272e-05,
  "gsr_y": 0.026717426255345345,
  "provenance": {
    "md5sum": "917b59df6f19b3e909725c266b0aee28",
    "settings": {
      "fd_thres": 0.2,
      "testing": false
    },
    "software": "mriqc",
    "version": "23.1.0rc0"
  },
  "size_t": 150,
  "size_x": 64,
  "size_y": 64,
  "size_z": 29,
  "snr": 6.993993084322825,
  "spacing_tr": 1.0,
  "spacing_x": 3.125,
  "spacing_y": 3.125,
  "spacing_z": 4.0,
  "summary_bg_k": 23.68691585077298,
  "summary_bg_mad": 129.84630041620747,
  "summary_bg_mean": 153.7626190185547,
  "summary_bg_median": 90.27999877929688,
  "summary_bg_n": 64341.0,
  "summary_bg_p05": 0.0,
  "summary_bg_p95": 528.4933471679688,
  "summary_bg_stdv": 229.6706085205078,
  "summary_fg_k": 1.371318272850579,
  "summary_fg_mad": 392.3459188287415,
  "summary_fg_mean": 3108.5400390625,
  "summary_fg_median": 3123.920166015625,
  "summary_fg_n": 25389.0,
  "summary_fg_p05": 2366.521337890625,
  "summary_fg_p95": 3811.4602050781245,
  "summary_fg_stdv": 446.6488037109375,
  "tsnr": 88.41771833831444
}