{
  "aor": 0.0006124,
  "aqi": 0.004140471066666667,
  "bids_meta": {
    "EchoTime": 0.0036,
    "InstitutionName": "U of M FMRI",
    "Modality": "MR",
    "PatientPosition": "HFS",
    "RepetitionTime": 2.0,
    "SliceTiming": [
      0,
      0.069,
      0.138,
      0.207,
      0.276,
      0.345,
      0.414,
      0.483,
      0.552,
      0.621,
      0.69,
      0.759,
      0.828,
      0.897,
      0.966,
      1.035,
      1.104,
      1.173,
      1.242,
      1.311,
      1.38,
      1.449,
      1.518,
      1.587,
      1.656,
      1.725,
      1.794,
      1.863,
      1.932
    ],
    "TaskName": "reward",
    "dataset": "MLS",
    "modality": "bold",
    "run_id": 2,
    "session_id": "1",
    "subject_id": "16",
    "task_id": "reward"
  },
  "dummy_trs": 0,
  "dvars_nstd": 16.6583832985235,
  "dvars_std": 1.013359448724832,
  "dvars_vstd": 0.9684940733557051,
  "efc": 0.541378699403038,
  "fber": 901.1121826171875,
  "fd_mean": 0.08239322922674037,
  "fd_num": 4,
  "fd_perc": 2.6666666666666665,
  "fwhm_avg": 2.684231,
  "fwhm_x": 2.831088,
  "fwhm_y": 3.13904,
  "fwhm_z": 2.082565,
  "gcor": 0.012757,
  "gsr_x": 0.008258361369371414,
  "gsr_y": 0.030375702306628227,
  "provenance": {
    "md5sum": "cfc0e13993cde2d72772487f9fb7857e",
    "settings": {
      "fd_thres": 0.2,
      "testing": false
    },
    "software": "mriqc",
    "version": "23.1.0rc0"
  },
  "size_t": 150,
  "size_x": 64,
  "size_y": 64,
  "size_z": 29,
  "snr": 5.68497177385143,
  "spacing_tr": 1.0,
  "spacing_x": 3.125,
  "spacing_y": 3.125,
  "spacing_z": 4.0,
  "summary_bg_k": 17.68656140691557,
  "summary_bg_mad": 133.93334299682118,
  "summary_bg_mean": 151.99009704589844,
  "summary_bg_median": 95.71666717529297,
  "summary_bg_n": 67638.0,
  "summary_bg_p05": 0.02666666731238365,
  "summary_bg_p95": 498.2850021362303,
  "summary_bg_stdv": 201.30050659179688,
  "summary_fg_k": 0.24861088487256966,
  "summary_fg_mad": 489.5747261832049,
  "summary_fg_mean": 2932.384765625,
  "summary_fg_median": 2934.046630859375,
  "summary_fg_n": 22899.0,
  "summary_fg_p05": 2098.351953125,
  "summary_fg_p95": 3803.146875,
  "summary_fg_stdv": 516.094482421875,
  "tsnr": 71.45468804519624
}