{
  "aor": 0.009106533333333331,
  "aqi": 0.009236284266666667,
  "bids_meta": {
    "EchoTime": 0.0036,
    "InstitutionName": "U of M FMRI",
    "Modality": "MR",
    "PatientPosition": "HFS",
    "RepetitionTime": 2.0,
    "SliceTiming": [
      0,
      0.069,
      0.138,
      0.207,
      0.276,
      0.345,
      0.414,
      0.483,
      0.552,
      0.621,
      0.69,
      0.759,
      0.828,
      0.897,
      0.966,
      1.035,
      1.104,
      1.173,
      1.242,
      1.311,
      1.38,
      1.449,
      1.518,
      1.587,
      1.656,
      1.725,
      1.794,
      1.863,
      1.932
    ],
    "TaskName": "reward",
    "dataset": "MLS",
    "modality": "bold",
    "run_id": 1,
    "session_id": "2",
    "subject_id": "226",
    "task_id": "reward"
  },
  "dummy_trs": 0,
  "dvars_nstd": 18.303376934026854,
  "dvars_std": 1.134078205637584,
  "dvars_vstd": 1.0539202122147648,
  "efc": 0.5489340157478081,
  "fber": 1046.0767822265625,
  "fd_mean": 0.13365063592519422,
  "fd_num": 17,
  "fd_perc": 11.333333333333334,
  "fwhm_avg": 2.356186633333333,
  "fwhm_x": 2.4784096,
  "fwhm_y": 2.8180928,
  "fwhm_z": 1.7720575,
  "gcor": 0.0199907,
  "gsr_x": 0.018962007015943527,
  "gsr_y": 0.030032549053430557,
  "provenance": {
    "md5sum": "6b4596a526bd9d8cb2569626ee173b88",
    "settings": {
      "fd_thres": 0.2,
      "testing": false
    },
    "software": "mriqc",
    "version": "23.1.0rc0"
  },
  "size_t": 150,
  "size_x": 64,
  "size_y": 64,
  "size_z": 29,
  "snr": 8.083998447657986,
  "spacing_tr": 1.0,
  "spacing_x": 3.125,
  "spacing_y": 3.125,
  "spacing_z": 4.0,
  "summary_bg_k": 23.20241110980906,
  "summary_bg_mad": 296.79719726522944,
  "summary_bg_mean": 367.0721435546875,
  "summary_bg_median": 205.43333435058594,
  "summary_bg_n": 67179.0,
  "summary_bg_p05": 0.14666667580604553,
  "summary_bg_p95": 1294.3773681640619,
  "summary_bg_stdv": 539.8671264648438,
  "summary_fg_k": 1.8725743523867404,
  "summary_fg_mad": 721.2758443268723,
  "summary_fg_mean": 6667.0224609375,
  "summary_fg_median": 6688.93359375,
  "summary_fg_n": 23423.0,
  "summary_fg_p05": 5274.526953125,
  "summary_fg_p95": 7963.190234374999,
  "summary_fg_stdv": 827.4111938476562,
  "tsnr": 67.07092324015684
}