{
  "aor": 0.0007977333333333334,
  "aqi": 0.0030202245333333334,
  "bids_meta": {
    "EchoTime": 0.0036,
    "InstitutionName": "U of M FMRI",
    "Modality": "MR",
    "PatientPosition": "HFS",
    "RepetitionTime": 2.0,
    "SliceTiming": [
      0,
      0.069,
      0.138,
      0.207,
      0.276,
      0.345,
      0.414,
      0.483,
      0.552,
      0.621,
      0.69,
      0.759,
      0.828,
      0.897,
      0.966,
      1.035,
      1.104,
      1.173,
      1.242,
      1.311,
      1.38,
      1.449,
      1.518,
      1.587,
      1.656,
      1.725,
      1.794,
      1.863,
      1.932
    ],
    "TaskName": "reward",
    "dataset": "MLS",
    "modality": "bold",
    "run_id": 2,
    "session_id": "2",
    "subject_id": "121",
    "task_id": "reward"
  },
  "dummy_trs": 0,
  "dvars_nstd": 14.831248398724833,
  "dvars_std": 1.050425627986577,
  "dvars_vstd": 0.9977292868456378,
  "efc": 0.5614302652817313,
  "fber": 770.7080078125,
  "fd_mean": 0.05689977052541565,
  "fd_num": 0,
  "fd_perc": 0.0,
  "fwhm_avg": 2.6103536666666667,
  "fwhm_x": 2.7296544,
  "fwhm_y": 3.1322016,
  "fwhm_z": 1.969205,
  "gcor": 0.0262367,
  "gsr_x": 0.011652986519038677,
  "gsr_y": 0.04574185609817505,
  "provenance": {
    "md5sum": "a87ceaa2f08a410e3cfbbbb2163bdb6a",
    "settings": {
      "fd_thres": 0.2,
      "testing": false
    },
    "software": "mriqc",
    "version": "23.1.0rc0"
  },
  "size_t": 150,
  "size_x": 64,
  "size_y": 64,
  "size_z": 29,
  "snr": 6.534725508991627,
  "spacing_tr": 1.0,
  "spacing_x": 3.125,
  "spacing_y": 3.125,
  "spacing_z": 4.0,
  "summary_bg_k": 21.79672468665404,
  "summary_bg_mad": 175.02614372400987,
  "summary_bg_mean": 198.20753479003906,
  "summary_bg_median": 119.5666732788086,
  "summary_bg_n": 65239.0,
  "summary_bg_p05": 0.006666666828095913,
  "summary_bg_p95": 665.410009765625,
  "summary_bg_stdv": 263.03558349609375,
  "summary_fg_k": 1.6213847350869672,
  "summary_fg_mad": 467.06403934971553,
  "summary_fg_mean": 3381.107666015625,
  "summary_fg_median": 3374.12353515625,
  "summary_fg_n": 24330.0,
  "summary_fg_p05": 2588.0977416992187,
  "summary_fg_p95": 4227.454345703125,
  "summary_fg_stdv": 516.3268432617188,
  "tsnr": 88.96330827171914
}