{
  "aor": 0.0005506711409395974,
  "aqi": 0.0030595981879194636,
  "bids_meta": {
    "EchoTime": 0.0036,
    "InstitutionName": "U of M FMRI",
    "Modality": "MR",
    "PatientPosition": "HFS",
    "RepetitionTime": 2.0,
    "SliceTiming": [
      0,
      0.069,
      0.138,
      0.207,
      0.276,
      0.345,
      0.414,
      0.483,
      0.552,
      0.621,
      0.69,
      0.759,
      0.828,
      0.897,
      0.966,
      1.035,
      1.104,
      1.173,
      1.242,
      1.311,
      1.38,
      1.449,
      1.518,
      1.587,
      1.656,
      1.725,
      1.794,
      1.863,
      1.932
    ],
    "TaskName": "reward",
    "dataset": "MLS",
    "modality": "bold",
    "run_id": 1,
    "session_id": "2",
    "subject_id": "121",
    "task_id": "reward"
  },
  "dummy_trs": 1,
  "dvars_nstd": 13.97861805493244,
  "dvars_std": 1.0129469602027024,
  "dvars_vstd": 0.9774394618918916,
  "efc": 0.5625548634804943,
  "fber": 752.4366455078125,
  "fd_mean": 0.051598683805111345,
  "fd_num": 1,
  "fd_perc": 0.6711409395973155,
  "fwhm_avg": 2.6089447333333333,
  "fwhm_x": 2.7379520000000004,
  "fwhm_y": 3.1182272,
  "fwhm_z": 1.970655,
  "gcor": 0.0365643,
  "gsr_x": 0.00982073787599802,
  "gsr_y": 0.04517413675785065,
  "provenance": {
    "md5sum": "4642845af14c2084fd84de5fdcba7a2d",
    "settings": {
      "fd_thres": 0.2,
      "testing": false
    },
    "software": "mriqc",
    "version": "23.1.0rc0"
  },
  "size_t": 149,
  "size_x": 64,
  "size_y": 64,
  "size_z": 29,
  "snr": 6.69602286448261,
  "spacing_tr": 1.0,
  "spacing_x": 3.125,
  "spacing_y": 3.125,
  "spacing_z": 4.0,
  "summary_bg_k": 19.214779384143565,
  "summary_bg_mad": 179.81278473728602,
  "summary_bg_mean": 201.44273376464844,
  "summary_bg_median": 122.71141052246094,
  "summary_bg_n": 65192.0,
  "summary_bg_p05": 0.06040268391370773,
  "summary_bg_p95": 679.1731292724604,
  "summary_bg_stdv": 263.492919921875,
  "summary_fg_k": 1.4197818006326344,
  "summary_fg_mad": 461.40781777562427,
  "summary_fg_mean": 3423.26513671875,
  "summary_fg_median": 3415.308837890625,
  "summary_fg_n": 24291.0,
  "summary_fg_p05": 2642.9798583984375,
  "summary_fg_p95": 4270.721435546875,
  "summary_fg_stdv": 510.03985595703125,
  "tsnr": 87.07501254230738
}