{
  "aor": 0.0008947333333333333,
  "aqi": 0.0025563990666666665,
  "bids_meta": {
    "EchoTime": 0.0036,
    "InstitutionName": "U of M FMRI",
    "Modality": "MR",
    "PatientPosition": "HFS",
    "RepetitionTime": 2.0,
    "SliceTiming": [
      0,
      0.069,
      0.138,
      0.207,
      0.276,
      0.345,
      0.414,
      0.483,
      0.552,
      0.621,
      0.69,
      0.759,
      0.828,
      0.897,
      0.966,
      1.035,
      1.104,
      1.173,
      1.242,
      1.311,
      1.38,
      1.449,
      1.518,
      1.587,
      1.656,
      1.725,
      1.794,
      1.863,
      1.932
    ],
    "TaskName": "reward",
    "dataset": "MLS",
    "modality": "bold",
    "run_id": 1,
    "session_id": "2",
    "subject_id": "01",
    "task_id": "reward"
  },
  "dummy_trs": 0,
  "dvars_nstd": 16.650980379463093,
  "dvars_std": 1.09064677228188,
  "dvars_vstd": 1.0111383709395974,
  "efc": 0.5269050217711443,
  "fber": 980.4434814453125,
  "fd_mean": 0.0495600048605754,
  "fd_num": 1,
  "fd_perc": 0.6666666666666666,
  "fwhm_avg": 2.6646735666666665,
  "fwhm_x": 2.794048,
  "fwhm_y": 3.1125952,
  "fwhm_z": 2.0873775,
  "gcor": 0.0169559,
  "gsr_x": 0.0005681698676198721,
  "gsr_y": 0.025550926104187965,
  "provenance": {
    "md5sum": "e231ccccb17f07d34fb68beeadd95490",
    "settings": {
      "fd_thres": 0.2,
      "testing": false
    },
    "software": "mriqc",
    "version": "23.1.0rc0"
  },
  "size_t": 150,
  "size_x": 64,
  "size_y": 64,
  "size_z": 29,
  "snr": 6.014209225081403,
  "spacing_tr": 1.0,
  "spacing_x": 3.125,
  "spacing_y": 3.125,
  "spacing_z": 4.0,
  "summary_bg_k": 31.10893770019827,
  "summary_bg_mad": 145.76450678463476,
  "summary_bg_mean": 161.610595703125,
  "summary_bg_median": 101.60333251953125,
  "summary_bg_n": 69702.0,
  "summary_bg_p05": 0.0,
  "summary_bg_p95": 528.6186614990233,
  "summary_bg_stdv": 229.0815887451172,
  "summary_fg_k": 0.6364971143134088,
  "summary_fg_mad": 482.87876464996884,
  "summary_fg_mean": 3213.9404296875,
  "summary_fg_median": 3227.0302734375,
  "summary_fg_n": 21566.0,
  "summary_fg_p05": 2300.81005859375,
  "summary_fg_p95": 4077.91015625,
  "summary_fg_stdv": 536.5552368164062,
  "tsnr": 89.57649236917496
}