{
  "aor": 0.0011260666666666668,
  "aqi": 0.003626789333333333,
  "bids_meta": {
    "EchoTime": 0.0036,
    "InstitutionName": "U of M FMRI",
    "Modality": "MR",
    "PatientPosition": "HFS",
    "RepetitionTime": 2.0,
    "SliceTiming": [
      0,
      0.069,
      0.138,
      0.207,
      0.276,
      0.345,
      0.414,
      0.483,
      0.552,
      0.621,
      0.69,
      0.759,
      0.828,
      0.897,
      0.966,
      1.035,
      1.104,
      1.173,
      1.242,
      1.311,
      1.38,
      1.449,
      1.518,
      1.587,
      1.656,
      1.725,
      1.794,
      1.863,
      1.932
    ],
    "TaskName": "reward",
    "dataset": "MLS",
    "modality": "bold",
    "run_id": 1,
    "session_id": "2",
    "subject_id": "08",
    "task_id": "reward"
  },
  "dummy_trs": 0,
  "dvars_nstd": 17.68175587234899,
  "dvars_std": 1.099687214161074,
  "dvars_vstd": 1.01234294147651,
  "efc": 0.5811441061555566,
  "fber": 762.7003784179688,
  "fd_mean": 0.10351150411253025,
  "fd_num": 12,
  "fd_perc": 8.0,
  "fwhm_avg": 2.5547743333333335,
  "fwhm_x": 2.6737792000000002,
  "fwhm_y": 3.0094688,
  "fwhm_z": 1.981075,
  "gcor": 0.0459293,
  "gsr_x": 0.001485265325754881,
  "gsr_y": 0.042143359780311584,
  "provenance": {
    "md5sum": "8407f79aa73f5d257e64b3903c91cf20",
    "settings": {
      "fd_thres": 0.2,
      "testing": false
    },
    "software": "mriqc",
    "version": "23.1.0rc0"
  },
  "size_t": 150,
  "size_x": 64,
  "size_y": 64,
  "size_z": 29,
  "snr": 6.261622085928332,
  "spacing_tr": 1.0,
  "spacing_x": 3.125,
  "spacing_y": 3.125,
  "spacing_z": 4.0,
  "summary_bg_k": 11.083550104566203,
  "summary_bg_mad": 158.89543000307893,
  "summary_bg_mean": 181.9927520751953,
  "summary_bg_median": 109.52667236328125,
  "summary_bg_n": 62271.0,
  "summary_bg_p05": 0.0,
  "summary_bg_p95": 663.2733459472656,
  "summary_bg_stdv": 241.28077697753906,
  "summary_fg_k": 0.7482190322115665,
  "summary_fg_mad": 463.24405826744044,
  "summary_fg_mean": 3088.172119140625,
  "summary_fg_median": 3100.580078125,
  "summary_fg_n": 27329.0,
  "summary_fg_p05": 2283.289306640625,
  "summary_fg_p95": 3909.8080566406247,
  "summary_fg_stdv": 495.1629638671875,
  "tsnr": 80.00779143464752
}