{
  "aor": 0.008540133333333332,
  "aqi": 0.005167351200000001,
  "bids_meta": {
    "EchoTime": 0.0036,
    "InstitutionName": "U of M FMRI",
    "Modality": "MR",
    "PatientPosition": "HFS",
    "RepetitionTime": 2.0,
    "SliceTiming": [
      0,
      0.069,
      0.138,
      0.207,
      0.276,
      0.345,
      0.414,
      0.483,
      0.552,
      0.621,
      0.69,
      0.759,
      0.828,
      0.897,
      0.966,
      1.035,
      1.104,
      1.173,
      1.242,
      1.311,
      1.38,
      1.449,
      1.518,
      1.587,
      1.656,
      1.725,
      1.794,
      1.863,
      1.932
    ],
    "TaskName": "reward",
    "dataset": "MLS",
    "modality": "bold",
    "run_id": 2,
    "session_id": "1",
    "subject_id": "244",
    "task_id": "reward"
  },
  "dummy_trs": 0,
  "dvars_nstd": 16.42025385590604,
  "dvars_std": 1.21244798261745,
  "dvars_vstd": 1.0846790218120794,
  "efc": 0.5433871659505674,
  "fber": 1739.2703857421875,
  "fd_mean": 0.1232278865978811,
  "fd_num": 17,
  "fd_perc": 11.333333333333334,
  "fwhm_avg": 2.498825366666667,
  "fwhm_x": 2.6148000000000002,
  "fwhm_y": 2.9811136,
  "fwhm_z": 1.9005625,
  "gcor": 0.0683882,
  "gsr_x": 0.006840466056019068,
  "gsr_y": 0.034875690937042236,
  "provenance": {
    "md5sum": "5aa99b5b6954fd683b412b6b22aa7a3d",
    "settings": {
      "fd_thres": 0.2,
      "testing": false
    },
    "software": "mriqc",
    "version": "23.1.0rc0"
  },
  "size_t": 150,
  "size_x": 64,
  "size_y": 64,
  "size_z": 29,
  "snr": 7.612309560158212,
  "spacing_tr": 1.0,
  "spacing_x": 3.125,
  "spacing_y": 3.125,
  "spacing_z": 4.0,
  "summary_bg_k": 19.82310333354027,
  "summary_bg_mad": 133.3254777273807,
  "summary_bg_mean": 152.8843994140625,
  "summary_bg_median": 94.50666809082031,
  "summary_bg_n": 64955.0,
  "summary_bg_p05": 0.02666666731238365,
  "summary_bg_p95": 518.3433715820311,
  "summary_bg_stdv": 212.87118530273438,
  "summary_fg_k": 1.698966905494828,
  "summary_fg_mad": 452.44089766843695,
  "summary_fg_mean": 3875.4609375,
  "summary_fg_median": 3874.703369140625,
  "summary_fg_n": 25140.0,
  "summary_fg_p05": 3042.6734375,
  "summary_fg_p95": 4667.505639648437,
  "summary_fg_stdv": 508.9948425292969,
  "tsnr": 82.48229351826012
}