{
  "aor": 0.0006427333333333333,
  "aqi": 0.004222513866666667,
  "bids_meta": {
    "EchoTime": 0.0036,
    "InstitutionName": "U of M FMRI",
    "Modality": "MR",
    "PatientPosition": "HFS",
    "RepetitionTime": 2.0,
    "SliceTiming": [
      0,
      0.069,
      0.138,
      0.207,
      0.276,
      0.345,
      0.414,
      0.483,
      0.552,
      0.621,
      0.69,
      0.759,
      0.828,
      0.897,
      0.966,
      1.035,
      1.104,
      1.173,
      1.242,
      1.311,
      1.38,
      1.449,
      1.518,
      1.587,
      1.656,
      1.725,
      1.794,
      1.863,
      1.932
    ],
    "TaskName": "reward",
    "dataset": "MLS",
    "modality": "bold",
    "run_id": 1,
    "session_id": "1",
    "subject_id": "165",
    "task_id": "reward"
  },
  "dummy_trs": 0,
  "dvars_nstd": 17.32643601731544,
  "dvars_std": 1.1489248961073832,
  "dvars_vstd": 1.0016537499999998,
  "efc": 0.5501979838597271,
  "fber": 997.801513671875,
  "fd_mean": 0.09865990159486174,
  "fd_num": 5,
  "fd_perc": 3.3333333333333335,
  "fwhm_avg": 2.549360866666667,
  "fwhm_x": 2.6527231999999996,
  "fwhm_y": 2.9805344000000003,
  "fwhm_z": 2.014825,
  "gcor": 0.0338884,
  "gsr_x": 0.0005325875827111304,
  "gsr_y": 0.030928127467632294,
  "provenance": {
    "md5sum": "f88e1291d2c732ee38c5d22fab889d3b",
    "settings": {
      "fd_thres": 0.2,
      "testing": false
    },
    "software": "mriqc",
    "version": "23.1.0rc0"
  },
  "size_t": 150,
  "size_x": 64,
  "size_y": 64,
  "size_z": 29,
  "snr": 7.0125918780905065,
  "spacing_tr": 1.0,
  "spacing_x": 3.125,
  "spacing_y": 3.125,
  "spacing_z": 4.0,
  "summary_bg_k": 16.521555134339913,
  "summary_bg_mad": 155.53486535151146,
  "summary_bg_mean": 161.29214477539062,
  "summary_bg_median": 107.31333923339844,
  "summary_bg_n": 65364.0,
  "summary_bg_p05": 0.03999999910593033,
  "summary_bg_p95": 532.7080291748046,
  "summary_bg_stdv": 210.93899536132812,
  "summary_fg_k": 0.9239295728965997,
  "summary_fg_mad": 451.1705870029473,
  "summary_fg_mean": 3428.88671875,
  "summary_fg_median": 3444.92333984375,
  "summary_fg_n": 24768.0,
  "summary_fg_p05": 2608.1177490234377,
  "summary_fg_p95": 4196.402124023438,
  "summary_fg_stdv": 491.2383117675781,
  "tsnr": 81.48531164985616
}