{
  "aor": 0.0017202666666666666,
  "aqi": 0.006578955333333333,
  "bids_meta": {
    "EchoTime": 0.0036,
    "InstitutionName": "U of M FMRI",
    "Modality": "MR",
    "PatientPosition": "HFS",
    "RepetitionTime": 2.0,
    "SliceTiming": [
      0,
      0.069,
      0.138,
      0.207,
      0.276,
      0.345,
      0.414,
      0.483,
      0.552,
      0.621,
      0.69,
      0.759,
      0.828,
      0.897,
      0.966,
      1.035,
      1.104,
      1.173,
      1.242,
      1.311,
      1.38,
      1.449,
      1.518,
      1.587,
      1.656,
      1.725,
      1.794,
      1.863,
      1.932
    ],
    "TaskName": "reward",
    "dataset": "MLS",
    "modality": "bold",
    "run_id": 2,
    "session_id": "1",
    "subject_id": "165",
    "task_id": "reward"
  },
  "dummy_trs": 0,
  "dvars_nstd": 18.02979488516778,
  "dvars_std": 1.0959202216107382,
  "dvars_vstd": 0.9788587148993291,
  "efc": 0.5521725021030514,
  "fber": 968.8203125,
  "fd_mean": 0.11015839708130563,
  "fd_num": 9,
  "fd_perc": 6.0,
  "fwhm_avg": 2.510911866666667,
  "fwhm_x": 2.6199392,
  "fwhm_y": 2.9592064,
  "fwhm_z": 1.95359,
  "gcor": 0.0361016,
  "gsr_x": 1.2383125977066811e-05,
  "gsr_y": 0.029855597764253616,
  "provenance": {
    "md5sum": "50deef95cb596e2f88336c6b660acce4",
    "settings": {
      "fd_thres": 0.2,
      "testing": false
    },
    "software": "mriqc",
    "version": "23.1.0rc0"
  },
  "size_t": 150,
  "size_x": 64,
  "size_y": 64,
  "size_z": 29,
  "snr": 6.974106389991425,
  "spacing_tr": 1.0,
  "spacing_x": 3.125,
  "spacing_y": 3.125,
  "spacing_z": 4.0,
  "summary_bg_k": 15.533982034132787,
  "summary_bg_mad": 153.58770710434413,
  "summary_bg_mean": 164.6159210205078,
  "summary_bg_median": 108.64666748046875,
  "summary_bg_n": 65269.0,
  "summary_bg_p05": 0.019999999552965164,
  "summary_bg_p95": 554.9920288085932,
  "summary_bg_stdv": 215.60137939453125,
  "summary_fg_k": 1.1463470735643941,
  "summary_fg_mad": 447.6470539716869,
  "summary_fg_mean": 3424.943359375,
  "summary_fg_median": 3438.10009765625,
  "summary_fg_n": 24796.0,
  "summary_fg_p05": 2612.6467895507812,
  "summary_fg_p95": 4192.68505859375,
  "summary_fg_stdv": 492.9707946777344,
  "tsnr": 70.15315419295803
}