{
  "aor": 0.0009116,
  "aqi": 0.007067971,
  "bids_meta": {
    "EchoTime": 0.0036,
    "InstitutionName": "U of M FMRI",
    "Modality": "MR",
    "PatientPosition": "HFS",
    "RepetitionTime": 2.0,
    "SliceTiming": [
      0,
      0.069,
      0.138,
      0.207,
      0.276,
      0.345,
      0.414,
      0.483,
      0.552,
      0.621,
      0.69,
      0.759,
      0.828,
      0.897,
      0.966,
      1.035,
      1.104,
      1.173,
      1.242,
      1.311,
      1.38,
      1.449,
      1.518,
      1.587,
      1.656,
      1.725,
      1.794,
      1.863,
      1.932
    ],
    "TaskName": "reward",
    "dataset": "MLS",
    "modality": "bold",
    "run_id": 2,
    "session_id": "2",
    "subject_id": "185",
    "task_id": "reward"
  },
  "dummy_trs": 0,
  "dvars_nstd": 18.650819099932864,
  "dvars_std": 1.0237079142281877,
  "dvars_vstd": 0.9999851937583896,
  "efc": 0.5744272523026785,
  "fber": 696.2070922851562,
  "fd_mean": 0.09320123785808576,
  "fd_num": 5,
  "fd_perc": 3.3333333333333335,
  "fwhm_avg": 2.499151,
  "fwhm_x": 2.6028160000000002,
  "fwhm_y": 2.8709919999999998,
  "fwhm_z": 2.023645,
  "gcor": 0.025602,
  "gsr_x": 0.02350892871618271,
  "gsr_y": 0.02195693738758564,
  "provenance": {
    "md5sum": "51eea29c53eec8cdf09ebc91bfa905f3",
    "settings": {
      "fd_thres": 0.2,
      "testing": false
    },
    "software": "mriqc",
    "version": "23.1.0rc0"
  },
  "size_t": 150,
  "size_x": 64,
  "size_y": 64,
  "size_z": 29,
  "snr": 7.450766017950997,
  "spacing_tr": 1.0,
  "spacing_x": 3.125,
  "spacing_y": 3.125,
  "spacing_z": 4.0,
  "summary_bg_k": 14.674955695871446,
  "summary_bg_mad": 211.48826920377303,
  "summary_bg_mean": 220.281982421875,
  "summary_bg_median": 146.086669921875,
  "summary_bg_n": 63131.0,
  "summary_bg_p05": 0.02666666731238365,
  "summary_bg_p95": 714.7166748046875,
  "summary_bg_stdv": 288.14752197265625,
  "summary_fg_k": 1.0601453172343334,
  "summary_fg_mad": 508.41383694164267,
  "summary_fg_mean": 3956.211669921875,
  "summary_fg_median": 3966.780029296875,
  "summary_fg_n": 26361.0,
  "summary_fg_p05": 3077.746826171875,
  "summary_fg_p95": 4784.03369140625,
  "summary_fg_stdv": 532.3888549804688,
  "tsnr": 66.83380442694761
}