{
  "aor": 0.0023859333333333334,
  "aqi": 0.013983023066666668,
  "bids_meta": {
    "EchoTime": 0.0036,
    "InstitutionName": "U of M FMRI",
    "Modality": "MR",
    "PatientPosition": "HFS",
    "RepetitionTime": 2.0,
    "SliceTiming": [
      0,
      0.069,
      0.138,
      0.207,
      0.276,
      0.345,
      0.414,
      0.483,
      0.552,
      0.621,
      0.69,
      0.759,
      0.828,
      0.897,
      0.966,
      1.035,
      1.104,
      1.173,
      1.242,
      1.311,
      1.38,
      1.449,
      1.518,
      1.587,
      1.656,
      1.725,
      1.794,
      1.863,
      1.932
    ],
    "TaskName": "reward",
    "dataset": "MLS",
    "modality": "bold",
    "run_id": 1,
    "session_id": "2",
    "subject_id": "185",
    "task_id": "reward"
  },
  "dummy_trs": 0,
  "dvars_nstd": 18.006194146577165,
  "dvars_std": 0.9593615655033556,
  "dvars_vstd": 0.9654788000671144,
  "efc": 0.5739998067795543,
  "fber": 682.8969116210938,
  "fd_mean": 0.08981887524707415,
  "fd_num": 3,
  "fd_perc": 2.0,
  "fwhm_avg": 2.4462579333333334,
  "fwhm_x": 2.5722464,
  "fwhm_y": 2.8620224000000003,
  "fwhm_z": 1.904505,
  "gcor": 0.00936318,
  "gsr_x": 0.02168179862201214,
  "gsr_y": 0.020152246579527855,
  "provenance": {
    "md5sum": "beb3f35b9a2fe27a999f593841ecdca2",
    "settings": {
      "fd_thres": 0.2,
      "testing": false
    },
    "software": "mriqc",
    "version": "23.1.0rc0"
  },
  "size_t": 150,
  "size_x": 64,
  "size_y": 64,
  "size_z": 29,
  "snr": 7.385875968635975,
  "spacing_tr": 1.0,
  "spacing_x": 3.125,
  "spacing_y": 3.125,
  "spacing_z": 4.0,
  "summary_bg_k": 16.233448846139996,
  "summary_bg_mad": 215.14040989269623,
  "summary_bg_mean": 222.540771484375,
  "summary_bg_median": 149.2933349609375,
  "summary_bg_n": 63216.0,
  "summary_bg_p05": 0.03333333507180214,
  "summary_bg_p95": 713.4766998291016,
  "summary_bg_stdv": 292.8717346191406,
  "summary_fg_k": 1.5123889159266657,
  "summary_fg_mad": 508.90809800838326,
  "summary_fg_mean": 3962.968994140625,
  "summary_fg_median": 3964.3798828125,
  "summary_fg_n": 26282.0,
  "summary_fg_p05": 3089.3423339843753,
  "summary_fg_p95": 4809.2849609375,
  "summary_fg_stdv": 536.7412719726562,
  "tsnr": 54.906920404639095
}