{
  "aor": 0.0006140666666666668,
  "aqi": 0.0029161676,
  "bids_meta": {
    "EchoTime": 0.0036,
    "InstitutionName": "U of M FMRI",
    "Modality": "MR",
    "PatientPosition": "HFS",
    "RepetitionTime": 2.0,
    "SliceTiming": [
      0,
      0.069,
      0.138,
      0.207,
      0.276,
      0.345,
      0.414,
      0.483,
      0.552,
      0.621,
      0.69,
      0.759,
      0.828,
      0.897,
      0.966,
      1.035,
      1.104,
      1.173,
      1.242,
      1.311,
      1.38,
      1.449,
      1.518,
      1.587,
      1.656,
      1.725,
      1.794,
      1.863,
      1.932
    ],
    "TaskName": "reward",
    "dataset": "MLS",
    "modality": "bold",
    "run_id": 1,
    "session_id": "2",
    "subject_id": "167",
    "task_id": "reward"
  },
  "dummy_trs": 0,
  "dvars_nstd": 15.755497311610737,
  "dvars_std": 1.2406466273154368,
  "dvars_vstd": 0.9927010959060397,
  "efc": 0.5245170010582085,
  "fber": 1347.305419921875,
  "fd_mean": 0.05629586326514392,
  "fd_num": 0,
  "fd_perc": 0.0,
  "fwhm_avg": 2.514724966666667,
  "fwhm_x": 2.6626816000000004,
  "fwhm_y": 2.9355008,
  "fwhm_z": 1.9459925,
  "gcor": 0.0222837,
  "gsr_x": -0.004325437359511852,
  "gsr_y": 0.036270622164011,
  "provenance": {
    "md5sum": "1f091fb112299110e449be21e8911d09",
    "settings": {
      "fd_thres": 0.2,
      "testing": false
    },
    "software": "mriqc",
    "version": "23.1.0rc0"
  },
  "size_t": 150,
  "size_x": 64,
  "size_y": 64,
  "size_z": 29,
  "snr": 6.487363746584096,
  "spacing_tr": 1.0,
  "spacing_x": 3.125,
  "spacing_y": 3.125,
  "spacing_z": 4.0,
  "summary_bg_k": 25.236944250672003,
  "summary_bg_mad": 135.78165730207039,
  "summary_bg_mean": 156.9331817626953,
  "summary_bg_median": 94.65666961669922,
  "summary_bg_n": 68906.0,
  "summary_bg_p05": 0.0,
  "summary_bg_p95": 532.1133422851562,
  "summary_bg_stdv": 227.2508544921875,
  "summary_fg_k": 0.9625749465731879,
  "summary_fg_mad": 493.12341567300695,
  "summary_fg_mean": 3489.940673828125,
  "summary_fg_median": 3513.86669921875,
  "summary_fg_n": 22235.0,
  "summary_fg_p05": 2581.227978515625,
  "summary_fg_p95": 4332.94150390625,
  "summary_fg_stdv": 541.6356811523438,
  "tsnr": 101.00710729928687
}