{
  "aor": 0.0018211333333333335,
  "aqi": 0.0025428492666666664,
  "bids_meta": {
    "EchoTime": 0.0036,
    "InstitutionName": "U of M FMRI",
    "Modality": "MR",
    "PatientPosition": "HFS",
    "RepetitionTime": 2.0,
    "SliceTiming": [
      0,
      0.069,
      0.138,
      0.207,
      0.276,
      0.345,
      0.414,
      0.483,
      0.552,
      0.621,
      0.69,
      0.759,
      0.828,
      0.897,
      0.966,
      1.035,
      1.104,
      1.173,
      1.242,
      1.311,
      1.38,
      1.449,
      1.518,
      1.587,
      1.656,
      1.725,
      1.794,
      1.863,
      1.932
    ],
    "TaskName": "reward",
    "dataset": "MLS",
    "modality": "bold",
    "run_id": 2,
    "session_id": "2",
    "subject_id": "167",
    "task_id": "reward"
  },
  "dummy_trs": 0,
  "dvars_nstd": 16.278468138255036,
  "dvars_std": 1.3033533683892609,
  "dvars_vstd": 1.023098672214765,
  "efc": 0.5256312328997946,
  "fber": 1345.2862548828125,
  "fd_mean": 0.05534535677470902,
  "fd_num": 1,
  "fd_perc": 0.6666666666666666,
  "fwhm_avg": 2.5487268,
  "fwhm_x": 2.6944032,
  "fwhm_y": 2.9888672,
  "fwhm_z": 1.96291,
  "gcor": 0.0198898,
  "gsr_x": -0.004429560154676437,
  "gsr_y": 0.03601974621415138,
  "provenance": {
    "md5sum": "6c7ede0f6ab9252d94cdad06a0c36e82",
    "settings": {
      "fd_thres": 0.2,
      "testing": false
    },
    "software": "mriqc",
    "version": "23.1.0rc0"
  },
  "size_t": 150,
  "size_x": 64,
  "size_y": 64,
  "size_z": 29,
  "snr": 6.568182416653387,
  "spacing_tr": 1.0,
  "spacing_x": 3.125,
  "spacing_y": 3.125,
  "spacing_z": 4.0,
  "summary_bg_k": 23.129198882209494,
  "summary_bg_mad": 138.00555568110997,
  "summary_bg_mean": 157.18177795410156,
  "summary_bg_median": 95.03333282470703,
  "summary_bg_n": 68892.0,
  "summary_bg_p05": 0.006666666828095913,
  "summary_bg_p95": 536.0833557128892,
  "summary_bg_stdv": 227.51211547851562,
  "summary_fg_k": 1.0808767058262445,
  "summary_fg_mad": 483.2888692187107,
  "summary_fg_mean": 3486.82861328125,
  "summary_fg_median": 3517.83349609375,
  "summary_fg_n": 22345.0,
  "summary_fg_p05": 2586.114697265625,
  "summary_fg_p95": 4314.44296875,
  "summary_fg_stdv": 535.5750732421875,
  "tsnr": 100.88854091241956
}