{
  "aor": 0.0008020666666666669,
  "aqi": 0.0040292520000000005,
  "bids_meta": {
    "EchoTime": 0.0036,
    "InstitutionName": "U of M FMRI",
    "Modality": "MR",
    "PatientPosition": "HFS",
    "RepetitionTime": 2.0,
    "SliceTiming": [
      0,
      0.069,
      0.138,
      0.207,
      0.276,
      0.345,
      0.414,
      0.483,
      0.552,
      0.621,
      0.69,
      0.759,
      0.828,
      0.897,
      0.966,
      1.035,
      1.104,
      1.173,
      1.242,
      1.311,
      1.38,
      1.449,
      1.518,
      1.587,
      1.656,
      1.725,
      1.794,
      1.863,
      1.932
    ],
    "TaskName": "reward",
    "dataset": "MLS",
    "modality": "bold",
    "run_id": 2,
    "session_id": "1",
    "subject_id": "83",
    "task_id": "reward"
  },
  "dummy_trs": 0,
  "dvars_nstd": 17.964650537718132,
  "dvars_std": 1.1420297021476509,
  "dvars_vstd": 1.0006827230201343,
  "efc": 0.5680783738185942,
  "fber": 763.5137329101562,
  "fd_mean": 0.06981700755480516,
  "fd_num": 1,
  "fd_perc": 0.6666666666666666,
  "fwhm_avg": 2.4175728333333333,
  "fwhm_x": 2.51,
  "fwhm_y": 2.884416,
  "fwhm_z": 1.8583025,
  "gcor": 0.0315237,
  "gsr_x": 0.003977266605943441,
  "gsr_y": 0.04123106971383095,
  "provenance": {
    "md5sum": "a603f8e2ebfdbccf7577f7ff5f0c4983",
    "settings": {
      "fd_thres": 0.2,
      "testing": false
    },
    "software": "mriqc",
    "version": "23.1.0rc0"
  },
  "size_t": 150,
  "size_x": 64,
  "size_y": 64,
  "size_z": 29,
  "snr": 7.241326730939054,
  "spacing_tr": 1.0,
  "spacing_x": 3.125,
  "spacing_y": 3.125,
  "spacing_z": 4.0,
  "summary_bg_k": 21.829934614275118,
  "summary_bg_mad": 173.64237201518566,
  "summary_bg_mean": 188.1612548828125,
  "summary_bg_median": 120.18000030517578,
  "summary_bg_n": 64291.0,
  "summary_bg_p05": 0.013333333656191826,
  "summary_bg_p95": 637.9066772460938,
  "summary_bg_stdv": 251.35496520996094,
  "summary_fg_k": 1.333550349945293,
  "summary_fg_mad": 433.1768418405349,
  "summary_fg_mean": 3348.44921875,
  "summary_fg_median": 3341.626708984375,
  "summary_fg_n": 25917.0,
  "summary_fg_p05": 2631.00146484375,
  "summary_fg_p95": 4098.033398437498,
  "summary_fg_stdv": 461.4571838378906,
  "tsnr": 88.12989944242872
}