{
  "aor": 0.0008726666666666668,
  "aqi": 0.006389033399999999,
  "bids_meta": {
    "EchoTime": 0.0036,
    "InstitutionName": "U of M FMRI",
    "Modality": "MR",
    "PatientPosition": "HFS",
    "RepetitionTime": 2.0,
    "SliceTiming": [
      0,
      0.069,
      0.138,
      0.207,
      0.276,
      0.345,
      0.414,
      0.483,
      0.552,
      0.621,
      0.69,
      0.759,
      0.828,
      0.897,
      0.966,
      1.035,
      1.104,
      1.173,
      1.242,
      1.311,
      1.38,
      1.449,
      1.518,
      1.587,
      1.656,
      1.725,
      1.794,
      1.863,
      1.932
    ],
    "TaskName": "reward",
    "dataset": "MLS",
    "modality": "bold",
    "run_id": 2,
    "session_id": "2",
    "subject_id": "162",
    "task_id": "reward"
  },
  "dummy_trs": 0,
  "dvars_nstd": 18.614478955973166,
  "dvars_std": 1.0754058587248325,
  "dvars_vstd": 1.0037669632214763,
  "efc": 0.5691322867982446,
  "fber": 814.4662475585938,
  "fd_mean": 0.12822407958277102,
  "fd_num": 21,
  "fd_perc": 14.0,
  "fwhm_avg": 2.3321985666666665,
  "fwhm_x": 2.4022015999999997,
  "fwhm_y": 2.7533216,
  "fwhm_z": 1.8410725,
  "gcor": 0.0345873,
  "gsr_x": 0.008514732122421265,
  "gsr_y": 0.03243028372526169,
  "provenance": {
    "md5sum": "b75fbddf8bfade4227f17bece75e3ea2",
    "settings": {
      "fd_thres": 0.2,
      "testing": false
    },
    "software": "mriqc",
    "version": "23.1.0rc0"
  },
  "size_t": 150,
  "size_x": 64,
  "size_y": 64,
  "size_z": 29,
  "snr": 7.971479558496105,
  "spacing_tr": 1.0,
  "spacing_x": 3.125,
  "spacing_y": 3.125,
  "spacing_z": 4.0,
  "summary_bg_k": 15.230833193113249,
  "summary_bg_mad": 298.0129447711463,
  "summary_bg_mean": 343.6755676269531,
  "summary_bg_median": 203.0466766357422,
  "summary_bg_n": 64288.0,
  "summary_bg_p05": 0.1599999964237213,
  "summary_bg_p95": 1175.2540344238269,
  "summary_bg_stdv": 458.7613525390625,
  "summary_fg_k": 2.3625570972735943,
  "summary_fg_mad": 679.9808841949314,
  "summary_fg_mean": 5887.35595703125,
  "summary_fg_median": 5909.7001953125,
  "summary_fg_n": 25047.0,
  "summary_fg_p05": 4685.235595703125,
  "summary_fg_p95": 7007.338769531249,
  "summary_fg_stdv": 741.3406982421875,
  "tsnr": 75.581166990567
}