{
  "bids_meta": {
    "AcquisitionMatrixPE": 160,
    "CoilString": "HEAD",
    "EchoTime": 0.001784,
    "FlipAngle": 15,
    "ImageType": [
      "ORIGINAL",
      "PRIMARY",
      "OTHER"
    ],
    "InPlanePhaseEncodingDirectionDICOM": "ROW",
    "InstitutionName": "U of M FMRi",
    "InversionTime": 0.4,
    "MRAcquisitionType": "3D",
    "Modality": "MR",
    "PatientPosition": "HFS",
    "PercentPhaseFOV": 100,
    "PercentSampling": 100,
    "ReconMatrixPE": 256,
    "RepetitionTime": 0.008948,
    "SAR": 0.017417,
    "ScanningSequence": "GR",
    "SeriesDescription": "3d spgr IR axial",
    "dataset": "MLS",
    "modality": "T1w",
    "session_id": "1",
    "subject_id": "22"
  },
  "cjv": 0.38602254759624766,
  "cnr": 3.506719461118484,
  "efc": 0.7136650972379375,
  "fber": 7185.540511322133,
  "fwhm_avg": 5.016508115118029,
  "fwhm_x": 5.52773,
  "fwhm_y": 6.01973,
  "fwhm_z": 3.502064345354086,
  "icvs_csf": 0.17434033235448476,
  "icvs_gm": 0.42574412735814837,
  "icvs_wm": 0.39991554028736687,
  "inu_med": 0.6358166337013245,
  "inu_range": 0.40475420951843266,
  "provenance": {
    "md5sum": "cd3c901105bb21716f9fcdc5d4a80c5a",
    "settings": {
      "testing": false
    },
    "software": "mriqc",
    "version": "23.1.0rc0",
    "warnings": {
      "large_rot_frame": true,
      "small_air_mask": false
    }
  },
  "qi_1": 0.0,
  "qi_2": 0.0017975569178246547,
  "rpve_csf": 15.82751779222774,
  "rpve_gm": 6.731218272505159,
  "rpve_wm": 8.315877615317197,
  "size_x": 202,
  "size_y": 187,
  "size_z": 116,
  "snr_csf": 1.6709899696291437,
  "snr_gm": 14.35254083869947,
  "snr_total": 11.56174417513259,
  "snr_wm": 18.66170171706916,
  "snrd_csf": 12.2012701642257,
  "snrd_gm": 27.770524074966957,
  "snrd_total": 25.946349955739525,
  "snrd_wm": 37.867255628025916,
  "spacing_x": 1.0,
  "spacing_y": 1.0,
  "spacing_z": 1.399999976158142,
  "summary_bg_k": 10.002064453765056,
  "summary_bg_mad": 0.0,
  "summary_bg_mean": 11.11722107698116,
  "summary_bg_median": 0.0,
  "summary_bg_n": 527824.0,
  "summary_bg_p05": 0.0,
  "summary_bg_p95": 45.57046441733837,
  "summary_bg_stdv": 17.302105055523082,
  "summary_csf_k": 36.7427461120263,
  "summary_csf_mad": 103.49981749149715,
  "summary_csf_mean": 345.9363012043859,
  "summary_csf_median": 322.23466470837593,
  "summary_csf_n": 10828.0,
  "summary_csf_p05": 149.61746358778328,
  "summary_csf_p95": 547.6869105571877,
  "summary_csf_stdv": 192.83166896674894,
  "summary_gm_k": -0.020025852668831945,
  "summary_gm_mad": 52.40362899962113,
  "summary_gm_mean": 730.1432654991838,
  "summary_gm_median": 733.4175371602178,
  "summary_gm_n": 13544.0,
  "summary_gm_p05": 642.8557727007195,
  "summary_gm_p95": 808.1607256606221,
  "summary_gm_stdv": 51.09830165514025,
  "summary_wm_k": 0.5999532320577865,
  "summary_wm_mad": 50.53080881285112,
  "summary_wm_mean": 1007.8395375638904,
  "summary_wm_median": 1000.0714889913797,
  "summary_wm_n": 123819.0,
  "summary_wm_p05": 933.8608456067741,
  "summary_wm_p95": 1107.0858118124306,
  "summary_wm_stdv": 53.58929564431702,
  "tpm_overlap_csf": 0.17058629713750276,
  "tpm_overlap_gm": 0.4630682064708876,
  "tpm_overlap_wm": 0.4971838504600491,
  "wm2max": 0.34379854971580565
}