{
  "aor": 0.0023695333333333336,
  "aqi": 0.004453756933333333,
  "bids_meta": {
    "EchoTime": 0.0036,
    "InstitutionName": "U of M FMRI",
    "Modality": "MR",
    "PatientPosition": "HFS",
    "RepetitionTime": 2.0,
    "SliceTiming": [
      0,
      0.069,
      0.138,
      0.207,
      0.276,
      0.345,
      0.414,
      0.483,
      0.552,
      0.621,
      0.69,
      0.759,
      0.828,
      0.897,
      0.966,
      1.035,
      1.104,
      1.173,
      1.242,
      1.311,
      1.38,
      1.449,
      1.518,
      1.587,
      1.656,
      1.725,
      1.794,
      1.863,
      1.932
    ],
    "TaskName": "reward",
    "dataset": "MLS",
    "modality": "bold",
    "run_id": 1,
    "session_id": "2",
    "subject_id": "46",
    "task_id": "reward"
  },
  "dummy_trs": 0,
  "dvars_nstd": 17.023056151879196,
  "dvars_std": 1.154720998255033,
  "dvars_vstd": 1.018264636510067,
  "efc": 0.5595976024524065,
  "fber": 1269.955322265625,
  "fd_mean": 0.0787356591139974,
  "fd_num": 1,
  "fd_perc": 0.6666666666666666,
  "fwhm_avg": 2.5373565,
  "fwhm_x": 2.6812864000000003,
  "fwhm_y": 3.0187456,
  "fwhm_z": 1.9120375,
  "gcor": 0.0911866,
  "gsr_x": 0.004568447358906269,
  "gsr_y": 0.0374772883951664,
  "provenance": {
    "md5sum": "c15ac36c4329399530a782517014f4f8",
    "settings": {
      "fd_thres": 0.2,
      "testing": false
    },
    "software": "mriqc",
    "version": "23.1.0rc0"
  },
  "size_t": 150,
  "size_x": 64,
  "size_y": 64,
  "size_z": 29,
  "snr": 6.53449613340023,
  "spacing_tr": 1.0,
  "spacing_x": 3.125,
  "spacing_y": 3.125,
  "spacing_z": 4.0,
  "summary_bg_k": 38.96348225893297,
  "summary_bg_mad": 111.7783248252701,
  "summary_bg_mean": 130.89096069335938,
  "summary_bg_median": 77.32666778564453,
  "summary_bg_n": 63317.0,
  "summary_bg_p05": 0.006666666828095913,
  "summary_bg_p95": 462.88534545898403,
  "summary_bg_stdv": 199.0536346435547,
  "summary_fg_k": 0.9496714404783448,
  "summary_fg_mad": 390.7149116030124,
  "summary_fg_mean": 2776.426513671875,
  "summary_fg_median": 2788.199951171875,
  "summary_fg_n": 26397.0,
  "summary_fg_p05": 2083.9640625,
  "summary_fg_p95": 3461.71484375,
  "summary_fg_stdv": 426.6812744140625,
  "tsnr": 77.88890711730346
}