{
  "aor": 0.002866308724832215,
  "aqi": 0.006204086308724832,
  "bids_meta": {
    "EchoTime": 0.0036,
    "InstitutionName": "U of M FMRI",
    "Modality": "MR",
    "PatientPosition": "HFS",
    "RepetitionTime": 2.0,
    "SliceTiming": [
      0,
      0.069,
      0.138,
      0.207,
      0.276,
      0.345,
      0.414,
      0.483,
      0.552,
      0.621,
      0.69,
      0.759,
      0.828,
      0.897,
      0.966,
      1.035,
      1.104,
      1.173,
      1.242,
      1.311,
      1.38,
      1.449,
      1.518,
      1.587,
      1.656,
      1.725,
      1.794,
      1.863,
      1.932
    ],
    "TaskName": "reward",
    "dataset": "MLS",
    "modality": "bold",
    "run_id": 2,
    "session_id": "1",
    "subject_id": "224",
    "task_id": "reward"
  },
  "dummy_trs": 1,
  "dvars_nstd": 21.24104881337838,
  "dvars_std": 1.2582786854054053,
  "dvars_vstd": 1.0247107548648642,
  "efc": 0.5935925855757055,
  "fber": 939.0137329101562,
  "fd_mean": 0.08812098298795369,
  "fd_num": 5,
  "fd_perc": 3.3557046979865772,
  "fwhm_avg": 2.2537892999999998,
  "fwhm_x": 2.2916512,
  "fwhm_y": 2.6852192,
  "fwhm_z": 1.7844975,
  "gcor": 0.0314401,
  "gsr_x": 0.02285025827586651,
  "gsr_y": 0.02753451280295849,
  "provenance": {
    "md5sum": "745e2cfc62061a38b33235d7f21b4bf2",
    "settings": {
      "fd_thres": 0.2,
      "testing": false
    },
    "software": "mriqc",
    "version": "23.1.0rc0"
  },
  "size_t": 149,
  "size_x": 64,
  "size_y": 64,
  "size_z": 29,
  "snr": 7.893978201675824,
  "spacing_tr": 1.0,
  "spacing_x": 3.125,
  "spacing_y": 3.125,
  "spacing_z": 4.0,
  "summary_bg_k": 15.471307152330152,
  "summary_bg_mad": 276.8436233681213,
  "summary_bg_mean": 345.5027160644531,
  "summary_bg_median": 188.828857421875,
  "summary_bg_n": 59800.0,
  "summary_bg_p05": 0.020134229212999344,
  "summary_bg_p95": 1220.0563903808575,
  "summary_bg_stdv": 516.4881591796875,
  "summary_fg_k": 2.1359766942629577,
  "summary_fg_mad": 710.0173337300954,
  "summary_fg_mean": 5978.2958984375,
  "summary_fg_median": 5983.322265625,
  "summary_fg_n": 29025.0,
  "summary_fg_p05": 4799.1625,
  "summary_fg_p95": 7159.2107421875,
  "summary_fg_stdv": 757.947265625,
  "tsnr": 79.63809730159119
}