{
  "aor": 0.0030212000000000004,
  "aqi": 0.008155058333333335,
  "bids_meta": {
    "EchoTime": 0.0036,
    "InstitutionName": "U of M FMRI",
    "Modality": "MR",
    "PatientPosition": "HFS",
    "RepetitionTime": 2.0,
    "SliceTiming": [
      0,
      0.069,
      0.138,
      0.207,
      0.276,
      0.345,
      0.414,
      0.483,
      0.552,
      0.621,
      0.69,
      0.759,
      0.828,
      0.897,
      0.966,
      1.035,
      1.104,
      1.173,
      1.242,
      1.311,
      1.38,
      1.449,
      1.518,
      1.587,
      1.656,
      1.725,
      1.794,
      1.863,
      1.932
    ],
    "TaskName": "reward",
    "dataset": "MLS",
    "modality": "bold",
    "run_id": 1,
    "session_id": "1",
    "subject_id": "224",
    "task_id": "reward"
  },
  "dummy_trs": 0,
  "dvars_nstd": 21.901400124698,
  "dvars_std": 1.2252489714765098,
  "dvars_vstd": 1.0170462075838929,
  "efc": 0.5964288451480911,
  "fber": 875.8977661132812,
  "fd_mean": 0.12392558663193758,
  "fd_num": 18,
  "fd_perc": 12.0,
  "fwhm_avg": 2.2642864,
  "fwhm_x": 2.3083872,
  "fwhm_y": 2.704512,
  "fwhm_z": 1.77996,
  "gcor": 0.0451159,
  "gsr_x": 0.020829426124691963,
  "gsr_y": 0.024146130308508873,
  "provenance": {
    "md5sum": "e7fcfe97bc46e20136656e5bba7ff3ed",
    "settings": {
      "fd_thres": 0.2,
      "testing": false
    },
    "software": "mriqc",
    "version": "23.1.0rc0"
  },
  "size_t": 150,
  "size_x": 64,
  "size_y": 64,
  "size_z": 29,
  "snr": 7.873156283322763,
  "spacing_tr": 1.0,
  "spacing_x": 3.125,
  "spacing_y": 3.125,
  "spacing_z": 4.0,
  "summary_bg_k": 13.974165823348471,
  "summary_bg_mad": 287.8027576862734,
  "summary_bg_mean": 350.0282897949219,
  "summary_bg_median": 195.83334350585938,
  "summary_bg_n": 59445.0,
  "summary_bg_p05": 0.07333333790302277,
  "summary_bg_p95": 1269.3640380859363,
  "summary_bg_stdv": 516.8926391601562,
  "summary_fg_k": 2.1442935978962367,
  "summary_fg_mad": 714.9403983721595,
  "summary_fg_mean": 5941.7509765625,
  "summary_fg_median": 5946.7734375,
  "summary_fg_n": 29374.0,
  "summary_fg_p05": 4779.097924804688,
  "summary_fg_p95": 7124.243237304688,
  "summary_fg_stdv": 755.309814453125,
  "tsnr": 70.86364578967914
}