{
  "aor": 0.0012674,
  "aqi": 0.004074013533333334,
  "bids_meta": {
    "EchoTime": 0.0036,
    "InstitutionName": "U of M FMRI",
    "Modality": "MR",
    "PatientPosition": "HFS",
    "RepetitionTime": 2.0,
    "SliceTiming": [
      0,
      0.069,
      0.138,
      0.207,
      0.276,
      0.345,
      0.414,
      0.483,
      0.552,
      0.621,
      0.69,
      0.759,
      0.828,
      0.897,
      0.966,
      1.035,
      1.104,
      1.173,
      1.242,
      1.311,
      1.38,
      1.449,
      1.518,
      1.587,
      1.656,
      1.725,
      1.794,
      1.863,
      1.932
    ],
    "TaskName": "reward",
    "dataset": "MLS",
    "modality": "bold",
    "run_id": 1,
    "session_id": "1",
    "subject_id": "151",
    "task_id": "reward"
  },
  "dummy_trs": 0,
  "dvars_nstd": 18.07011787389261,
  "dvars_std": 1.0961666628859064,
  "dvars_vstd": 1.0239377871812079,
  "efc": 0.6007909597505486,
  "fber": 611.604248046875,
  "fd_mean": 0.11095549210461897,
  "fd_num": 17,
  "fd_perc": 11.333333333333334,
  "fwhm_avg": 2.493792733333333,
  "fwhm_x": 2.5583712,
  "fwhm_y": 2.9513920000000002,
  "fwhm_z": 1.971615,
  "gcor": 0.0356861,
  "gsr_x": -0.007137071341276169,
  "gsr_y": 0.047526128590106964,
  "provenance": {
    "md5sum": "6584e8d8bd7e2338bad771f9dc48ef85",
    "settings": {
      "fd_thres": 0.2,
      "testing": false
    },
    "software": "mriqc",
    "version": "23.1.0rc0"
  },
  "size_t": 150,
  "size_x": 64,
  "size_y": 64,
  "size_z": 29,
  "snr": 6.717155093907676,
  "spacing_tr": 1.0,
  "spacing_x": 3.125,
  "spacing_y": 3.125,
  "spacing_z": 4.0,
  "summary_bg_k": 10.138231002651208,
  "summary_bg_mad": 158.49017871356048,
  "summary_bg_mean": 174.05691528320312,
  "summary_bg_median": 112.22000122070312,
  "summary_bg_n": 59573.0,
  "summary_bg_p05": 0.019999999552965164,
  "summary_bg_p95": 611.7906738281242,
  "summary_bg_stdv": 223.16282653808594,
  "summary_fg_k": 1.1198837986853967,
  "summary_fg_mad": 390.47782555488715,
  "summary_fg_mean": 2880.372802734375,
  "summary_fg_median": 2882.25341796875,
  "summary_fg_n": 29525.0,
  "summary_fg_p05": 2186.582763671875,
  "summary_fg_p95": 3579.4733398437497,
  "summary_fg_stdv": 429.0811462402344,
  "tsnr": 78.49286679178476
}