{
  "aor": 0.0012822666666666668,
  "aqi": 0.003791296466666667,
  "bids_meta": {
    "EchoTime": 0.0036,
    "InstitutionName": "U of M FMRI",
    "Modality": "MR",
    "PatientPosition": "HFS",
    "RepetitionTime": 2.0,
    "SliceTiming": [
      0,
      0.069,
      0.138,
      0.207,
      0.276,
      0.345,
      0.414,
      0.483,
      0.552,
      0.621,
      0.69,
      0.759,
      0.828,
      0.897,
      0.966,
      1.035,
      1.104,
      1.173,
      1.242,
      1.311,
      1.38,
      1.449,
      1.518,
      1.587,
      1.656,
      1.725,
      1.794,
      1.863,
      1.932
    ],
    "TaskName": "reward",
    "dataset": "MLS",
    "modality": "bold",
    "run_id": 2,
    "session_id": "1",
    "subject_id": "151",
    "task_id": "reward"
  },
  "dummy_trs": 0,
  "dvars_nstd": 17.790408556912748,
  "dvars_std": 1.1012009651677852,
  "dvars_vstd": 1.020071848791947,
  "efc": 0.6004708757394728,
  "fber": 614.9386596679688,
  "fd_mean": 0.09958579272587573,
  "fd_num": 13,
  "fd_perc": 8.666666666666666,
  "fwhm_avg": 2.5334185000000002,
  "fwhm_x": 2.6093824,
  "fwhm_y": 2.9924256000000002,
  "fwhm_z": 1.9984475,
  "gcor": 0.0281338,
  "gsr_x": -0.003962534945458174,
  "gsr_y": 0.045701466500759125,
  "provenance": {
    "md5sum": "e158c883cfbc69f0ff519acf7c782169",
    "settings": {
      "fd_thres": 0.2,
      "testing": false
    },
    "software": "mriqc",
    "version": "23.1.0rc0"
  },
  "size_t": 150,
  "size_x": 64,
  "size_y": 64,
  "size_z": 29,
  "snr": 6.825920782563251,
  "spacing_tr": 1.0,
  "spacing_x": 3.125,
  "spacing_y": 3.125,
  "spacing_z": 4.0,
  "summary_bg_k": 13.230243771724084,
  "summary_bg_mad": 165.6066699986512,
  "summary_bg_mean": 175.19180297851562,
  "summary_bg_median": 113.7933349609375,
  "summary_bg_n": 59484.0,
  "summary_bg_p05": 0.006666666828095913,
  "summary_bg_p95": 614.1510345458984,
  "summary_bg_stdv": 230.1242218017578,
  "summary_fg_k": 1.0294285219434958,
  "summary_fg_mad": 388.3429652314628,
  "summary_fg_mean": 2911.29052734375,
  "summary_fg_median": 2909.580078125,
  "summary_fg_n": 29659.0,
  "summary_fg_p05": 2227.725341796875,
  "summary_fg_p95": 3609.583471679687,
  "summary_fg_stdv": 426.2474060058594,
  "tsnr": 80.30395699758083
}