{
  "bids_meta": {
    "AcquisitionMatrixPE": 160,
    "CoilString": "HEAD",
    "EchoTime": 0.001784,
    "FlipAngle": 15,
    "ImageType": [
      "ORIGINAL",
      "PRIMARY",
      "OTHER"
    ],
    "InPlanePhaseEncodingDirectionDICOM": "ROW",
    "InstitutionName": "U of M FMRi",
    "InversionTime": 0.4,
    "MRAcquisitionType": "3D",
    "Modality": "MR",
    "PatientPosition": "HFS",
    "PercentPhaseFOV": 100,
    "PercentSampling": 100,
    "ReconMatrixPE": 256,
    "RepetitionTime": 0.008948,
    "SAR": 0.017417,
    "ScanningSequence": "GR",
    "SeriesDescription": "3d spgr IR axial",
    "dataset": "MLS",
    "modality": "T1w",
    "session_id": "1",
    "subject_id": "11"
  },
  "cjv": 0.3056415349192863,
  "cnr": 4.1865554423937335,
  "efc": 0.5570941469906786,
  "fber": -1.0,
  "fwhm_avg": 4.851823554922901,
  "fwhm_x": 5.309861715595423,
  "fwhm_y": 5.12664894917328,
  "fwhm_z": 4.11896,
  "icvs_csf": 0.17933726748203935,
  "icvs_gm": 0.46204455240801684,
  "icvs_wm": 0.35861818010994384,
  "inu_med": 0.5600739121437073,
  "inu_range": 0.3480127573013306,
  "provenance": {
    "md5sum": "077ea0cdfd4afe20e524d119167598b1",
    "settings": {
      "testing": false
    },
    "software": "mriqc",
    "version": "23.1.0rc0",
    "warnings": {
      "large_rot_frame": true,
      "small_air_mask": false
    }
  },
  "qi_1": 0.0015623905377951102,
  "qi_2": 0.0007857880404957036,
  "rpve_csf": 23.376481858257037,
  "rpve_gm": 9.88052191389666,
  "rpve_wm": 13.924623247864632,
  "size_x": 256,
  "size_y": 256,
  "size_z": 106,
  "snr_csf": 1.8398366998341698,
  "snr_gm": 14.900412186029117,
  "snr_total": 12.720157111441152,
  "snr_wm": 21.420222448460166,
  "snrd_csf": 10.783039164453552,
  "snrd_gm": 22.230594075789693,
  "snrd_total": 21.47373577129282,
  "snrd_wm": 31.407574073635203,
  "spacing_x": 0.9399999976158142,
  "spacing_y": 0.9399999976158142,
  "spacing_z": 1.5,
  "summary_bg_k": 36.882059605660736,
  "summary_bg_mad": 0.0,
  "summary_bg_mean": 11.72587184321834,
  "summary_bg_median": 0.0,
  "summary_bg_n": 1210641.0,
  "summary_bg_p05": 0.0,
  "summary_bg_p95": 48.009825721383095,
  "summary_bg_stdv": 20.859185261185964,
  "summary_csf_k": 30.98562701181676,
  "summary_csf_mad": 123.90194507501286,
  "summary_csf_mean": 358.11220868142146,
  "summary_csf_median": 343.3260792866349,
  "summary_csf_n": 10561.0,
  "summary_csf_p05": 129.96148172020912,
  "summary_csf_p95": 575.5038294903934,
  "summary_csf_stdv": 186.5979869313225,
  "summary_gm_k": 0.08784653589980573,
  "summary_gm_mad": 46.92879282400287,
  "summary_gm_mean": 706.6805308968144,
  "summary_gm_median": 707.8099771179259,
  "summary_gm_n": 27057.0,
  "summary_gm_p05": 626.4724002853036,
  "summary_gm_p95": 783.6208414547145,
  "summary_gm_stdv": 47.50183338430264,
  "summary_wm_k": 0.5954150818397412,
  "summary_wm_mad": 42.37661715324421,
  "summary_wm_mean": 1001.6066865279016,
  "summary_wm_median": 1000.0000094734132,
  "summary_wm_n": 127007.0,
  "summary_wm_p05": 925.97555725649,
  "summary_wm_p95": 1081.2817609272897,
  "summary_wm_stdv": 46.68467263030818,
  "tpm_overlap_csf": 0.14423939316153528,
  "tpm_overlap_gm": 0.4876908068288447,
  "tpm_overlap_wm": 0.506094988654378,
  "wm2max": 0.31956916945153724
}