{
  "aor": 0.00045453333333333334,
  "aqi": 0.0039084958,
  "bids_meta": {
    "EchoTime": 0.0036,
    "InstitutionName": "U of M FMRI",
    "Modality": "MR",
    "PatientPosition": "HFS",
    "RepetitionTime": 2.0,
    "SliceTiming": [
      0,
      0.069,
      0.138,
      0.207,
      0.276,
      0.345,
      0.414,
      0.483,
      0.552,
      0.621,
      0.69,
      0.759,
      0.828,
      0.897,
      0.966,
      1.035,
      1.104,
      1.173,
      1.242,
      1.311,
      1.38,
      1.449,
      1.518,
      1.587,
      1.656,
      1.725,
      1.794,
      1.863,
      1.932
    ],
    "TaskName": "reward",
    "dataset": "MLS",
    "modality": "bold",
    "run_id": 1,
    "session_id": "3",
    "subject_id": "118",
    "task_id": "reward"
  },
  "dummy_trs": 0,
  "dvars_nstd": 18.09761330899328,
  "dvars_std": 1.0747898002684562,
  "dvars_vstd": 0.9877437717449659,
  "efc": 0.607835414739005,
  "fber": 562.7642211914062,
  "fd_mean": 0.04726528873042073,
  "fd_num": 0,
  "fd_perc": 0.0,
  "fwhm_avg": 2.5796656000000002,
  "fwhm_x": 2.6622912000000003,
  "fwhm_y": 3.0893056000000003,
  "fwhm_z": 1.9874,
  "gcor": 0.0167011,
  "gsr_x": -0.004502599127590656,
  "gsr_y": 0.04414169117808342,
  "provenance": {
    "md5sum": "49e9294b166abbc5abc96e89472bcdc6",
    "settings": {
      "fd_thres": 0.2,
      "testing": false
    },
    "software": "mriqc",
    "version": "23.1.0rc0"
  },
  "size_t": 150,
  "size_x": 64,
  "size_y": 64,
  "size_z": 29,
  "snr": 6.0323548135827085,
  "spacing_tr": 1.0,
  "spacing_x": 3.125,
  "spacing_y": 3.125,
  "spacing_z": 4.0,
  "summary_bg_k": 17.36103154561262,
  "summary_bg_mad": 138.99890118057684,
  "summary_bg_mean": 180.12979125976562,
  "summary_bg_median": 94.14666748046875,
  "summary_bg_n": 59852.0,
  "summary_bg_p05": 0.0,
  "summary_bg_p95": 641.8250183105466,
  "summary_bg_stdv": 250.29563903808594,
  "summary_fg_k": 0.7726308641390309,
  "summary_fg_mad": 347.89753327501813,
  "summary_fg_mean": 2343.616943359375,
  "summary_fg_median": 2345.71337890625,
  "summary_fg_n": 28729.0,
  "summary_fg_p05": 1692.4466552734375,
  "summary_fg_p95": 2983.9333984375,
  "summary_fg_stdv": 388.84857177734375,
  "tsnr": 74.91111160092987
}