{
  "aor": 0.0006854666666666667,
  "aqi": 0.004345776266666667,
  "bids_meta": {
    "EchoTime": 0.0036,
    "InstitutionName": "U of M FMRI",
    "Modality": "MR",
    "PatientPosition": "HFS",
    "RepetitionTime": 2.0,
    "SliceTiming": [
      0,
      0.069,
      0.138,
      0.207,
      0.276,
      0.345,
      0.414,
      0.483,
      0.552,
      0.621,
      0.69,
      0.759,
      0.828,
      0.897,
      0.966,
      1.035,
      1.104,
      1.173,
      1.242,
      1.311,
      1.38,
      1.449,
      1.518,
      1.587,
      1.656,
      1.725,
      1.794,
      1.863,
      1.932
    ],
    "TaskName": "reward",
    "dataset": "MLS",
    "modality": "bold",
    "run_id": 1,
    "session_id": "2",
    "subject_id": "40",
    "task_id": "reward"
  },
  "dummy_trs": 0,
  "dvars_nstd": 21.38831698040268,
  "dvars_std": 1.206633570268456,
  "dvars_vstd": 0.9952022309395967,
  "efc": 0.5937768763699613,
  "fber": 737.805419921875,
  "fd_mean": 0.06421340440612754,
  "fd_num": 0,
  "fd_perc": 0.0,
  "fwhm_avg": 2.4824351,
  "fwhm_x": 2.588992,
  "fwhm_y": 2.9328608000000003,
  "fwhm_z": 1.9254525,
  "gcor": 0.0187126,
  "gsr_x": 0.005465002730488777,
  "gsr_y": 0.03682749718427658,
  "provenance": {
    "md5sum": "769ac6144844161ccf3ae2cd42a6999d",
    "settings": {
      "fd_thres": 0.2,
      "testing": false
    },
    "software": "mriqc",
    "version": "23.1.0rc0"
  },
  "size_t": 150,
  "size_x": 64,
  "size_y": 64,
  "size_z": 29,
  "snr": 6.001273948009376,
  "spacing_tr": 1.0,
  "spacing_x": 3.125,
  "spacing_y": 3.125,
  "spacing_z": 4.0,
  "summary_bg_k": 12.088976974334075,
  "summary_bg_mad": 116.8982468501118,
  "summary_bg_mean": 135.14776611328125,
  "summary_bg_median": 79.22666931152344,
  "summary_bg_n": 60441.0,
  "summary_bg_p05": 0.0,
  "summary_bg_p95": 497.2200012207031,
  "summary_bg_stdv": 183.99252319335938,
  "summary_fg_k": 1.0326872189901373,
  "summary_fg_mad": 329.2661895266932,
  "summary_fg_mean": 2227.732666015625,
  "summary_fg_median": 2227.8466796875,
  "summary_fg_n": 28891.0,
  "summary_fg_p05": 1609.1266479492188,
  "summary_fg_p95": 2836.0367431640625,
  "summary_fg_stdv": 371.2225341796875,
  "tsnr": 73.60863191541284
}