{
  "aor": 0.0006692,
  "aqi": 0.0036346250666666672,
  "bids_meta": {
    "EchoTime": 0.0036,
    "InstitutionName": "U of M FMRI",
    "Modality": "MR",
    "PatientPosition": "HFS",
    "RepetitionTime": 2.0,
    "SliceTiming": [
      0,
      0.069,
      0.138,
      0.207,
      0.276,
      0.345,
      0.414,
      0.483,
      0.552,
      0.621,
      0.69,
      0.759,
      0.828,
      0.897,
      0.966,
      1.035,
      1.104,
      1.173,
      1.242,
      1.311,
      1.38,
      1.449,
      1.518,
      1.587,
      1.656,
      1.725,
      1.794,
      1.863,
      1.932
    ],
    "TaskName": "reward",
    "dataset": "MLS",
    "modality": "bold",
    "run_id": 2,
    "session_id": "2",
    "subject_id": "40",
    "task_id": "reward"
  },
  "dummy_trs": 0,
  "dvars_nstd": 21.404053937651003,
  "dvars_std": 1.2151651582550342,
  "dvars_vstd": 1.007907567718121,
  "efc": 0.5925049667797373,
  "fber": 733.7814331054688,
  "fd_mean": 0.0672269562624492,
  "fd_num": 0,
  "fd_perc": 0.0,
  "fwhm_avg": 2.3535545,
  "fwhm_x": 2.4233376,
  "fwhm_y": 2.7849984,
  "fwhm_z": 1.8523275,
  "gcor": 0.0242818,
  "gsr_x": 0.004656766075640917,
  "gsr_y": 0.03528496250510216,
  "provenance": {
    "md5sum": "3bbddbf6a9d9d18d22c0638c012fc15c",
    "settings": {
      "fd_thres": 0.2,
      "testing": false
    },
    "software": "mriqc",
    "version": "23.1.0rc0"
  },
  "size_t": 150,
  "size_x": 64,
  "size_y": 64,
  "size_z": 29,
  "snr": 5.853016419221909,
  "spacing_tr": 1.0,
  "spacing_x": 3.125,
  "spacing_y": 3.125,
  "spacing_z": 4.0,
  "summary_bg_k": 13.926598123462874,
  "summary_bg_mad": 117.42210337615782,
  "summary_bg_mean": 135.37110900878906,
  "summary_bg_median": 79.56000518798828,
  "summary_bg_n": 60411.0,
  "summary_bg_p05": 0.0,
  "summary_bg_p95": 488.11334228515625,
  "summary_bg_stdv": 186.20558166503906,
  "summary_fg_k": 1.3349526408880612,
  "summary_fg_mad": 336.71883561505285,
  "summary_fg_mean": 2225.484130859375,
  "summary_fg_median": 2223.580078125,
  "summary_fg_n": 28769.0,
  "summary_fg_p05": 1601.3320068359376,
  "summary_fg_p95": 2851.4813964843747,
  "summary_fg_stdv": 379.89666748046875,
  "tsnr": 79.4447629796341
}