{
  "aor": 0.0016166666666666666,
  "aqi": 0.0026297540666666668,
  "bids_meta": {
    "EchoTime": 0.0036,
    "InstitutionName": "U of M FMRI",
    "Modality": "MR",
    "PatientPosition": "HFS",
    "RepetitionTime": 2.0,
    "SliceTiming": [
      0,
      0.069,
      0.138,
      0.207,
      0.276,
      0.345,
      0.414,
      0.483,
      0.552,
      0.621,
      0.69,
      0.759,
      0.828,
      0.897,
      0.966,
      1.035,
      1.104,
      1.173,
      1.242,
      1.311,
      1.38,
      1.449,
      1.518,
      1.587,
      1.656,
      1.725,
      1.794,
      1.863,
      1.932
    ],
    "TaskName": "reward",
    "dataset": "MLS",
    "modality": "bold",
    "run_id": 2,
    "session_id": "2",
    "subject_id": "227",
    "task_id": "reward"
  },
  "dummy_trs": 0,
  "dvars_nstd": 14.913237987785237,
  "dvars_std": 1.0922894369798655,
  "dvars_vstd": 1.0240118589932898,
  "efc": 0.5358338501308664,
  "fber": 849.9349975585938,
  "fd_mean": 0.09328218732052176,
  "fd_num": 2,
  "fd_perc": 1.3333333333333333,
  "fwhm_avg": 2.623186,
  "fwhm_x": 2.7566528,
  "fwhm_y": 3.0863552,
  "fwhm_z": 2.02655,
  "gcor": 0.0357004,
  "gsr_x": 0.0024476235266774893,
  "gsr_y": 0.029321694746613503,
  "provenance": {
    "md5sum": "7ef49d1453485b4a8a925109fba42280",
    "settings": {
      "fd_thres": 0.2,
      "testing": false
    },
    "software": "mriqc",
    "version": "23.1.0rc0"
  },
  "size_t": 150,
  "size_x": 64,
  "size_y": 64,
  "size_z": 29,
  "snr": 6.39413233369987,
  "spacing_tr": 1.0,
  "spacing_x": 3.125,
  "spacing_y": 3.125,
  "spacing_z": 4.0,
  "summary_bg_k": 19.094481112171366,
  "summary_bg_mad": 154.65518816716397,
  "summary_bg_mean": 173.71661376953125,
  "summary_bg_median": 106.5,
  "summary_bg_n": 68894.0,
  "summary_bg_p05": 0.019999999552965164,
  "summary_bg_p95": 603.7813629150389,
  "summary_bg_stdv": 242.12432861328125,
  "summary_fg_k": 0.7816876831077195,
  "summary_fg_mad": 461.9096800744421,
  "summary_fg_mean": 3145.3564453125,
  "summary_fg_median": 3157.223388671875,
  "summary_fg_n": 21702.0,
  "summary_fg_p05": 2341.2250244140623,
  "summary_fg_p95": 3948.8077514648444,
  "summary_fg_stdv": 493.7574768066406,
  "tsnr": 90.47523760143667
}