{
  "aor": 0.001590733333333333,
  "aqi": 0.0028463911333333333,
  "bids_meta": {
    "EchoTime": 0.0036,
    "InstitutionName": "U of M FMRI",
    "Modality": "MR",
    "PatientPosition": "HFS",
    "RepetitionTime": 2.0,
    "SliceTiming": [
      0,
      0.069,
      0.138,
      0.207,
      0.276,
      0.345,
      0.414,
      0.483,
      0.552,
      0.621,
      0.69,
      0.759,
      0.828,
      0.897,
      0.966,
      1.035,
      1.104,
      1.173,
      1.242,
      1.311,
      1.38,
      1.449,
      1.518,
      1.587,
      1.656,
      1.725,
      1.794,
      1.863,
      1.932
    ],
    "TaskName": "reward",
    "dataset": "MLS",
    "modality": "bold",
    "run_id": 1,
    "session_id": "2",
    "subject_id": "227",
    "task_id": "reward"
  },
  "dummy_trs": 0,
  "dvars_nstd": 15.220396643422832,
  "dvars_std": 1.10324375557047,
  "dvars_vstd": 1.0249916779865766,
  "efc": 0.5347970931692339,
  "fber": 857.7179565429688,
  "fd_mean": 0.10065149865543967,
  "fd_num": 6,
  "fd_perc": 4.0,
  "fwhm_avg": 2.6396111666666666,
  "fwhm_x": 2.7739296,
  "fwhm_y": 3.1216064,
  "fwhm_z": 2.0232975,
  "gcor": 0.0214394,
  "gsr_x": 0.0018990058451890945,
  "gsr_y": 0.030696896836161613,
  "provenance": {
    "md5sum": "76ee2dc89b343b0a81f5b80d67c35b17",
    "settings": {
      "fd_thres": 0.2,
      "testing": false
    },
    "software": "mriqc",
    "version": "23.1.0rc0"
  },
  "size_t": 150,
  "size_x": 64,
  "size_y": 64,
  "size_z": 29,
  "snr": 6.435051860122239,
  "spacing_tr": 1.0,
  "spacing_x": 3.125,
  "spacing_y": 3.125,
  "spacing_z": 4.0,
  "summary_bg_k": 19.727816728525365,
  "summary_bg_mad": 154.69471641206147,
  "summary_bg_mean": 171.5821533203125,
  "summary_bg_median": 106.36000061035156,
  "summary_bg_n": 68976.0,
  "summary_bg_p05": 0.019999999552965164,
  "summary_bg_p95": 595.5016632080078,
  "summary_bg_stdv": 236.6645965576172,
  "summary_fg_k": 0.6574469314030744,
  "summary_fg_mad": 461.17326547152476,
  "summary_fg_mean": 3143.571533203125,
  "summary_fg_median": 3155.646728515625,
  "summary_fg_n": 21702.0,
  "summary_fg_p05": 2341.3564208984376,
  "summary_fg_p95": 3941.580078125,
  "summary_fg_stdv": 490.37274169921875,
  "tsnr": 86.72553900815547
}