{
  "aor": 0.0009235374149659864,
  "aqi": 0.004012468571428571,
  "bids_meta": {
    "EchoTime": 0.0036,
    "InstitutionName": "U of M FMRI",
    "Modality": "MR",
    "PatientPosition": "HFS",
    "RepetitionTime": 2.0,
    "SliceTiming": [
      0,
      0.069,
      0.138,
      0.207,
      0.276,
      0.345,
      0.414,
      0.483,
      0.552,
      0.621,
      0.69,
      0.759,
      0.828,
      0.897,
      0.966,
      1.035,
      1.104,
      1.173,
      1.242,
      1.311,
      1.38,
      1.449,
      1.518,
      1.587,
      1.656,
      1.725,
      1.794,
      1.863,
      1.932
    ],
    "TaskName": "reward",
    "dataset": "MLS",
    "modality": "bold",
    "run_id": 1,
    "session_id": "3",
    "subject_id": "88",
    "task_id": "reward"
  },
  "dummy_trs": 3,
  "dvars_nstd": 17.875279217602746,
  "dvars_std": 1.13506503280822,
  "dvars_vstd": 0.9803579637671235,
  "efc": 0.5575959255657182,
  "fber": 1123.91357421875,
  "fd_mean": 0.09801463608631654,
  "fd_num": 7,
  "fd_perc": 4.761904761904762,
  "fwhm_avg": 2.5062181,
  "fwhm_x": 2.5844288,
  "fwhm_y": 2.969008,
  "fwhm_z": 1.9652175,
  "gcor": 0.0381449,
  "gsr_x": 0.00033859669929370284,
  "gsr_y": 0.029646025970578194,
  "provenance": {
    "md5sum": "45571da29a7145947b21091db676db71",
    "settings": {
      "fd_thres": 0.2,
      "testing": false
    },
    "software": "mriqc",
    "version": "23.1.0rc0"
  },
  "size_t": 147,
  "size_x": 64,
  "size_y": 64,
  "size_z": 29,
  "snr": 6.69579306418818,
  "spacing_tr": 1.0,
  "spacing_x": 3.125,
  "spacing_y": 3.125,
  "spacing_z": 4.0,
  "summary_bg_k": 18.63403199742557,
  "summary_bg_mad": 111.83560712908366,
  "summary_bg_mean": 131.02774047851562,
  "summary_bg_median": 76.90815734863281,
  "summary_bg_n": 64546.0,
  "summary_bg_p05": 0.020408162847161293,
  "summary_bg_p95": 453.5612106323242,
  "summary_bg_stdv": 187.18238830566406,
  "summary_fg_k": 1.12594797966252,
  "summary_fg_mad": 342.51151740310326,
  "summary_fg_mean": 2584.2197265625,
  "summary_fg_median": 2607.0068359375,
  "summary_fg_n": 25329.0,
  "summary_fg_p05": 1913.923779296875,
  "summary_fg_p95": 3190.0216796874997,
  "summary_fg_stdv": 389.34228515625,
  "tsnr": 80.74375212297309
}