{
  "aor": 0.0010194666666666669,
  "aqi": 0.007778339533333332,
  "bids_meta": {
    "EchoTime": 0.0036,
    "InstitutionName": "U of M FMRI",
    "Modality": "MR",
    "PatientPosition": "HFS",
    "RepetitionTime": 2.0,
    "SliceTiming": [
      0,
      0.069,
      0.138,
      0.207,
      0.276,
      0.345,
      0.414,
      0.483,
      0.552,
      0.621,
      0.69,
      0.759,
      0.828,
      0.897,
      0.966,
      1.035,
      1.104,
      1.173,
      1.242,
      1.311,
      1.38,
      1.449,
      1.518,
      1.587,
      1.656,
      1.725,
      1.794,
      1.863,
      1.932
    ],
    "TaskName": "reward",
    "dataset": "MLS",
    "modality": "bold",
    "run_id": 1,
    "session_id": "2",
    "subject_id": "15",
    "task_id": "reward"
  },
  "dummy_trs": 0,
  "dvars_nstd": 16.619470685906045,
  "dvars_std": 0.9490411756375847,
  "dvars_vstd": 0.9597570991275168,
  "efc": 0.5677936930390464,
  "fber": 1195.587890625,
  "fd_mean": 0.09809580080410525,
  "fd_num": 12,
  "fd_perc": 8.0,
  "fwhm_avg": 2.6099619,
  "fwhm_x": 2.7571424,
  "fwhm_y": 3.0367808000000003,
  "fwhm_z": 2.0359625,
  "gcor": 0.0232359,
  "gsr_x": 0.016736594960093498,
  "gsr_y": 0.04433903843164444,
  "provenance": {
    "md5sum": "e9c4f8112b7492cd28024996a90f8768",
    "settings": {
      "fd_thres": 0.2,
      "testing": false
    },
    "software": "mriqc",
    "version": "23.1.0rc0"
  },
  "size_t": 150,
  "size_x": 64,
  "size_y": 64,
  "size_z": 29,
  "snr": 6.009593677940406,
  "spacing_tr": 1.0,
  "spacing_x": 3.125,
  "spacing_y": 3.125,
  "spacing_z": 4.0,
  "summary_bg_k": 7.458229812647138,
  "summary_bg_mad": 98.02965957835978,
  "summary_bg_mean": 145.6329803466797,
  "summary_bg_median": 66.86000061035156,
  "summary_bg_n": 64961.0,
  "summary_bg_p05": 0.019999999552965164,
  "summary_bg_p95": 539.4199829101562,
  "summary_bg_stdv": 196.07467651367188,
  "summary_fg_k": 0.8463445583034717,
  "summary_fg_mad": 359.78803202450763,
  "summary_fg_mean": 2378.40576171875,
  "summary_fg_median": 2369.83349609375,
  "summary_fg_n": 25099.0,
  "summary_fg_p05": 1747.22939453125,
  "summary_fg_p95": 3032.3654296874997,
  "summary_fg_stdv": 394.3338623046875,
  "tsnr": 60.51555009512231
}