{
  "aor": 0.008265133333333334,
  "aqi": 0.005324250266666666,
  "bids_meta": {
    "EchoTime": 0.0036,
    "InstitutionName": "U of M FMRI",
    "Modality": "MR",
    "PatientPosition": "HFS",
    "RepetitionTime": 2.0,
    "SliceTiming": [
      0,
      0.069,
      0.138,
      0.207,
      0.276,
      0.345,
      0.414,
      0.483,
      0.552,
      0.621,
      0.69,
      0.759,
      0.828,
      0.897,
      0.966,
      1.035,
      1.104,
      1.173,
      1.242,
      1.311,
      1.38,
      1.449,
      1.518,
      1.587,
      1.656,
      1.725,
      1.794,
      1.863,
      1.932
    ],
    "TaskName": "reward",
    "dataset": "MLS",
    "modality": "bold",
    "run_id": 2,
    "session_id": "2",
    "subject_id": "101",
    "task_id": "reward"
  },
  "dummy_trs": 0,
  "dvars_nstd": 16.404291600805372,
  "dvars_std": 1.1306850334228185,
  "dvars_vstd": 1.0713405535570466,
  "efc": 0.5797148825485253,
  "fber": 608.5814208984375,
  "fd_mean": 0.08570037842060466,
  "fd_num": 7,
  "fd_perc": 4.666666666666667,
  "fwhm_avg": 2.5907239666666664,
  "fwhm_x": 2.7097792,
  "fwhm_y": 3.1063552,
  "fwhm_z": 1.9560375,
  "gcor": 0.0305837,
  "gsr_x": 0.009304768405854702,
  "gsr_y": 0.046126652508974075,
  "provenance": {
    "md5sum": "dc9a9974714a100f08e7068ee65ea831",
    "settings": {
      "fd_thres": 0.2,
      "testing": false
    },
    "software": "mriqc",
    "version": "23.1.0rc0"
  },
  "size_t": 150,
  "size_x": 64,
  "size_y": 64,
  "size_z": 29,
  "snr": 6.49905555759311,
  "spacing_tr": 1.0,
  "spacing_x": 3.125,
  "spacing_y": 3.125,
  "spacing_z": 4.0,
  "summary_bg_k": 19.648069932570763,
  "summary_bg_mad": 187.1933656383358,
  "summary_bg_mean": 223.78897094726562,
  "summary_bg_median": 127.67333984375,
  "summary_bg_n": 64350.0,
  "summary_bg_p05": 0.02666666731238365,
  "summary_bg_p95": 805.5686798095701,
  "summary_bg_stdv": 312.0325012207031,
  "summary_fg_k": 1.621161661587184,
  "summary_fg_mad": 422.67012929254616,
  "summary_fg_mean": 3202.712646484375,
  "summary_fg_median": 3205.18017578125,
  "summary_fg_n": 25489.0,
  "summary_fg_p05": 2412.18671875,
  "summary_fg_p95": 3987.9135253906247,
  "summary_fg_stdv": 493.1666259765625,
  "tsnr": 73.72155762743205
}