{
  "aor": 0.0006497333333333333,
  "aqi": 0.0067538282,
  "bids_meta": {
    "EchoTime": 0.0036,
    "InstitutionName": "U of M FMRI",
    "Modality": "MR",
    "PatientPosition": "HFS",
    "RepetitionTime": 2.0,
    "SliceTiming": [
      0,
      0.069,
      0.138,
      0.207,
      0.276,
      0.345,
      0.414,
      0.483,
      0.552,
      0.621,
      0.69,
      0.759,
      0.828,
      0.897,
      0.966,
      1.035,
      1.104,
      1.173,
      1.242,
      1.311,
      1.38,
      1.449,
      1.518,
      1.587,
      1.656,
      1.725,
      1.794,
      1.863,
      1.932
    ],
    "TaskName": "reward",
    "dataset": "MLS",
    "modality": "bold",
    "run_id": 1,
    "session_id": "2",
    "subject_id": "101",
    "task_id": "reward"
  },
  "dummy_trs": 0,
  "dvars_nstd": 14.563283958724833,
  "dvars_std": 0.9600874929530205,
  "dvars_vstd": 0.9375072197986576,
  "efc": 0.5797583485023021,
  "fber": 585.2027587890625,
  "fd_mean": 0.06048158790089173,
  "fd_num": 0,
  "fd_perc": 0.0,
  "fwhm_avg": 2.527355266666667,
  "fwhm_x": 2.6310912,
  "fwhm_y": 3.0302496000000003,
  "fwhm_z": 1.920725,
  "gcor": 0.0139925,
  "gsr_x": 0.007723301183432341,
  "gsr_y": 0.04581531509757042,
  "provenance": {
    "md5sum": "9dd0993e5c5d10a0191d28dcad1cb408",
    "settings": {
      "fd_thres": 0.2,
      "testing": false
    },
    "software": "mriqc",
    "version": "23.1.0rc0"
  },
  "size_t": 150,
  "size_x": 64,
  "size_y": 64,
  "size_z": 29,
  "snr": 6.5110060896923905,
  "spacing_tr": 1.0,
  "spacing_x": 3.125,
  "spacing_y": 3.125,
  "spacing_z": 4.0,
  "summary_bg_k": 20.10182444296962,
  "summary_bg_mad": 188.478280679965,
  "summary_bg_mean": 223.14573669433594,
  "summary_bg_median": 129.22332763671875,
  "summary_bg_n": 64470.0,
  "summary_bg_p05": 0.019999999552965164,
  "summary_bg_p95": 804.2576812744139,
  "summary_bg_stdv": 309.6108093261719,
  "summary_fg_k": 1.3940928788666467,
  "summary_fg_mad": 426.5449478348075,
  "summary_fg_mean": 3200.705810546875,
  "summary_fg_median": 3197.47998046875,
  "summary_fg_n": 25479.0,
  "summary_fg_p05": 2411.6099609375,
  "summary_fg_p95": 3998.349340820312,
  "summary_fg_stdv": 491.0788269042969,
  "tsnr": 73.31595827708952
}