{
  "aor": 0.012151476510067113,
  "aqi": 0.014681367248322147,
  "bids_meta": {
    "EchoTime": 0.0036,
    "InstitutionName": "U of M FMRI",
    "Modality": "MR",
    "PatientPosition": "HFS",
    "RepetitionTime": 2.0,
    "SliceTiming": [
      0,
      0.069,
      0.138,
      0.207,
      0.276,
      0.345,
      0.414,
      0.483,
      0.552,
      0.621,
      0.69,
      0.759,
      0.828,
      0.897,
      0.966,
      1.035,
      1.104,
      1.173,
      1.242,
      1.311,
      1.38,
      1.449,
      1.518,
      1.587,
      1.656,
      1.725,
      1.794,
      1.863,
      1.932
    ],
    "TaskName": "reward",
    "dataset": "MLS",
    "modality": "bold",
    "run_id": 1,
    "session_id": "1",
    "subject_id": "245",
    "task_id": "reward"
  },
  "dummy_trs": 1,
  "dvars_nstd": 21.5773714683108,
  "dvars_std": 1.167142206689189,
  "dvars_vstd": 1.0214253543918916,
  "efc": 0.5460779934126174,
  "fber": 1307.2479248046875,
  "fd_mean": 0.2983007986630724,
  "fd_num": 76,
  "fd_perc": 51.006711409395976,
  "fwhm_avg": 2.5791339333333334,
  "fwhm_x": 2.70952,
  "fwhm_y": 3.0201567999999996,
  "fwhm_z": 2.007725,
  "gcor": 0.0320783,
  "gsr_x": -0.002145603997632861,
  "gsr_y": 0.03763535991311073,
  "provenance": {
    "md5sum": "d2aeefe31f074b8ca31a7bfe37515451",
    "settings": {
      "fd_thres": 0.2,
      "testing": false
    },
    "software": "mriqc",
    "version": "23.1.0rc0"
  },
  "size_t": 149,
  "size_x": 64,
  "size_y": 64,
  "size_z": 29,
  "snr": 7.44168067316137,
  "spacing_tr": 1.0,
  "spacing_x": 3.125,
  "spacing_y": 3.125,
  "spacing_z": 4.0,
  "summary_bg_k": 37.665071455064556,
  "summary_bg_mad": 157.12599014546888,
  "summary_bg_mean": 178.19578552246094,
  "summary_bg_median": 115.6778564453125,
  "summary_bg_n": 64961.0,
  "summary_bg_p05": 0.20134228467941284,
  "summary_bg_p95": 586.0201416015625,
  "summary_bg_stdv": 262.0069885253906,
  "summary_fg_k": 0.722453506521088,
  "summary_fg_mad": 536.1447603950754,
  "summary_fg_mean": 4205.490234375,
  "summary_fg_median": 4215.4599609375,
  "summary_fg_n": 24966.0,
  "summary_fg_p05": 3256.4580688476562,
  "summary_fg_p95": 5102.4161376953125,
  "summary_fg_stdv": 566.4547729492188,
  "tsnr": 48.54730561445467
}