{
  "aor": 0.019189,
  "aqi": 0.010507903466666666,
  "bids_meta": {
    "EchoTime": 0.0036,
    "InstitutionName": "U of M FMRI",
    "Modality": "MR",
    "PatientPosition": "HFS",
    "RepetitionTime": 2.0,
    "SliceTiming": [
      0,
      0.069,
      0.138,
      0.207,
      0.276,
      0.345,
      0.414,
      0.483,
      0.552,
      0.621,
      0.69,
      0.759,
      0.828,
      0.897,
      0.966,
      1.035,
      1.104,
      1.173,
      1.242,
      1.311,
      1.38,
      1.449,
      1.518,
      1.587,
      1.656,
      1.725,
      1.794,
      1.863,
      1.932
    ],
    "TaskName": "reward",
    "dataset": "MLS",
    "modality": "bold",
    "run_id": 2,
    "session_id": "1",
    "subject_id": "245",
    "task_id": "reward"
  },
  "dummy_trs": 0,
  "dvars_nstd": 23.512231192885913,
  "dvars_std": 1.3419007553691273,
  "dvars_vstd": 1.1546471705369126,
  "efc": 0.5490617462423795,
  "fber": 1234.2921142578125,
  "fd_mean": 0.28882378603538095,
  "fd_num": 52,
  "fd_perc": 34.666666666666664,
  "fwhm_avg": 2.571790566666667,
  "fwhm_x": 2.707984,
  "fwhm_y": 2.9713152000000003,
  "fwhm_z": 2.0360725,
  "gcor": 0.0322554,
  "gsr_x": -0.0018297777278348804,
  "gsr_y": 0.03633103147149086,
  "provenance": {
    "md5sum": "5baf6057051bcde2674f25f5a74697cc",
    "settings": {
      "fd_thres": 0.2,
      "testing": false
    },
    "software": "mriqc",
    "version": "23.1.0rc0"
  },
  "size_t": 150,
  "size_x": 64,
  "size_y": 64,
  "size_z": 29,
  "snr": 7.359969690575631,
  "spacing_tr": 1.0,
  "spacing_x": 3.125,
  "spacing_y": 3.125,
  "spacing_z": 4.0,
  "summary_bg_k": 35.45062138351108,
  "summary_bg_mad": 156.6220974580232,
  "summary_bg_mean": 180.89085388183594,
  "summary_bg_median": 118.1066665649414,
  "summary_bg_n": 64861.0,
  "summary_bg_p05": 0.15333333611488342,
  "summary_bg_p95": 607.7999877929688,
  "summary_bg_stdv": 262.5206298828125,
  "summary_fg_k": 0.8932668207945227,
  "summary_fg_mad": 541.1794907559895,
  "summary_fg_mean": 4187.69970703125,
  "summary_fg_median": 4199.08984375,
  "summary_fg_n": 25044.0,
  "summary_fg_p05": 3231.324816894531,
  "summary_fg_p95": 5082.190356445312,
  "summary_fg_stdv": 570.5194702148438,
  "tsnr": 57.924776072613895
}