{
  "aor": 0.006198533333333334,
  "aqi": 0.0073792388,
  "bids_meta": {
    "EchoTime": 0.0036,
    "InstitutionName": "U of M FMRI",
    "Modality": "MR",
    "PatientPosition": "HFS",
    "RepetitionTime": 2.0,
    "SliceTiming": [
      0,
      0.069,
      0.138,
      0.207,
      0.276,
      0.345,
      0.414,
      0.483,
      0.552,
      0.621,
      0.69,
      0.759,
      0.828,
      0.897,
      0.966,
      1.035,
      1.104,
      1.173,
      1.242,
      1.311,
      1.38,
      1.449,
      1.518,
      1.587,
      1.656,
      1.725,
      1.794,
      1.863,
      1.932
    ],
    "TaskName": "reward",
    "dataset": "MLS",
    "modality": "bold",
    "run_id": 2,
    "session_id": "1",
    "subject_id": "173",
    "task_id": "reward"
  },
  "dummy_trs": 0,
  "dvars_nstd": 25.131828820134213,
  "dvars_std": 1.2781275173154358,
  "dvars_vstd": 1.085944845838926,
  "efc": 0.5104239687872136,
  "fber": 1558.1998291015625,
  "fd_mean": 0.3385792905710434,
  "fd_num": 100,
  "fd_perc": 66.66666666666667,
  "fwhm_avg": 2.695369933333333,
  "fwhm_x": 2.852144,
  "fwhm_y": 3.1891808,
  "fwhm_z": 2.044785,
  "gcor": 0.0529355,
  "gsr_x": 0.005042164586484432,
  "gsr_y": 0.02370643988251686,
  "provenance": {
    "md5sum": "4c23cbfc6041b257db3dd85fabd42e56",
    "settings": {
      "fd_thres": 0.2,
      "testing": false
    },
    "software": "mriqc",
    "version": "23.1.0rc0"
  },
  "size_t": 150,
  "size_x": 64,
  "size_y": 64,
  "size_z": 29,
  "snr": 6.518138758454557,
  "spacing_tr": 1.0,
  "spacing_x": 3.125,
  "spacing_y": 3.125,
  "spacing_z": 4.0,
  "summary_bg_k": 25.594162173161855,
  "summary_bg_mad": 118.50439577760706,
  "summary_bg_mean": 146.09063720703125,
  "summary_bg_median": 86.71666717529297,
  "summary_bg_n": 70314.0,
  "summary_bg_p05": 0.07999999821186066,
  "summary_bg_p95": 493.5050109863278,
  "summary_bg_stdv": 221.0535888671875,
  "summary_fg_k": 0.8368281204574535,
  "summary_fg_mad": 487.5090008753408,
  "summary_fg_mean": 3397.932373046875,
  "summary_fg_median": 3439.0068359375,
  "summary_fg_n": 20585.0,
  "summary_fg_p05": 2443.708154296875,
  "summary_fg_p95": 4191.9921875,
  "summary_fg_stdv": 527.5928344726562,
  "tsnr": 60.79354234971106
}