{
  "bids_meta": {
    "AcquisitionMatrixPE": 160,
    "CoilString": "HEAD",
    "EchoTime": 0.001784,
    "FlipAngle": 15,
    "ImageType": [
      "ORIGINAL",
      "PRIMARY",
      "OTHER"
    ],
    "InPlanePhaseEncodingDirectionDICOM": "ROW",
    "InstitutionName": "U of M FMRi",
    "InversionTime": 0.4,
    "MRAcquisitionType": "3D",
    "Modality": "MR",
    "PatientPosition": "HFS",
    "PercentPhaseFOV": 100,
    "PercentSampling": 100,
    "ReconMatrixPE": 256,
    "RepetitionTime": 0.008948,
    "SAR": 0.017417,
    "ScanningSequence": "GR",
    "SeriesDescription": "3d spgr IR axial",
    "dataset": "MLS",
    "modality": "T1w",
    "session_id": "1",
    "subject_id": "119"
  },
  "cjv": 0.33524063695843853,
  "cnr": 3.9282862708069723,
  "efc": 0.5454506923027882,
  "fber": 10220.716835217132,
  "fwhm_avg": 4.678941663775736,
  "fwhm_x": 5.331617034799538,
  "fwhm_y": 5.230021289861003,
  "fwhm_z": 3.475186666666667,
  "icvs_csf": 0.1715817985422341,
  "icvs_gm": 0.4457760466850484,
  "icvs_wm": 0.3826421547727175,
  "inu_med": 0.6513825953006744,
  "inu_range": 0.4111012279987335,
  "provenance": {
    "md5sum": "462bdb430cf68c65b30053b7a09c6c09",
    "settings": {
      "testing": false
    },
    "software": "mriqc",
    "version": "23.1.0rc0",
    "warnings": {
      "large_rot_frame": true,
      "small_air_mask": false
    }
  },
  "qi_1": 7.625824970421389e-05,
  "qi_2": 0.001635056944464065,
  "rpve_csf": 23.693266353068918,
  "rpve_gm": 9.520743679021729,
  "rpve_wm": 12.237896964413377,
  "size_x": 256,
  "size_y": 256,
  "size_z": 106,
  "snr_csf": 1.3621547905125357,
  "snr_gm": 13.175318065214318,
  "snr_total": 11.349953115523553,
  "snr_wm": 19.5123864908438,
  "snrd_csf": 18.141573997955067,
  "snrd_gm": 51.69114365081704,
  "snrd_total": 48.01488202930411,
  "snrd_wm": 74.21192843914022,
  "spacing_x": 0.9399999976158142,
  "spacing_y": 0.9399999976158142,
  "spacing_z": 1.5,
  "summary_bg_k": 13.131290613436253,
  "summary_bg_mad": 8.827912374532012,
  "summary_bg_mean": 14.91223329842813,
  "summary_bg_median": 5.954336412250996,
  "summary_bg_n": 1997246.0,
  "summary_bg_p05": 0.0,
  "summary_bg_p95": 60.24145873636007,
  "summary_bg_stdv": 23.377761912181235,
  "summary_csf_k": 17.977807044654323,
  "summary_csf_mad": 126.02605941573287,
  "summary_csf_mean": 263.49785372235476,
  "summary_csf_median": 244.45630801469088,
  "summary_csf_n": 11789.0,
  "summary_csf_p05": 60.29894888103008,
  "summary_csf_p95": 486.37483678609135,
  "summary_csf_stdv": 179.4553317392316,
  "summary_gm_k": 0.04883677239734707,
  "summary_gm_mad": 53.3936493273419,
  "summary_gm_mean": 695.0132875780489,
  "summary_gm_median": 696.5341670662165,
  "summary_gm_n": 27978.0,
  "summary_gm_p05": 606.6791241664439,
  "summary_gm_p95": 779.4431685581803,
  "summary_gm_stdv": 52.86564738830413,
  "summary_wm_k": 0.4177824029799,
  "summary_wm_mad": 48.34043051985116,
  "summary_wm_mean": 1001.7645677430402,
  "summary_wm_median": 1000.0000021457672,
  "summary_wm_n": 131849.0,
  "summary_wm_p05": 919.8176760867238,
  "summary_wm_p95": 1088.945468828082,
  "summary_wm_stdv": 51.24930312296567,
  "tpm_overlap_csf": 0.13597893081326898,
  "tpm_overlap_gm": 0.4704169614168286,
  "tpm_overlap_wm": 0.4762905376511835,
  "wm2max": 0.4633621919893445
}