{
  "bids_meta": {
    "AcquisitionMatrixPE": 160,
    "CoilString": "HEAD",
    "EchoTime": 0.001784,
    "FlipAngle": 15,
    "ImageType": [
      "ORIGINAL",
      "PRIMARY",
      "OTHER"
    ],
    "InPlanePhaseEncodingDirectionDICOM": "ROW",
    "InstitutionName": "U of M FMRi",
    "InversionTime": 0.4,
    "MRAcquisitionType": "3D",
    "Modality": "MR",
    "PatientPosition": "HFS",
    "PercentPhaseFOV": 100,
    "PercentSampling": 100,
    "ReconMatrixPE": 256,
    "RepetitionTime": 0.008948,
    "SAR": 0.017417,
    "ScanningSequence": "GR",
    "SeriesDescription": "3d spgr IR axial",
    "dataset": "MLS",
    "modality": "T1w",
    "session_id": "1",
    "subject_id": "30"
  },
  "cjv": 0.3378388661840634,
  "cnr": 3.980560441641625,
  "efc": 0.6010509874820671,
  "fber": 6560.041455131123,
  "fwhm_avg": 3.762857160561263,
  "fwhm_x": 4.12238,
  "fwhm_y": 4.04742,
  "fwhm_z": 3.1187714816837904,
  "icvs_csf": 0.18626330201869243,
  "icvs_gm": 0.4706316143164403,
  "icvs_wm": 0.34310508366486725,
  "inu_med": 0.6859482526779175,
  "inu_range": 0.3954259455204009,
  "provenance": {
    "md5sum": "fab393ae8ccdd909d715d279912deb4a",
    "settings": {
      "testing": false
    },
    "software": "mriqc",
    "version": "23.1.0rc0",
    "warnings": {
      "large_rot_frame": true,
      "small_air_mask": false
    }
  },
  "qi_1": 0.0,
  "qi_2": 0.0022507664747929423,
  "rpve_csf": 21.70242319536812,
  "rpve_gm": 9.439521123465992,
  "rpve_wm": 14.450263958348485,
  "size_x": 256,
  "size_y": 256,
  "size_z": 104,
  "snr_csf": 0.9139694850777532,
  "snr_gm": 10.62969112732038,
  "snr_total": 10.638887583258432,
  "snr_wm": 20.373002137377163,
  "snrd_csf": 9.187359884116123,
  "snrd_gm": 22.406008092117833,
  "snrd_total": 21.64582850388277,
  "snrd_wm": 33.344117535414355,
  "spacing_x": 1.0,
  "spacing_y": 1.0,
  "spacing_z": 1.399999976158142,
  "summary_bg_k": 5.3795250672791415,
  "summary_bg_mad": 0.0,
  "summary_bg_mean": 13.124133816583486,
  "summary_bg_median": 0.0,
  "summary_bg_n": 1170557.0,
  "summary_bg_p05": 0.0,
  "summary_bg_p95": 53.681430883705616,
  "summary_bg_stdv": 19.648695799736075,
  "summary_csf_k": 26.32622162332626,
  "summary_csf_mad": 100.68125831994882,
  "summary_csf_mean": 334.0150909850913,
  "summary_csf_median": 275.54512245953083,
  "summary_csf_n": 12543.0,
  "summary_csf_p05": 113.28346402607858,
  "summary_csf_p95": 586.3498514339323,
  "summary_csf_stdv": 301.46973473330405,
  "summary_gm_k": -0.00037638255530225706,
  "summary_gm_mad": 63.27914939763522,
  "summary_gm_mean": 671.1187638611608,
  "summary_gm_median": 671.9956898875535,
  "summary_gm_n": 26028.0,
  "summary_gm_p05": 564.3883771598339,
  "summary_gm_p95": 772.8561561107635,
  "summary_gm_stdv": 63.217526513493375,
  "summary_wm_k": 0.48656979132595257,
  "summary_wm_mad": 47.549967932243646,
  "summary_wm_mean": 1001.6607522922163,
  "summary_wm_median": 1000.04887862131,
  "summary_wm_n": 122887.0,
  "summary_wm_p05": 924.2201907336712,
  "summary_wm_p95": 1084.1400089673698,
  "summary_wm_stdv": 49.086767030804836,
  "tpm_overlap_csf": 0.17301241288305494,
  "tpm_overlap_gm": 0.4838551259698977,
  "tpm_overlap_wm": 0.5065467965439124,
  "wm2max": 0.3878745099765861
}