{
  "aor": 0.0039084,
  "aqi": 0.004720149266666668,
  "bids_meta": {
    "EchoTime": 0.0036,
    "InstitutionName": "U of M FMRI",
    "Modality": "MR",
    "PatientPosition": "HFS",
    "RepetitionTime": 2.0,
    "SliceTiming": [
      0,
      0.069,
      0.138,
      0.207,
      0.276,
      0.345,
      0.414,
      0.483,
      0.552,
      0.621,
      0.69,
      0.759,
      0.828,
      0.897,
      0.966,
      1.035,
      1.104,
      1.173,
      1.242,
      1.311,
      1.38,
      1.449,
      1.518,
      1.587,
      1.656,
      1.725,
      1.794,
      1.863,
      1.932
    ],
    "TaskName": "reward",
    "dataset": "MLS",
    "modality": "bold",
    "run_id": 2,
    "session_id": "1",
    "subject_id": "17",
    "task_id": "reward"
  },
  "dummy_trs": 0,
  "dvars_nstd": 19.310521170536912,
  "dvars_std": 1.1434253525503355,
  "dvars_vstd": 1.0489726481208057,
  "efc": 0.5492809552923891,
  "fber": 986.271484375,
  "fd_mean": 0.11328230553507866,
  "fd_num": 12,
  "fd_perc": 8.0,
  "fwhm_avg": 2.452166333333333,
  "fwhm_x": 2.6145823999999998,
  "fwhm_y": 2.7470016,
  "fwhm_z": 1.994915,
  "gcor": 0.0418964,
  "gsr_x": 0.005007414612919092,
  "gsr_y": 0.03563978150486946,
  "provenance": {
    "md5sum": "967bece0771c44cc8db5b6a5ba6f2248",
    "settings": {
      "fd_thres": 0.2,
      "testing": false
    },
    "software": "mriqc",
    "version": "23.1.0rc0"
  },
  "size_t": 150,
  "size_x": 64,
  "size_y": 64,
  "size_z": 29,
  "snr": 6.9859008010372525,
  "spacing_tr": 1.0,
  "spacing_x": 3.125,
  "spacing_y": 3.125,
  "spacing_z": 4.0,
  "summary_bg_k": 19.319817733363767,
  "summary_bg_mad": 131.02250659847002,
  "summary_bg_mean": 161.97999572753906,
  "summary_bg_median": 99.09333801269531,
  "summary_bg_n": 66533.0,
  "summary_bg_p05": 0.013333333656191826,
  "summary_bg_p95": 612.233337402343,
  "summary_bg_stdv": 231.6973419189453,
  "summary_fg_k": 1.2627568881816673,
  "summary_fg_mad": 413.91314797606515,
  "summary_fg_mean": 3172.551513671875,
  "summary_fg_median": 3164.13330078125,
  "summary_fg_n": 23813.0,
  "summary_fg_p05": 2474.5294921875,
  "summary_fg_p95": 3922.1801269531247,
  "summary_fg_stdv": 452.92181396484375,
  "tsnr": 73.683676894987
}