{
  "aor": 0.007928000000000001,
  "aqi": 0.0039696454,
  "bids_meta": {
    "EchoTime": 0.0036,
    "InstitutionName": "U of M FMRI",
    "Modality": "MR",
    "PatientPosition": "HFS",
    "RepetitionTime": 2.0,
    "SliceTiming": [
      0,
      0.069,
      0.138,
      0.207,
      0.276,
      0.345,
      0.414,
      0.483,
      0.552,
      0.621,
      0.69,
      0.759,
      0.828,
      0.897,
      0.966,
      1.035,
      1.104,
      1.173,
      1.242,
      1.311,
      1.38,
      1.449,
      1.518,
      1.587,
      1.656,
      1.725,
      1.794,
      1.863,
      1.932
    ],
    "TaskName": "reward",
    "dataset": "MLS",
    "modality": "bold",
    "run_id": 2,
    "session_id": "2",
    "subject_id": "34",
    "task_id": "reward"
  },
  "dummy_trs": 0,
  "dvars_nstd": 19.01095426812081,
  "dvars_std": 1.1716746926174495,
  "dvars_vstd": 1.0974271122147654,
  "efc": 0.5974012821976494,
  "fber": 656.0773315429688,
  "fd_mean": 0.12503037427796532,
  "fd_num": 26,
  "fd_perc": 17.333333333333332,
  "fwhm_avg": 2.481592733333333,
  "fwhm_x": 2.6160064,
  "fwhm_y": 2.8417568,
  "fwhm_z": 1.987015,
  "gcor": 0.081576,
  "gsr_x": -0.0012701444793492556,
  "gsr_y": 0.05202316865324974,
  "provenance": {
    "md5sum": "4f93c5dd9528e0cee62f72a1380e4172",
    "settings": {
      "fd_thres": 0.2,
      "testing": false
    },
    "software": "mriqc",
    "version": "23.1.0rc0"
  },
  "size_t": 150,
  "size_x": 64,
  "size_y": 64,
  "size_z": 29,
  "snr": 6.338811461669901,
  "spacing_tr": 1.0,
  "spacing_x": 3.125,
  "spacing_y": 3.125,
  "spacing_z": 4.0,
  "summary_bg_k": 15.222686937307888,
  "summary_bg_mad": 170.0791902023769,
  "summary_bg_mean": 196.77215576171875,
  "summary_bg_median": 115.69667053222656,
  "summary_bg_n": 60830.0,
  "summary_bg_p05": 0.03333333507180214,
  "summary_bg_p95": 697.2110351562493,
  "summary_bg_stdv": 264.1778259277344,
  "summary_fg_k": 1.0752676517963593,
  "summary_fg_mad": 441.0147980025272,
  "summary_fg_mean": 3054.219482421875,
  "summary_fg_median": 3056.666748046875,
  "summary_fg_n": 28577.0,
  "summary_fg_p05": 2297.157470703125,
  "summary_fg_p95": 3860.2187011718743,
  "summary_fg_stdv": 482.2060546875,
  "tsnr": 71.73636637860909
}