{
  "aor": 0.004463020134228187,
  "aqi": 0.005026222751677853,
  "bids_meta": {
    "EchoTime": 0.0036,
    "InstitutionName": "U of M FMRI",
    "Modality": "MR",
    "PatientPosition": "HFS",
    "RepetitionTime": 2.0,
    "SliceTiming": [
      0,
      0.069,
      0.138,
      0.207,
      0.276,
      0.345,
      0.414,
      0.483,
      0.552,
      0.621,
      0.69,
      0.759,
      0.828,
      0.897,
      0.966,
      1.035,
      1.104,
      1.173,
      1.242,
      1.311,
      1.38,
      1.449,
      1.518,
      1.587,
      1.656,
      1.725,
      1.794,
      1.863,
      1.932
    ],
    "TaskName": "reward",
    "dataset": "MLS",
    "modality": "bold",
    "run_id": 2,
    "session_id": "1",
    "subject_id": "207",
    "task_id": "reward"
  },
  "dummy_trs": 1,
  "dvars_nstd": 17.335419686756754,
  "dvars_std": 1.1220915555405404,
  "dvars_vstd": 1.0240291624999995,
  "efc": 0.5314694318934807,
  "fber": 2104.803466796875,
  "fd_mean": 0.1398444444483173,
  "fd_num": 23,
  "fd_perc": 15.436241610738255,
  "fwhm_avg": 2.683473033333333,
  "fwhm_x": 2.8215392,
  "fwhm_y": 3.1706624,
  "fwhm_z": 2.0582175,
  "gcor": 0.0773591,
  "gsr_x": 0.00024525256594642997,
  "gsr_y": 0.0420837439596653,
  "provenance": {
    "md5sum": "25aabb976fc9957d9b4cabc543feaeeb",
    "settings": {
      "fd_thres": 0.2,
      "testing": false
    },
    "software": "mriqc",
    "version": "23.1.0rc0"
  },
  "size_t": 149,
  "size_x": 64,
  "size_y": 64,
  "size_z": 29,
  "snr": 6.782534797718326,
  "spacing_tr": 1.0,
  "spacing_x": 3.125,
  "spacing_y": 3.125,
  "spacing_z": 4.0,
  "summary_bg_k": 33.821875968145946,
  "summary_bg_mad": 98.97613828061316,
  "summary_bg_mean": 122.1786880493164,
  "summary_bg_median": 68.2751693725586,
  "summary_bg_n": 66509.0,
  "summary_bg_p05": 0.06711409240961075,
  "summary_bg_p95": 423.3959777832029,
  "summary_bg_stdv": 184.7213134765625,
  "summary_fg_k": 2.111570361588049,
  "summary_fg_mad": 381.5362428879575,
  "summary_fg_mean": 3125.0478515625,
  "summary_fg_median": 3146.832275390625,
  "summary_fg_n": 23891.0,
  "summary_fg_p05": 2367.5234375,
  "summary_fg_p95": 3840.73828125,
  "summary_fg_stdv": 463.9513854980469,
  "tsnr": 75.04048983659595
}