{
  "aor": 0.0030373999999999996,
  "aqi": 0.018655799333333334,
  "bids_meta": {
    "EchoTime": 0.0036,
    "InstitutionName": "U of M FMRI",
    "Modality": "MR",
    "PatientPosition": "HFS",
    "RepetitionTime": 2.0,
    "SliceTiming": [
      0,
      0.069,
      0.138,
      0.207,
      0.276,
      0.345,
      0.414,
      0.483,
      0.552,
      0.621,
      0.69,
      0.759,
      0.828,
      0.897,
      0.966,
      1.035,
      1.104,
      1.173,
      1.242,
      1.311,
      1.38,
      1.449,
      1.518,
      1.587,
      1.656,
      1.725,
      1.794,
      1.863,
      1.932
    ],
    "TaskName": "reward",
    "dataset": "MLS",
    "modality": "bold",
    "run_id": 1,
    "session_id": "1",
    "subject_id": "238",
    "task_id": "reward"
  },
  "dummy_trs": 0,
  "dvars_nstd": 21.637352284697993,
  "dvars_std": 0.9784689962416108,
  "dvars_vstd": 0.933193274362416,
  "efc": 0.5288828742229174,
  "fber": 834.8131103515625,
  "fd_mean": 0.2103170900775805,
  "fd_num": 44,
  "fd_perc": 29.333333333333332,
  "fwhm_avg": 2.3236509333333335,
  "fwhm_x": 2.4034112,
  "fwhm_y": 2.7254816,
  "fwhm_z": 1.84206,
  "gcor": 0.0243533,
  "gsr_x": 0.015882067382335663,
  "gsr_y": 0.020919527858495712,
  "provenance": {
    "md5sum": "a0ea737524d4ed4b8f80b821bc4845b0",
    "settings": {
      "fd_thres": 0.2,
      "testing": false
    },
    "software": "mriqc",
    "version": "23.1.0rc0"
  },
  "size_t": 150,
  "size_x": 64,
  "size_y": 64,
  "size_z": 29,
  "snr": 8.757873601172943,
  "spacing_tr": 1.0,
  "spacing_x": 3.125,
  "spacing_y": 3.125,
  "spacing_z": 4.0,
  "summary_bg_k": 15.921392673573997,
  "summary_bg_mad": 264.60495149827636,
  "summary_bg_mean": 358.3674011230469,
  "summary_bg_median": 254.86666870117188,
  "summary_bg_n": 69897.0,
  "summary_bg_p05": 0.3866666853427887,
  "summary_bg_p95": 1169.5693847656248,
  "summary_bg_stdv": 463.7640686035156,
  "summary_fg_k": 1.2862526518156967,
  "summary_fg_mad": 764.395100157365,
  "summary_fg_mean": 7379.00732421875,
  "summary_fg_median": 7380.9501953125,
  "summary_fg_n": 21586.0,
  "summary_fg_p05": 6001.57861328125,
  "summary_fg_p95": 8736.695556640625,
  "summary_fg_stdv": 842.75927734375,
  "tsnr": 49.2377814934589
}