{
  "aor": 0.0008522000000000002,
  "aqi": 0.006117407266666667,
  "bids_meta": {
    "EchoTime": 0.0036,
    "InstitutionName": "U of M FMRI",
    "Modality": "MR",
    "PatientPosition": "HFS",
    "RepetitionTime": 2.0,
    "SliceTiming": [
      0,
      0.069,
      0.138,
      0.207,
      0.276,
      0.345,
      0.414,
      0.483,
      0.552,
      0.621,
      0.69,
      0.759,
      0.828,
      0.897,
      0.966,
      1.035,
      1.104,
      1.173,
      1.242,
      1.311,
      1.38,
      1.449,
      1.518,
      1.587,
      1.656,
      1.725,
      1.794,
      1.863,
      1.932
    ],
    "TaskName": "reward",
    "dataset": "MLS",
    "modality": "bold",
    "run_id": 2,
    "session_id": "1",
    "subject_id": "238",
    "task_id": "reward"
  },
  "dummy_trs": 0,
  "dvars_nstd": 20.38509144879195,
  "dvars_std": 1.0966234047651005,
  "dvars_vstd": 1.0038123712080536,
  "efc": 0.5305999309520296,
  "fber": 834.9072265625,
  "fd_mean": 0.127880240666087,
  "fd_num": 16,
  "fd_perc": 10.666666666666666,
  "fwhm_avg": 2.2741368000000004,
  "fwhm_x": 2.3300864000000003,
  "fwhm_y": 2.610064,
  "fwhm_z": 1.88226,
  "gcor": 0.0701029,
  "gsr_x": 0.01479270774871111,
  "gsr_y": 0.020814524963498116,
  "provenance": {
    "md5sum": "49b3f5b1d9d67fdb92230f12e4b7f8ac",
    "settings": {
      "fd_thres": 0.2,
      "testing": false
    },
    "software": "mriqc",
    "version": "23.1.0rc0"
  },
  "size_t": 150,
  "size_x": 64,
  "size_y": 64,
  "size_z": 29,
  "snr": 8.564447106126389,
  "spacing_tr": 1.0,
  "spacing_x": 3.125,
  "spacing_y": 3.125,
  "spacing_z": 4.0,
  "summary_bg_k": 16.027642745805366,
  "summary_bg_mad": 292.1319764257785,
  "summary_bg_mean": 360.64471435546875,
  "summary_bg_median": 252.0800018310547,
  "summary_bg_n": 69809.0,
  "summary_bg_p05": 0.02666666731238365,
  "summary_bg_p95": 1202.5587402343745,
  "summary_bg_stdv": 470.2028503417969,
  "summary_fg_k": 1.076328626045017,
  "summary_fg_mad": 774.3632111181623,
  "summary_fg_mean": 7341.21875,
  "summary_fg_median": 7350.54345703125,
  "summary_fg_n": 21756.0,
  "summary_fg_p05": 5900.3717041015625,
  "summary_fg_p95": 8712.858642578125,
  "summary_fg_stdv": 858.2427368164062,
  "tsnr": 74.29298459319398
}