{
  "aor": 0.0164202,
  "aqi": 0.017548607400000003,
  "bids_meta": {
    "EchoTime": 0.0036,
    "InstitutionName": "U of M FMRI",
    "Modality": "MR",
    "PatientPosition": "HFS",
    "RepetitionTime": 2.0,
    "SliceTiming": [
      0,
      0.069,
      0.138,
      0.207,
      0.276,
      0.345,
      0.414,
      0.483,
      0.552,
      0.621,
      0.69,
      0.759,
      0.828,
      0.897,
      0.966,
      1.035,
      1.104,
      1.173,
      1.242,
      1.311,
      1.38,
      1.449,
      1.518,
      1.587,
      1.656,
      1.725,
      1.794,
      1.863,
      1.932
    ],
    "TaskName": "reward",
    "dataset": "MLS",
    "modality": "bold",
    "run_id": 1,
    "session_id": "1",
    "subject_id": "242",
    "task_id": "reward"
  },
  "dummy_trs": 0,
  "dvars_nstd": 30.032889941946323,
  "dvars_std": 1.2849742103355704,
  "dvars_vstd": 1.167666912214765,
  "efc": 0.5738023003954472,
  "fber": 2165.880615234375,
  "fd_mean": 0.3902218629518727,
  "fd_num": 105,
  "fd_perc": 70.0,
  "fwhm_avg": 2.3358552333333336,
  "fwhm_x": 2.3941536,
  "fwhm_y": 2.7496096,
  "fwhm_z": 1.8638025,
  "gcor": 0.0648875,
  "gsr_x": -0.008494231849908829,
  "gsr_y": 0.032792504876852036,
  "provenance": {
    "md5sum": "7fd7bec85ae1d89aed7b17a5a0fd1129",
    "settings": {
      "fd_thres": 0.2,
      "testing": false
    },
    "software": "mriqc",
    "version": "23.1.0rc0"
  },
  "size_t": 150,
  "size_x": 64,
  "size_y": 64,
  "size_z": 29,
  "snr": 8.938088404606521,
  "spacing_tr": 1.0,
  "spacing_x": 3.125,
  "spacing_y": 3.125,
  "spacing_z": 4.0,
  "summary_bg_k": 25.77011366526061,
  "summary_bg_mad": 287.1701703851061,
  "summary_bg_mean": 342.0793151855469,
  "summary_bg_median": 202.31668090820312,
  "summary_bg_n": 59672.0,
  "summary_bg_p05": 0.24000000953674316,
  "summary_bg_p95": 1243.4360534667962,
  "summary_bg_stdv": 530.5484619140625,
  "summary_fg_k": 2.3887872314935006,
  "summary_fg_mad": 963.419969454452,
  "summary_fg_mean": 9462.337890625,
  "summary_fg_median": 9537.873046875,
  "summary_fg_n": 29362.0,
  "summary_fg_p05": 7643.0765380859375,
  "summary_fg_p95": 11016.094287109374,
  "summary_fg_stdv": 1067.086181640625,
  "tsnr": 48.70013234904036
}