{
  "aor": 0.0008359333333333333,
  "aqi": 0.003715643266666667,
  "bids_meta": {
    "EchoTime": 0.0036,
    "InstitutionName": "U of M FMRI",
    "Modality": "MR",
    "PatientPosition": "HFS",
    "RepetitionTime": 2.0,
    "SliceTiming": [
      0,
      0.069,
      0.138,
      0.207,
      0.276,
      0.345,
      0.414,
      0.483,
      0.552,
      0.621,
      0.69,
      0.759,
      0.828,
      0.897,
      0.966,
      1.035,
      1.104,
      1.173,
      1.242,
      1.311,
      1.38,
      1.449,
      1.518,
      1.587,
      1.656,
      1.725,
      1.794,
      1.863,
      1.932
    ],
    "TaskName": "reward",
    "dataset": "MLS",
    "modality": "bold",
    "run_id": 2,
    "session_id": "3",
    "subject_id": "88",
    "task_id": "reward"
  },
  "dummy_trs": 0,
  "dvars_nstd": 16.078749157315436,
  "dvars_std": 1.1202450864429532,
  "dvars_vstd": 0.9912590512751673,
  "efc": 0.5577748210044843,
  "fber": 1110.290283203125,
  "fd_mean": 0.05703161292815559,
  "fd_num": 1,
  "fd_perc": 0.6666666666666666,
  "fwhm_avg": 2.5572137666666666,
  "fwhm_x": 2.649408,
  "fwhm_y": 3.0652608,
  "fwhm_z": 1.9569725,
  "gcor": 0.0208527,
  "gsr_x": 0.0006210334249772131,
  "gsr_y": 0.031178459525108337,
  "provenance": {
    "md5sum": "1208fc68bf6a36df4b6e8fe167418a74",
    "settings": {
      "fd_thres": 0.2,
      "testing": false
    },
    "software": "mriqc",
    "version": "23.1.0rc0"
  },
  "size_t": 150,
  "size_x": 64,
  "size_y": 64,
  "size_z": 29,
  "snr": 6.744110805047925,
  "spacing_tr": 1.0,
  "spacing_x": 3.125,
  "spacing_y": 3.125,
  "spacing_z": 4.0,
  "summary_bg_k": 17.57130381671504,
  "summary_bg_mad": 112.57892713886703,
  "summary_bg_mean": 131.49298095703125,
  "summary_bg_median": 77.95999908447266,
  "summary_bg_n": 64567.0,
  "summary_bg_p05": 0.019999999552965164,
  "summary_bg_p95": 451.78867492675704,
  "summary_bg_stdv": 184.7617950439453,
  "summary_fg_k": 1.1282315492065669,
  "summary_fg_mad": 348.4361348622096,
  "summary_fg_mean": 2611.47802734375,
  "summary_fg_median": 2640.2802734375,
  "summary_fg_n": 25354.0,
  "summary_fg_p05": 1937.301690673828,
  "summary_fg_p95": 3210.961450195312,
  "summary_fg_stdv": 391.4864807128906,
  "tsnr": 85.339616575744
}