{
  "aor": 0.003356666666666667,
  "aqi": 0.0037581656000000006,
  "bids_meta": {
    "EchoTime": 0.0036,
    "InstitutionName": "U of M FMRI",
    "Modality": "MR",
    "PatientPosition": "HFS",
    "RepetitionTime": 2.0,
    "SliceTiming": [
      0,
      0.069,
      0.138,
      0.207,
      0.276,
      0.345,
      0.414,
      0.483,
      0.552,
      0.621,
      0.69,
      0.759,
      0.828,
      0.897,
      0.966,
      1.035,
      1.104,
      1.173,
      1.242,
      1.311,
      1.38,
      1.449,
      1.518,
      1.587,
      1.656,
      1.725,
      1.794,
      1.863,
      1.932
    ],
    "TaskName": "reward",
    "dataset": "MLS",
    "modality": "bold",
    "run_id": 2,
    "session_id": "2",
    "subject_id": "116",
    "task_id": "reward"
  },
  "dummy_trs": 0,
  "dvars_nstd": 21.48240769832216,
  "dvars_std": 1.2117828035570473,
  "dvars_vstd": 1.0194329244295304,
  "efc": 0.5707936925572493,
  "fber": 859.4349975585938,
  "fd_mean": 0.15554609858675575,
  "fd_num": 25,
  "fd_perc": 16.666666666666668,
  "fwhm_avg": 2.5006304333333333,
  "fwhm_x": 2.6304160000000003,
  "fwhm_y": 2.9223328,
  "fwhm_z": 1.9491425,
  "gcor": 0.0637782,
  "gsr_x": 0.0019136950140818954,
  "gsr_y": 0.0382852703332901,
  "provenance": {
    "md5sum": "c465a1026218294fd0d3838167b40e93",
    "settings": {
      "fd_thres": 0.2,
      "testing": false
    },
    "software": "mriqc",
    "version": "23.1.0rc0"
  },
  "size_t": 150,
  "size_x": 64,
  "size_y": 64,
  "size_z": 29,
  "snr": 5.859741834489633,
  "spacing_tr": 1.0,
  "spacing_x": 3.125,
  "spacing_y": 3.125,
  "spacing_z": 4.0,
  "summary_bg_k": 16.715056890608604,
  "summary_bg_mad": 150.70157400328438,
  "summary_bg_mean": 178.1161651611328,
  "summary_bg_median": 104.57333374023438,
  "summary_bg_n": 62927.0,
  "summary_bg_p05": 0.019999999552965164,
  "summary_bg_p95": 639.8739990234375,
  "summary_bg_stdv": 245.4228515625,
  "summary_fg_k": 0.5810698658222146,
  "summary_fg_mad": 499.5232911186606,
  "summary_fg_mean": 3144.358642578125,
  "summary_fg_median": 3140.61328125,
  "summary_fg_n": 26062.0,
  "summary_fg_p05": 2269.7872924804688,
  "summary_fg_p95": 4043.7172119140623,
  "summary_fg_stdv": 535.9541625976562,
  "tsnr": 75.67971192696132
}