{
  "aor": 0.0029058000000000005,
  "aqi": 0.0043635491333333335,
  "bids_meta": {
    "EchoTime": 0.0036,
    "InstitutionName": "U of M FMRI",
    "Modality": "MR",
    "PatientPosition": "HFS",
    "RepetitionTime": 2.0,
    "SliceTiming": [
      0,
      0.069,
      0.138,
      0.207,
      0.276,
      0.345,
      0.414,
      0.483,
      0.552,
      0.621,
      0.69,
      0.759,
      0.828,
      0.897,
      0.966,
      1.035,
      1.104,
      1.173,
      1.242,
      1.311,
      1.38,
      1.449,
      1.518,
      1.587,
      1.656,
      1.725,
      1.794,
      1.863,
      1.932
    ],
    "TaskName": "reward",
    "dataset": "MLS",
    "modality": "bold",
    "run_id": 1,
    "session_id": "2",
    "subject_id": "116",
    "task_id": "reward"
  },
  "dummy_trs": 0,
  "dvars_nstd": 21.849190667315433,
  "dvars_std": 1.2039274430201345,
  "dvars_vstd": 1.0159380530201345,
  "efc": 0.5714202206357473,
  "fber": 869.1507568359375,
  "fd_mean": 0.16209903331678824,
  "fd_num": 31,
  "fd_perc": 20.666666666666668,
  "fwhm_avg": 2.5591407999999998,
  "fwhm_x": 2.6920288,
  "fwhm_y": 2.9959936,
  "fwhm_z": 1.9894,
  "gcor": 0.0879542,
  "gsr_x": 0.0007692044600844383,
  "gsr_y": 0.04021330177783966,
  "provenance": {
    "md5sum": "3da43496bbb47589cae9f591c553be76",
    "settings": {
      "fd_thres": 0.2,
      "testing": false
    },
    "software": "mriqc",
    "version": "23.1.0rc0"
  },
  "size_t": 150,
  "size_x": 64,
  "size_y": 64,
  "size_z": 29,
  "snr": 5.932896755752932,
  "spacing_tr": 1.0,
  "spacing_x": 3.125,
  "spacing_y": 3.125,
  "spacing_z": 4.0,
  "summary_bg_k": 20.59626965849447,
  "summary_bg_mad": 152.2138264704821,
  "summary_bg_mean": 180.0419464111328,
  "summary_bg_median": 104.85333251953125,
  "summary_bg_n": 62906.0,
  "summary_bg_p05": 0.03333333507180214,
  "summary_bg_p95": 645.6533508300781,
  "summary_bg_stdv": 253.10145568847656,
  "summary_fg_k": 0.6479667060420256,
  "summary_fg_mad": 493.058986182066,
  "summary_fg_mean": 3167.225341796875,
  "summary_fg_median": 3161.93994140625,
  "summary_fg_n": 26140.0,
  "summary_fg_p05": 2302.207067871094,
  "summary_fg_p95": 4062.9976562499996,
  "summary_fg_stdv": 532.9402465820312,
  "tsnr": 69.55203072167933
}