{
  "aor": 0.005461066666666668,
  "aqi": 0.006591133266666667,
  "bids_meta": {
    "EchoTime": 0.0036,
    "InstitutionName": "U of M FMRI",
    "Modality": "MR",
    "PatientPosition": "HFS",
    "RepetitionTime": 2.0,
    "SliceTiming": [
      0,
      0.069,
      0.138,
      0.207,
      0.276,
      0.345,
      0.414,
      0.483,
      0.552,
      0.621,
      0.69,
      0.759,
      0.828,
      0.897,
      0.966,
      1.035,
      1.104,
      1.173,
      1.242,
      1.311,
      1.38,
      1.449,
      1.518,
      1.587,
      1.656,
      1.725,
      1.794,
      1.863,
      1.932
    ],
    "TaskName": "reward",
    "dataset": "MLS",
    "modality": "bold",
    "run_id": 1,
    "session_id": "1",
    "subject_id": "160",
    "task_id": "reward"
  },
  "dummy_trs": 0,
  "dvars_nstd": 17.11374022362416,
  "dvars_std": 1.0767871468456374,
  "dvars_vstd": 1.037102352684563,
  "efc": 0.5679311836710766,
  "fber": 1418.3115234375,
  "fd_mean": 0.1610422670516723,
  "fd_num": 16,
  "fd_perc": 10.666666666666666,
  "fwhm_avg": 2.4164276,
  "fwhm_x": 2.4268064000000003,
  "fwhm_y": 2.8817664,
  "fwhm_z": 1.94071,
  "gcor": 0.0235584,
  "gsr_x": 0.012081271968781948,
  "gsr_y": 0.051187314093112946,
  "provenance": {
    "md5sum": "e1b718d7da812324533b7134827885be",
    "settings": {
      "fd_thres": 0.2,
      "testing": false
    },
    "software": "mriqc",
    "version": "23.1.0rc0"
  },
  "size_t": 150,
  "size_x": 64,
  "size_y": 64,
  "size_z": 29,
  "snr": 7.87458878410947,
  "spacing_tr": 1.0,
  "spacing_x": 3.125,
  "spacing_y": 3.125,
  "spacing_z": 4.0,
  "summary_bg_k": 12.891802234188095,
  "summary_bg_mad": 138.68261040201747,
  "summary_bg_mean": 182.28817749023438,
  "summary_bg_median": 95.85333251953125,
  "summary_bg_n": 62833.0,
  "summary_bg_p05": 0.20666667819023132,
  "summary_bg_p95": 681.4933349609363,
  "summary_bg_stdv": 260.9934997558594,
  "summary_fg_k": 1.549959936678726,
  "summary_fg_mad": 433.1026393369232,
  "summary_fg_mean": 3679.8603515625,
  "summary_fg_median": 3677.330078125,
  "summary_fg_n": 26858.0,
  "summary_fg_p05": 2936.355090332031,
  "summary_fg_p95": 4437.0372314453125,
  "summary_fg_stdv": 466.9782409667969,
  "tsnr": 75.57513193227351
}