{
  "aor": 0.0198130612244898,
  "aqi": 0.012329288707482993,
  "bids_meta": {
    "EchoTime": 0.0036,
    "InstitutionName": "U of M FMRI",
    "Modality": "MR",
    "PatientPosition": "HFS",
    "RepetitionTime": 2.0,
    "SliceTiming": [
      0,
      0.069,
      0.138,
      0.207,
      0.276,
      0.345,
      0.414,
      0.483,
      0.552,
      0.621,
      0.69,
      0.759,
      0.828,
      0.897,
      0.966,
      1.035,
      1.104,
      1.173,
      1.242,
      1.311,
      1.38,
      1.449,
      1.518,
      1.587,
      1.656,
      1.725,
      1.794,
      1.863,
      1.932
    ],
    "TaskName": "reward",
    "dataset": "MLS",
    "modality": "bold",
    "run_id": 1,
    "session_id": "1",
    "subject_id": "163",
    "task_id": "reward"
  },
  "dummy_trs": 3,
  "dvars_nstd": 19.822275854178066,
  "dvars_std": 1.1373423101369864,
  "dvars_vstd": 1.0973324073287674,
  "efc": 0.5361830933103755,
  "fber": 2174.03515625,
  "fd_mean": 0.34409909366393066,
  "fd_num": 58,
  "fd_perc": 39.45578231292517,
  "fwhm_avg": 2.7198052333333336,
  "fwhm_x": 2.7975072,
  "fwhm_y": 3.2349759999999996,
  "fwhm_z": 2.1269325,
  "gcor": 0.108332,
  "gsr_x": -0.0040822760201990604,
  "gsr_y": 0.04555736854672432,
  "provenance": {
    "md5sum": "436f672f3a16490ec240c1ed8c4652a8",
    "settings": {
      "fd_thres": 0.2,
      "testing": false
    },
    "software": "mriqc",
    "version": "23.1.0rc0"
  },
  "size_t": 147,
  "size_x": 64,
  "size_y": 64,
  "size_z": 29,
  "snr": 7.312359994742782,
  "spacing_tr": 1.0,
  "spacing_x": 3.125,
  "spacing_y": 3.125,
  "spacing_z": 4.0,
  "summary_bg_k": 15.296366169099521,
  "summary_bg_mad": 127.08018576437266,
  "summary_bg_mean": 159.6945037841797,
  "summary_bg_median": 88.2040786743164,
  "summary_bg_n": 66277.0,
  "summary_bg_p05": 0.21768707036972046,
  "summary_bg_p95": 559.8068115234374,
  "summary_bg_stdv": 220.91232299804688,
  "summary_fg_k": 1.4372527907360215,
  "summary_fg_mad": 504.3468158168554,
  "summary_fg_mean": 4030.623046875,
  "summary_fg_median": 4090.809326171875,
  "summary_fg_n": 24628.0,
  "summary_fg_p05": 3044.233935546875,
  "summary_fg_p95": 4818.9658203125,
  "summary_fg_stdv": 559.42626953125,
  "tsnr": 52.64256129018031
}