{
  "aor": 0.0009118,
  "aqi": 0.0031012424666666664,
  "bids_meta": {
    "EchoTime": 0.0036,
    "InstitutionName": "U of M FMRI",
    "Modality": "MR",
    "PatientPosition": "HFS",
    "RepetitionTime": 2.0,
    "SliceTiming": [
      0,
      0.069,
      0.138,
      0.207,
      0.276,
      0.345,
      0.414,
      0.483,
      0.552,
      0.621,
      0.69,
      0.759,
      0.828,
      0.897,
      0.966,
      1.035,
      1.104,
      1.173,
      1.242,
      1.311,
      1.38,
      1.449,
      1.518,
      1.587,
      1.656,
      1.725,
      1.794,
      1.863,
      1.932
    ],
    "TaskName": "reward",
    "dataset": "MLS",
    "modality": "bold",
    "run_id": 2,
    "session_id": "1",
    "subject_id": "157",
    "task_id": "reward"
  },
  "dummy_trs": 0,
  "dvars_nstd": 17.56112968510068,
  "dvars_std": 1.1290334001342286,
  "dvars_vstd": 1.0155817969127519,
  "efc": 0.5579445019035376,
  "fber": 1126.9906005859375,
  "fd_mean": 0.08774967100396999,
  "fd_num": 3,
  "fd_perc": 2.0,
  "fwhm_avg": 2.5483237,
  "fwhm_x": 2.6660896000000003,
  "fwhm_y": 3.0374239999999997,
  "fwhm_z": 1.9414575,
  "gcor": 0.048306,
  "gsr_x": -0.0005592555971816182,
  "gsr_y": 0.025719178840517998,
  "provenance": {
    "md5sum": "5d18cabd85b8ee0d9f941534c44fd4b7",
    "settings": {
      "fd_thres": 0.2,
      "testing": false
    },
    "software": "mriqc",
    "version": "23.1.0rc0"
  },
  "size_t": 150,
  "size_x": 64,
  "size_y": 64,
  "size_z": 29,
  "snr": 7.004416508361921,
  "spacing_tr": 1.0,
  "spacing_x": 3.125,
  "spacing_y": 3.125,
  "spacing_z": 4.0,
  "summary_bg_k": 20.844083316327684,
  "summary_bg_mad": 133.1722795325192,
  "summary_bg_mean": 154.69046020507812,
  "summary_bg_median": 90.77000427246094,
  "summary_bg_n": 64220.0,
  "summary_bg_p05": 0.006666666828095913,
  "summary_bg_p95": 539.9746612548827,
  "summary_bg_stdv": 226.24754333496094,
  "summary_fg_k": 1.3737109466452795,
  "summary_fg_mad": 392.4052808316309,
  "summary_fg_mean": 3112.52490234375,
  "summary_fg_median": 3122.82666015625,
  "summary_fg_n": 25421.0,
  "summary_fg_p05": 2376.586669921875,
  "summary_fg_p95": 3813.82666015625,
  "summary_fg_stdv": 445.8280334472656,
  "tsnr": 89.53546791058034
}