{
  "aor": 0.0005492,
  "aqi": 0.006940274066666668,
  "bids_meta": {
    "EchoTime": 0.0036,
    "InstitutionName": "U of M FMRI",
    "Modality": "MR",
    "PatientPosition": "HFS",
    "RepetitionTime": 2.0,
    "SliceTiming": [
      0,
      0.069,
      0.138,
      0.207,
      0.276,
      0.345,
      0.414,
      0.483,
      0.552,
      0.621,
      0.69,
      0.759,
      0.828,
      0.897,
      0.966,
      1.035,
      1.104,
      1.173,
      1.242,
      1.311,
      1.38,
      1.449,
      1.518,
      1.587,
      1.656,
      1.725,
      1.794,
      1.863,
      1.932
    ],
    "TaskName": "reward",
    "dataset": "MLS",
    "modality": "bold",
    "run_id": 2,
    "session_id": "1",
    "subject_id": "119",
    "task_id": "reward"
  },
  "dummy_trs": 0,
  "dvars_nstd": 19.735215993288588,
  "dvars_std": 1.097342512348993,
  "dvars_vstd": 0.9988757418120804,
  "efc": 0.5807157513028554,
  "fber": 1223.813720703125,
  "fd_mean": 0.11264357004990606,
  "fd_num": 11,
  "fd_perc": 7.333333333333333,
  "fwhm_avg": 2.1073025333333333,
  "fwhm_x": 2.1666592,
  "fwhm_y": 2.4718784,
  "fwhm_z": 1.68337,
  "gcor": 0.0353725,
  "gsr_x": 0.014544804580509663,
  "gsr_y": 0.0364123210310936,
  "provenance": {
    "md5sum": "8df92971a6133700cba430f55998fd3e",
    "settings": {
      "fd_thres": 0.2,
      "testing": false
    },
    "software": "mriqc",
    "version": "23.1.0rc0"
  },
  "size_t": 150,
  "size_x": 64,
  "size_y": 64,
  "size_z": 29,
  "snr": 8.251726200351653,
  "spacing_tr": 1.0,
  "spacing_x": 3.125,
  "spacing_y": 3.125,
  "spacing_z": 4.0,
  "summary_bg_k": 20.211324601956193,
  "summary_bg_mad": 124.57318293597362,
  "summary_bg_mean": 169.26393127441406,
  "summary_bg_median": 84.85000610351562,
  "summary_bg_n": 61692.0,
  "summary_bg_p05": 0.013333333656191826,
  "summary_bg_p95": 661.1676788330077,
  "summary_bg_stdv": 261.0528564453125,
  "summary_fg_k": 1.7679621926913134,
  "summary_fg_mad": 330.1656686558403,
  "summary_fg_mean": 3020.802490234375,
  "summary_fg_median": 3007.1533203125,
  "summary_fg_n": 27917.0,
  "summary_fg_p05": 2461.91201171875,
  "summary_fg_p95": 3601.306787109375,
  "summary_fg_stdv": 364.420654296875,
  "tsnr": 78.06940402649343
}