{
  "aor": 0.0006882666666666666,
  "aqi": 0.003101985066666667,
  "bids_meta": {
    "EchoTime": 0.0036,
    "InstitutionName": "U of M FMRI",
    "Modality": "MR",
    "PatientPosition": "HFS",
    "RepetitionTime": 2.0,
    "SliceTiming": [
      0,
      0.069,
      0.138,
      0.207,
      0.276,
      0.345,
      0.414,
      0.483,
      0.552,
      0.621,
      0.69,
      0.759,
      0.828,
      0.897,
      0.966,
      1.035,
      1.104,
      1.173,
      1.242,
      1.311,
      1.38,
      1.449,
      1.518,
      1.587,
      1.656,
      1.725,
      1.794,
      1.863,
      1.932
    ],
    "TaskName": "reward",
    "dataset": "MLS",
    "modality": "bold",
    "run_id": 2,
    "session_id": "2",
    "subject_id": "15",
    "task_id": "reward"
  },
  "dummy_trs": 0,
  "dvars_nstd": 16.421775542617457,
  "dvars_std": 1.0201801345637584,
  "dvars_vstd": 1.0081929969798653,
  "efc": 0.5680970453859069,
  "fber": 1190.2879638671875,
  "fd_mean": 0.07179073069242904,
  "fd_num": 1,
  "fd_perc": 0.6666666666666666,
  "fwhm_avg": 2.5613467333333335,
  "fwhm_x": 2.7247744,
  "fwhm_y": 2.9918207999999997,
  "fwhm_z": 1.967445,
  "gcor": 0.0352326,
  "gsr_x": 0.01646246388554573,
  "gsr_y": 0.040496233850717545,
  "provenance": {
    "md5sum": "ae4f3dd1b90d7058aa64b729bcce5563",
    "settings": {
      "fd_thres": 0.2,
      "testing": false
    },
    "software": "mriqc",
    "version": "23.1.0rc0"
  },
  "size_t": 150,
  "size_x": 64,
  "size_y": 64,
  "size_z": 29,
  "snr": 5.888236217097433,
  "spacing_tr": 1.0,
  "spacing_x": 3.125,
  "spacing_y": 3.125,
  "spacing_z": 4.0,
  "summary_bg_k": 11.501423290888336,
  "summary_bg_mad": 98.79072542865119,
  "summary_bg_mean": 147.54017639160156,
  "summary_bg_median": 67.2066650390625,
  "summary_bg_n": 64797.0,
  "summary_bg_p05": 0.006666666828095913,
  "summary_bg_p95": 547.5293212890622,
  "summary_bg_stdv": 203.58860778808594,
  "summary_fg_k": 1.0588232490146279,
  "summary_fg_mad": 367.7101446844986,
  "summary_fg_mean": 2380.6328125,
  "summary_fg_median": 2374.38671875,
  "summary_fg_n": 25298.0,
  "summary_fg_p05": 1733.4777038574218,
  "summary_fg_p95": 3049.1336791992185,
  "summary_fg_stdv": 403.2344665527344,
  "tsnr": 77.22249475610442
}