{
  "aor": 0.0020148666666666665,
  "aqi": 0.006992566399999999,
  "bids_meta": {
    "EchoTime": 0.0036,
    "InstitutionName": "U of M FMRI",
    "Modality": "MR",
    "PatientPosition": "HFS",
    "RepetitionTime": 2.0,
    "SliceTiming": [
      0,
      0.069,
      0.138,
      0.207,
      0.276,
      0.345,
      0.414,
      0.483,
      0.552,
      0.621,
      0.69,
      0.759,
      0.828,
      0.897,
      0.966,
      1.035,
      1.104,
      1.173,
      1.242,
      1.311,
      1.38,
      1.449,
      1.518,
      1.587,
      1.656,
      1.725,
      1.794,
      1.863,
      1.932
    ],
    "TaskName": "reward",
    "dataset": "MLS",
    "modality": "bold",
    "run_id": 1,
    "session_id": "2",
    "subject_id": "64",
    "task_id": "reward"
  },
  "dummy_trs": 0,
  "dvars_nstd": 22.27463943671141,
  "dvars_std": 1.1273787709395973,
  "dvars_vstd": 1.0195552914093962,
  "efc": 0.5998917540429182,
  "fber": 795.2369384765625,
  "fd_mean": 0.08048616447088507,
  "fd_num": 4,
  "fd_perc": 2.6666666666666665,
  "fwhm_avg": 2.0024725333333335,
  "fwhm_x": 2.0222144,
  "fwhm_y": 2.3701632,
  "fwhm_z": 1.61504,
  "gcor": 0.0570579,
  "gsr_x": -0.001333767781034112,
  "gsr_y": 0.047713469713926315,
  "provenance": {
    "md5sum": "bfe9da057725cecd03e0f8cab51dfd9d",
    "settings": {
      "fd_thres": 0.2,
      "testing": false
    },
    "software": "mriqc",
    "version": "23.1.0rc0"
  },
  "size_t": 150,
  "size_x": 64,
  "size_y": 64,
  "size_z": 29,
  "snr": 6.854410206778087,
  "spacing_tr": 1.0,
  "spacing_x": 3.125,
  "spacing_y": 3.125,
  "spacing_z": 4.0,
  "summary_bg_k": 20.68589908385086,
  "summary_bg_mad": 143.64439046191617,
  "summary_bg_mean": 169.9189910888672,
  "summary_bg_median": 97.94000244140625,
  "summary_bg_n": 58756.0,
  "summary_bg_p05": 0.02666666731238365,
  "summary_bg_p95": 580.5483245849609,
  "summary_bg_stdv": 237.84429931640625,
  "summary_fg_k": 1.754156310238142,
  "summary_fg_mad": 372.8053229385987,
  "summary_fg_mean": 2860.373779296875,
  "summary_fg_median": 2828.306640625,
  "summary_fg_n": 30193.0,
  "summary_fg_p05": 2286.8560546875,
  "summary_fg_p95": 3564.2426757812495,
  "summary_fg_stdv": 412.6189880371094,
  "tsnr": 67.00944338203408
}