{
  "aor": 0.001737972972972973,
  "aqi": 0.003414732027027027,
  "bids_meta": {
    "EchoTime": 0.0036,
    "InstitutionName": "U of M FMRI",
    "Modality": "MR",
    "PatientPosition": "HFS",
    "RepetitionTime": 2.0,
    "SliceTiming": [
      0,
      0.069,
      0.138,
      0.207,
      0.276,
      0.345,
      0.414,
      0.483,
      0.552,
      0.621,
      0.69,
      0.759,
      0.828,
      0.897,
      0.966,
      1.035,
      1.104,
      1.173,
      1.242,
      1.311,
      1.38,
      1.449,
      1.518,
      1.587,
      1.656,
      1.725,
      1.794,
      1.863,
      1.932
    ],
    "TaskName": "reward",
    "dataset": "MLS",
    "modality": "bold",
    "run_id": 1,
    "session_id": "1",
    "subject_id": "109",
    "task_id": "reward"
  },
  "dummy_trs": 2,
  "dvars_nstd": 15.669059571836739,
  "dvars_std": 1.1630045167346932,
  "dvars_vstd": 1.0040068304761904,
  "efc": 0.5505273430324875,
  "fber": 1746.82861328125,
  "fd_mean": 0.06758930950601326,
  "fd_num": 3,
  "fd_perc": 2.027027027027027,
  "fwhm_avg": 2.4054077333333335,
  "fwhm_x": 2.4827008,
  "fwhm_y": 2.8787423999999997,
  "fwhm_z": 1.85478,
  "gcor": 0.0501292,
  "gsr_x": -0.0008658866281621158,
  "gsr_y": 0.04673534631729126,
  "provenance": {
    "md5sum": "64524705bedaef005ec9b3d3bbae24d8",
    "settings": {
      "fd_thres": 0.2,
      "testing": false
    },
    "software": "mriqc",
    "version": "23.1.0rc0"
  },
  "size_t": 148,
  "size_x": 64,
  "size_y": 64,
  "size_z": 29,
  "snr": 7.485794819433827,
  "spacing_tr": 1.0,
  "spacing_x": 3.125,
  "spacing_y": 3.125,
  "spacing_z": 4.0,
  "summary_bg_k": 24.524054838921472,
  "summary_bg_mad": 129.2117889471266,
  "summary_bg_mean": 164.60879516601562,
  "summary_bg_median": 88.6790542602539,
  "summary_bg_n": 64370.0,
  "summary_bg_p05": 0.0,
  "summary_bg_p95": 596.1763793945306,
  "summary_bg_stdv": 257.9308166503906,
  "summary_fg_k": 1.9537081641932206,
  "summary_fg_mad": 432.47915732486854,
  "summary_fg_mean": 3707.757080078125,
  "summary_fg_median": 3726.023681640625,
  "summary_fg_n": 25592.0,
  "summary_fg_p05": 2895.3804443359377,
  "summary_fg_p95": 4482.170361328124,
  "summary_fg_stdv": 497.7361755371094,
  "tsnr": 100.59370267530903
}