{
  "aor": 0.000723,
  "aqi": 0.0072201646666666675,
  "bids_meta": {
    "EchoTime": 0.0036,
    "InstitutionName": "U of M FMRI",
    "Modality": "MR",
    "PatientPosition": "HFS",
    "RepetitionTime": 2.0,
    "SliceTiming": [
      0,
      0.069,
      0.138,
      0.207,
      0.276,
      0.345,
      0.414,
      0.483,
      0.552,
      0.621,
      0.69,
      0.759,
      0.828,
      0.897,
      0.966,
      1.035,
      1.104,
      1.173,
      1.242,
      1.311,
      1.38,
      1.449,
      1.518,
      1.587,
      1.656,
      1.725,
      1.794,
      1.863,
      1.932
    ],
    "TaskName": "reward",
    "dataset": "MLS",
    "modality": "bold",
    "run_id": 2,
    "session_id": "2",
    "subject_id": "79",
    "task_id": "reward"
  },
  "dummy_trs": 0,
  "dvars_nstd": 17.79956981476511,
  "dvars_std": 1.0533978269798656,
  "dvars_vstd": 0.9712771737583887,
  "efc": 0.585247304316479,
  "fber": 573.4650268554688,
  "fd_mean": 0.10764354126795608,
  "fd_num": 6,
  "fd_perc": 4.0,
  "fwhm_avg": 2.5355475999999997,
  "fwhm_x": 2.631968,
  "fwhm_y": 3.0260448,
  "fwhm_z": 1.94863,
  "gcor": 0.036658,
  "gsr_x": 0.019839495420455933,
  "gsr_y": 0.05005786567926407,
  "provenance": {
    "md5sum": "c93a75c8eec547d1b96f31e68003b993",
    "settings": {
      "fd_thres": 0.2,
      "testing": false
    },
    "software": "mriqc",
    "version": "23.1.0rc0"
  },
  "size_t": 150,
  "size_x": 64,
  "size_y": 64,
  "size_z": 29,
  "snr": 6.714538450664132,
  "spacing_tr": 1.0,
  "spacing_x": 3.125,
  "spacing_y": 3.125,
  "spacing_z": 4.0,
  "summary_bg_k": 14.96095724311628,
  "summary_bg_mad": 182.42926851355455,
  "summary_bg_mean": 206.1581573486328,
  "summary_bg_median": 124.78666687011719,
  "summary_bg_n": 63184.0,
  "summary_bg_p05": 0.03333333507180214,
  "summary_bg_p95": 706.7397003173827,
  "summary_bg_stdv": 267.57049560546875,
  "summary_fg_k": 1.6624049986665277,
  "summary_fg_mad": 373.17090600517355,
  "summary_fg_mean": 3012.61279296875,
  "summary_fg_median": 2997.186767578125,
  "summary_fg_n": 26197.0,
  "summary_fg_p05": 2314.34140625,
  "summary_fg_p95": 3752.625390625,
  "summary_fg_stdv": 446.36419677734375,
  "tsnr": 67.01814502035268
}