{
  "aor": 0.00041613333333333333,
  "aqi": 0.005020820266666667,
  "bids_meta": {
    "EchoTime": 0.0036,
    "InstitutionName": "U of M FMRI",
    "Modality": "MR",
    "PatientPosition": "HFS",
    "RepetitionTime": 2.0,
    "SliceTiming": [
      0,
      0.069,
      0.138,
      0.207,
      0.276,
      0.345,
      0.414,
      0.483,
      0.552,
      0.621,
      0.69,
      0.759,
      0.828,
      0.897,
      0.966,
      1.035,
      1.104,
      1.173,
      1.242,
      1.311,
      1.38,
      1.449,
      1.518,
      1.587,
      1.656,
      1.725,
      1.794,
      1.863,
      1.932
    ],
    "TaskName": "reward",
    "dataset": "MLS",
    "modality": "bold",
    "run_id": 1,
    "session_id": "2",
    "subject_id": "79",
    "task_id": "reward"
  },
  "dummy_trs": 0,
  "dvars_nstd": 18.853032221140943,
  "dvars_std": 1.104547959395973,
  "dvars_vstd": 0.9753995840268455,
  "efc": 0.5843581012341947,
  "fber": 565.4094848632812,
  "fd_mean": 0.10190712740139438,
  "fd_num": 6,
  "fd_perc": 4.0,
  "fwhm_avg": 2.4511752666666666,
  "fwhm_x": 2.5355872,
  "fwhm_y": 2.9523136,
  "fwhm_z": 1.865625,
  "gcor": 0.0392749,
  "gsr_x": 0.017311941832304,
  "gsr_y": 0.04890773817896843,
  "provenance": {
    "md5sum": "55a49a5a1214e43d9501221b42bb26db",
    "settings": {
      "fd_thres": 0.2,
      "testing": false
    },
    "software": "mriqc",
    "version": "23.1.0rc0"
  },
  "size_t": 150,
  "size_x": 64,
  "size_y": 64,
  "size_z": 29,
  "snr": 6.595329648894838,
  "spacing_tr": 1.0,
  "spacing_x": 3.125,
  "spacing_y": 3.125,
  "spacing_z": 4.0,
  "summary_bg_k": 13.949649289975568,
  "summary_bg_mad": 182.55281663646383,
  "summary_bg_mean": 203.11573791503906,
  "summary_bg_median": 124.85667419433594,
  "summary_bg_n": 62994.0,
  "summary_bg_p05": 0.019999999552965164,
  "summary_bg_p95": 684.4903411865231,
  "summary_bg_stdv": 262.9866027832031,
  "summary_fg_k": 1.868212208558047,
  "summary_fg_mad": 380.70264110348035,
  "summary_fg_mean": 3004.40234375,
  "summary_fg_median": 2995.3466796875,
  "summary_fg_n": 26355.0,
  "summary_fg_p05": 2300.0100830078127,
  "summary_fg_p95": 3749.763427734375,
  "summary_fg_stdv": 454.1531677246094,
  "tsnr": 75.99893170595169
}