{
  "aor": 0.0006074666666666667,
  "aqi": 0.0062931012000000015,
  "bids_meta": {
    "EchoTime": 0.0036,
    "InstitutionName": "U of M FMRI",
    "Modality": "MR",
    "PatientPosition": "HFS",
    "RepetitionTime": 2.0,
    "SliceTiming": [
      0,
      0.069,
      0.138,
      0.207,
      0.276,
      0.345,
      0.414,
      0.483,
      0.552,
      0.621,
      0.69,
      0.759,
      0.828,
      0.897,
      0.966,
      1.035,
      1.104,
      1.173,
      1.242,
      1.311,
      1.38,
      1.449,
      1.518,
      1.587,
      1.656,
      1.725,
      1.794,
      1.863,
      1.932
    ],
    "TaskName": "reward",
    "dataset": "MLS",
    "modality": "bold",
    "run_id": 2,
    "session_id": "1",
    "subject_id": "171",
    "task_id": "reward"
  },
  "dummy_trs": 0,
  "dvars_nstd": 22.267704675906042,
  "dvars_std": 1.0935059321476508,
  "dvars_vstd": 1.010040789731543,
  "efc": 0.5733369661399513,
  "fber": 636.1056518554688,
  "fd_mean": 0.1129339783928297,
  "fd_num": 6,
  "fd_perc": 4.0,
  "fwhm_avg": 2.316873433333333,
  "fwhm_x": 2.3872288,
  "fwhm_y": 2.652224,
  "fwhm_z": 1.9111675,
  "gcor": 0.0251237,
  "gsr_x": 0.015303145162761211,
  "gsr_y": 0.036113373935222626,
  "provenance": {
    "md5sum": "c19794aeed7b71671037e7fd8933a6c3",
    "settings": {
      "fd_thres": 0.2,
      "testing": false
    },
    "software": "mriqc",
    "version": "23.1.0rc0"
  },
  "size_t": 150,
  "size_x": 64,
  "size_y": 64,
  "size_z": 29,
  "snr": 7.811066242212322,
  "spacing_tr": 1.0,
  "spacing_x": 3.125,
  "spacing_y": 3.125,
  "spacing_z": 4.0,
  "summary_bg_k": 14.158861582385693,
  "summary_bg_mad": 469.4907249138352,
  "summary_bg_mean": 496.9407653808594,
  "summary_bg_median": 321.2133483886719,
  "summary_bg_n": 64487.0,
  "summary_bg_p05": 0.03999999910593033,
  "summary_bg_p95": 1689.0873779296865,
  "summary_bg_stdv": 632.4156494140625,
  "summary_fg_k": 1.1560989066420024,
  "summary_fg_mad": 1013.560953907208,
  "summary_fg_mean": 8147.0908203125,
  "summary_fg_median": 8189.7236328125,
  "summary_fg_n": 25422.0,
  "summary_fg_p05": 6431.931420898438,
  "summary_fg_p95": 9747.005664062499,
  "summary_fg_stdv": 1048.4564208984375,
  "tsnr": 69.1782811617013
}