{
  "aor": 0.0018376666666666663,
  "aqi": 0.004259180600000001,
  "bids_meta": {
    "EchoTime": 0.0036,
    "InstitutionName": "U of M FMRI",
    "Modality": "MR",
    "PatientPosition": "HFS",
    "RepetitionTime": 2.0,
    "SliceTiming": [
      0,
      0.069,
      0.138,
      0.207,
      0.276,
      0.345,
      0.414,
      0.483,
      0.552,
      0.621,
      0.69,
      0.759,
      0.828,
      0.897,
      0.966,
      1.035,
      1.104,
      1.173,
      1.242,
      1.311,
      1.38,
      1.449,
      1.518,
      1.587,
      1.656,
      1.725,
      1.794,
      1.863,
      1.932
    ],
    "TaskName": "reward",
    "dataset": "MLS",
    "modality": "bold",
    "run_id": 1,
    "session_id": "1",
    "subject_id": "221",
    "task_id": "reward"
  },
  "dummy_trs": 0,
  "dvars_nstd": 16.52969821825504,
  "dvars_std": 1.1549209547651005,
  "dvars_vstd": 1.011322106241611,
  "efc": 0.5295745102991227,
  "fber": 1734.231689453125,
  "fd_mean": 0.12470551472868222,
  "fd_num": 21,
  "fd_perc": 14.0,
  "fwhm_avg": 2.4240838333333334,
  "fwhm_x": 2.5500832,
  "fwhm_y": 2.8380608,
  "fwhm_z": 1.8841075,
  "gcor": 0.0384429,
  "gsr_x": -0.0029591803904622793,
  "gsr_y": 0.030597804114222527,
  "provenance": {
    "md5sum": "d8dbc2d4864fc778035fb70a1c28c40c",
    "settings": {
      "fd_thres": 0.2,
      "testing": false
    },
    "software": "mriqc",
    "version": "23.1.0rc0"
  },
  "size_t": 150,
  "size_x": 64,
  "size_y": 64,
  "size_z": 29,
  "snr": 6.964369981010834,
  "spacing_tr": 1.0,
  "spacing_x": 3.125,
  "spacing_y": 3.125,
  "spacing_z": 4.0,
  "summary_bg_k": 35.43763680548948,
  "summary_bg_mad": 100.83672346434764,
  "summary_bg_mean": 124.218994140625,
  "summary_bg_median": 73.4433364868164,
  "summary_bg_n": 66952.0,
  "summary_bg_p05": 0.006666666828095913,
  "summary_bg_p95": 444.5820053100579,
  "summary_bg_stdv": 197.6031494140625,
  "summary_fg_k": 0.9486407443777165,
  "summary_fg_mad": 411.1748946110762,
  "summary_fg_mean": 3096.0859375,
  "summary_fg_median": 3097.68359375,
  "summary_fg_n": 23460.0,
  "summary_fg_p05": 2351.5322998046877,
  "summary_fg_p95": 3804.8329956054686,
  "summary_fg_stdv": 444.7807312011719,
  "tsnr": 85.90933241322637
}