{
  "aor": 0.006183333333333333,
  "aqi": 0.005972001333333333,
  "bids_meta": {
    "EchoTime": 0.0036,
    "InstitutionName": "U of M FMRI",
    "Modality": "MR",
    "PatientPosition": "HFS",
    "RepetitionTime": 2.0,
    "SliceTiming": [
      0,
      0.069,
      0.138,
      0.207,
      0.276,
      0.345,
      0.414,
      0.483,
      0.552,
      0.621,
      0.69,
      0.759,
      0.828,
      0.897,
      0.966,
      1.035,
      1.104,
      1.173,
      1.242,
      1.311,
      1.38,
      1.449,
      1.518,
      1.587,
      1.656,
      1.725,
      1.794,
      1.863,
      1.932
    ],
    "TaskName": "reward",
    "dataset": "MLS",
    "modality": "bold",
    "run_id": 2,
    "session_id": "1",
    "subject_id": "221",
    "task_id": "reward"
  },
  "dummy_trs": 0,
  "dvars_nstd": 20.813071936040277,
  "dvars_std": 1.210583004630873,
  "dvars_vstd": 1.0649018422147651,
  "efc": 0.5324096180540443,
  "fber": 1648.385009765625,
  "fd_mean": 0.2316904908411665,
  "fd_num": 64,
  "fd_perc": 42.666666666666664,
  "fwhm_avg": 2.4324639333333336,
  "fwhm_x": 2.5470176,
  "fwhm_y": 2.8644192,
  "fwhm_z": 1.885955,
  "gcor": 0.0328327,
  "gsr_x": -0.0024518955033272505,
  "gsr_y": 0.03317656368017197,
  "provenance": {
    "md5sum": "1f6e5a9b05fb132af0498e332169abcc",
    "settings": {
      "fd_thres": 0.2,
      "testing": false
    },
    "software": "mriqc",
    "version": "23.1.0rc0"
  },
  "size_t": 150,
  "size_x": 64,
  "size_y": 64,
  "size_z": 29,
  "snr": 6.860383029686519,
  "spacing_tr": 1.0,
  "spacing_x": 3.125,
  "spacing_y": 3.125,
  "spacing_z": 4.0,
  "summary_bg_k": 21.723448954979425,
  "summary_bg_mad": 107.21191010538642,
  "summary_bg_mean": 129.6702423095703,
  "summary_bg_median": 75.32666778564453,
  "summary_bg_n": 66889.0,
  "summary_bg_p05": 0.0533333346247673,
  "summary_bg_p95": 486.0973510742186,
  "summary_bg_stdv": 199.21475219726562,
  "summary_fg_k": 0.9517047942752228,
  "summary_fg_mad": 412.5340672991838,
  "summary_fg_mean": 3078.279052734375,
  "summary_fg_median": 3083.300048828125,
  "summary_fg_n": 23508.0,
  "summary_fg_p05": 2325.308386230469,
  "summary_fg_p95": 3792.657434082031,
  "summary_fg_stdv": 449.4259948730469,
  "tsnr": 69.70470312796533
}