{
  "aor": 0.00286312925170068,
  "aqi": 0.00768468455782313,
  "bids_meta": {
    "EchoTime": 0.0036,
    "InstitutionName": "U of M FMRI",
    "Modality": "MR",
    "PatientPosition": "HFS",
    "RepetitionTime": 2.0,
    "SliceTiming": [
      0,
      0.069,
      0.138,
      0.207,
      0.276,
      0.345,
      0.414,
      0.483,
      0.552,
      0.621,
      0.69,
      0.759,
      0.828,
      0.897,
      0.966,
      1.035,
      1.104,
      1.173,
      1.242,
      1.311,
      1.38,
      1.449,
      1.518,
      1.587,
      1.656,
      1.725,
      1.794,
      1.863,
      1.932
    ],
    "TaskName": "reward",
    "dataset": "MLS",
    "modality": "bold",
    "run_id": 2,
    "session_id": "1",
    "subject_id": "46",
    "task_id": "reward"
  },
  "dummy_trs": 3,
  "dvars_nstd": 19.564293495410958,
  "dvars_std": 1.1229383529452055,
  "dvars_vstd": 0.9910666663698627,
  "efc": 0.5621214163821624,
  "fber": 1126.081298828125,
  "fd_mean": 0.09902533046624737,
  "fd_num": 8,
  "fd_perc": 5.442176870748299,
  "fwhm_avg": 2.409582,
  "fwhm_x": 2.5720448,
  "fwhm_y": 2.8090911999999997,
  "fwhm_z": 1.84761,
  "gcor": 0.0414284,
  "gsr_x": 0.009447113610804081,
  "gsr_y": 0.029445404186844826,
  "provenance": {
    "md5sum": "5e4bd7553e4bd4575113fa7909c4aeca",
    "settings": {
      "fd_thres": 0.2,
      "testing": false
    },
    "software": "mriqc",
    "version": "23.1.0rc0"
  },
  "size_t": 147,
  "size_x": 64,
  "size_y": 64,
  "size_z": 29,
  "snr": 6.7979519636271055,
  "spacing_tr": 1.0,
  "spacing_x": 3.125,
  "spacing_y": 3.125,
  "spacing_z": 4.0,
  "summary_bg_k": 18.241614912895276,
  "summary_bg_mad": 119.21332378238779,
  "summary_bg_mean": 137.916015625,
  "summary_bg_median": 82.82312774658203,
  "summary_bg_n": 63583.0,
  "summary_bg_p05": 0.027210883796215057,
  "summary_bg_p95": 490.6986419677733,
  "summary_bg_stdv": 197.2542724609375,
  "summary_fg_k": 1.173511453894979,
  "summary_fg_mad": 366.1622080664714,
  "summary_fg_mean": 2781.01513671875,
  "summary_fg_median": 2782.129150390625,
  "summary_fg_n": 26147.0,
  "summary_fg_p05": 2111.26181640625,
  "summary_fg_p95": 3443.5326171874995,
  "summary_fg_stdv": 409.2520751953125,
  "tsnr": 68.84407128114253
}