{
  "aor": 0.0019141999999999996,
  "aqi": 0.006131331733333334,
  "bids_meta": {
    "EchoTime": 0.0036,
    "InstitutionName": "U of M FMRI",
    "Modality": "MR",
    "PatientPosition": "HFS",
    "RepetitionTime": 2.0,
    "SliceTiming": [
      0,
      0.069,
      0.138,
      0.207,
      0.276,
      0.345,
      0.414,
      0.483,
      0.552,
      0.621,
      0.69,
      0.759,
      0.828,
      0.897,
      0.966,
      1.035,
      1.104,
      1.173,
      1.242,
      1.311,
      1.38,
      1.449,
      1.518,
      1.587,
      1.656,
      1.725,
      1.794,
      1.863,
      1.932
    ],
    "TaskName": "reward",
    "dataset": "MLS",
    "modality": "bold",
    "run_id": 1,
    "session_id": "1",
    "subject_id": "46",
    "task_id": "reward"
  },
  "dummy_trs": 0,
  "dvars_nstd": 20.929256336711397,
  "dvars_std": 1.219403839865771,
  "dvars_vstd": 1.0154729565771812,
  "efc": 0.5636657004916599,
  "fber": 1086.8470458984375,
  "fd_mean": 0.0846489948334818,
  "fd_num": 2,
  "fd_perc": 1.3333333333333333,
  "fwhm_avg": 2.482241633333334,
  "fwhm_x": 2.6595136000000004,
  "fwhm_y": 2.8999488,
  "fwhm_z": 1.8872625,
  "gcor": 0.184407,
  "gsr_x": 0.009801202453672886,
  "gsr_y": 0.033913128077983856,
  "provenance": {
    "md5sum": "11be9d8e47b97bf708f731151fb13dc3",
    "settings": {
      "fd_thres": 0.2,
      "testing": false
    },
    "software": "mriqc",
    "version": "23.1.0rc0"
  },
  "size_t": 150,
  "size_x": 64,
  "size_y": 64,
  "size_z": 29,
  "snr": 7.024095015440827,
  "spacing_tr": 1.0,
  "spacing_x": 3.125,
  "spacing_y": 3.125,
  "spacing_z": 4.0,
  "summary_bg_k": 19.401394439477766,
  "summary_bg_mad": 119.95240892605779,
  "summary_bg_mean": 137.87010192871094,
  "summary_bg_median": 83.05333709716797,
  "summary_bg_n": 63509.0,
  "summary_bg_p05": 0.06000000238418579,
  "summary_bg_p95": 495.02401123046866,
  "summary_bg_stdv": 198.9635772705078,
  "summary_fg_k": 1.2156609181668525,
  "summary_fg_mad": 353.8873041519299,
  "summary_fg_mean": 2772.12548828125,
  "summary_fg_median": 2775.416748046875,
  "summary_fg_n": 26218.0,
  "summary_fg_p05": 2125.562463378906,
  "summary_fg_p95": 3407.812646484375,
  "summary_fg_stdv": 395.1204833984375,
  "tsnr": 65.94483270670753
}