{
  "aor": 0.008577133333333336,
  "aqi": 0.0049697866,
  "bids_meta": {
    "EchoTime": 0.0036,
    "InstitutionName": "U of M FMRI",
    "Modality": "MR",
    "PatientPosition": "HFS",
    "RepetitionTime": 2.0,
    "SliceTiming": [
      0,
      0.069,
      0.138,
      0.207,
      0.276,
      0.345,
      0.414,
      0.483,
      0.552,
      0.621,
      0.69,
      0.759,
      0.828,
      0.897,
      0.966,
      1.035,
      1.104,
      1.173,
      1.242,
      1.311,
      1.38,
      1.449,
      1.518,
      1.587,
      1.656,
      1.725,
      1.794,
      1.863,
      1.932
    ],
    "TaskName": "reward",
    "dataset": "MLS",
    "modality": "bold",
    "run_id": 2,
    "session_id": "2",
    "subject_id": "08",
    "task_id": "reward"
  },
  "dummy_trs": 0,
  "dvars_nstd": 18.181719120469797,
  "dvars_std": 1.1844934148993285,
  "dvars_vstd": 1.0910276960402692,
  "efc": 0.5811309511876771,
  "fber": 761.8546142578125,
  "fd_mean": 0.08579745772750277,
  "fd_num": 8,
  "fd_perc": 5.333333333333333,
  "fwhm_avg": 2.5221345666666664,
  "fwhm_x": 2.6480064,
  "fwhm_y": 2.9984447999999997,
  "fwhm_z": 1.9199525,
  "gcor": 0.0728544,
  "gsr_x": 0.0016362805617973208,
  "gsr_y": 0.04102425277233124,
  "provenance": {
    "md5sum": "624ce8e92c9250b0922402b9c4aa1a98",
    "settings": {
      "fd_thres": 0.2,
      "testing": false
    },
    "software": "mriqc",
    "version": "23.1.0rc0"
  },
  "size_t": 150,
  "size_x": 64,
  "size_y": 64,
  "size_z": 29,
  "snr": 6.231322154116247,
  "spacing_tr": 1.0,
  "spacing_x": 3.125,
  "spacing_y": 3.125,
  "spacing_z": 4.0,
  "summary_bg_k": 12.873089563922784,
  "summary_bg_mad": 160.37803204484456,
  "summary_bg_mean": 181.2550048828125,
  "summary_bg_median": 109.74000549316406,
  "summary_bg_n": 62128.0,
  "summary_bg_p05": 0.08666666597127914,
  "summary_bg_p95": 651.784677124022,
  "summary_bg_stdv": 240.7117462158203,
  "summary_fg_k": 0.8776132635359617,
  "summary_fg_mad": 459.5277797085056,
  "summary_fg_mean": 3089.208984375,
  "summary_fg_median": 3102.606689453125,
  "summary_fg_n": 27443.0,
  "summary_fg_p05": 2285.59140625,
  "summary_fg_p95": 3911.2693115234365,
  "summary_fg_stdv": 497.8959655761719,
  "tsnr": 70.46515675541013
}