{
  "aor": 0.0008745333333333334,
  "aqi": 0.012142085,
  "bids_meta": {
    "EchoTime": 0.0036,
    "InstitutionName": "U of M FMRI",
    "Modality": "MR",
    "PatientPosition": "HFS",
    "RepetitionTime": 2.0,
    "SliceTiming": [
      0,
      0.069,
      0.138,
      0.207,
      0.276,
      0.345,
      0.414,
      0.483,
      0.552,
      0.621,
      0.69,
      0.759,
      0.828,
      0.897,
      0.966,
      1.035,
      1.104,
      1.173,
      1.242,
      1.311,
      1.38,
      1.449,
      1.518,
      1.587,
      1.656,
      1.725,
      1.794,
      1.863,
      1.932
    ],
    "TaskName": "reward",
    "dataset": "MLS",
    "modality": "bold",
    "run_id": 2,
    "session_id": "2",
    "subject_id": "87",
    "task_id": "reward"
  },
  "dummy_trs": 0,
  "dvars_nstd": 19.051018670134226,
  "dvars_std": 0.9646311765100666,
  "dvars_vstd": 0.9254281622147651,
  "efc": 0.5684736290746955,
  "fber": 799.4493408203125,
  "fd_mean": 0.09182440809906853,
  "fd_num": 2,
  "fd_perc": 1.3333333333333333,
  "fwhm_avg": 2.6562829999999997,
  "fwhm_x": 2.783248,
  "fwhm_y": 3.153536,
  "fwhm_z": 2.032065,
  "gcor": 0.0396961,
  "gsr_x": 0.005976659245789051,
  "gsr_y": 0.042399678379297256,
  "provenance": {
    "md5sum": "66447c7b8022ebabcfb0680197aa79a1",
    "settings": {
      "fd_thres": 0.2,
      "testing": false
    },
    "software": "mriqc",
    "version": "23.1.0rc0"
  },
  "size_t": 150,
  "size_x": 64,
  "size_y": 64,
  "size_z": 29,
  "snr": 6.317363572377687,
  "spacing_tr": 1.0,
  "spacing_x": 3.125,
  "spacing_y": 3.125,
  "spacing_z": 4.0,
  "summary_bg_k": 25.978788637511535,
  "summary_bg_mad": 96.39879533525605,
  "summary_bg_mean": 114.68003845214844,
  "summary_bg_median": 65.63999938964844,
  "summary_bg_n": 64351.0,
  "summary_bg_p05": 0.006666666828095913,
  "summary_bg_p95": 367.86334228515625,
  "summary_bg_stdv": 163.9296417236328,
  "summary_fg_k": 0.6012834598282137,
  "summary_fg_mad": 281.7735105260115,
  "summary_fg_mean": 1925.8668212890625,
  "summary_fg_median": 1912.84326171875,
  "summary_fg_n": 25172.0,
  "summary_fg_p05": 1462.9280334472655,
  "summary_fg_p95": 2449.666430664062,
  "summary_fg_stdv": 302.7853698730469,
  "tsnr": 51.65483370074071
}