{
  "aor": 0.0013144666666666668,
  "aqi": 0.006831345333333332,
  "bids_meta": {
    "EchoTime": 0.0036,
    "InstitutionName": "U of M FMRI",
    "Modality": "MR",
    "PatientPosition": "HFS",
    "RepetitionTime": 2.0,
    "SliceTiming": [
      0,
      0.069,
      0.138,
      0.207,
      0.276,
      0.345,
      0.414,
      0.483,
      0.552,
      0.621,
      0.69,
      0.759,
      0.828,
      0.897,
      0.966,
      1.035,
      1.104,
      1.173,
      1.242,
      1.311,
      1.38,
      1.449,
      1.518,
      1.587,
      1.656,
      1.725,
      1.794,
      1.863,
      1.932
    ],
    "TaskName": "reward",
    "dataset": "MLS",
    "modality": "bold",
    "run_id": 1,
    "session_id": "2",
    "subject_id": "87",
    "task_id": "reward"
  },
  "dummy_trs": 0,
  "dvars_nstd": 19.67826617966442,
  "dvars_std": 1.0705251219463086,
  "dvars_vstd": 0.9877241877181211,
  "efc": 0.5687675850159278,
  "fber": 811.4619750976562,
  "fd_mean": 0.08350117644355318,
  "fd_num": 5,
  "fd_perc": 3.3333333333333335,
  "fwhm_avg": 2.618912733333333,
  "fwhm_x": 2.751248,
  "fwhm_y": 3.0853952,
  "fwhm_z": 2.020095,
  "gcor": 0.0377548,
  "gsr_x": 0.005757945589721203,
  "gsr_y": 0.04220783710479736,
  "provenance": {
    "md5sum": "1a4b668351fe3e524701df7cc71edc3e",
    "settings": {
      "fd_thres": 0.2,
      "testing": false
    },
    "software": "mriqc",
    "version": "23.1.0rc0"
  },
  "size_t": 150,
  "size_x": 64,
  "size_y": 64,
  "size_z": 29,
  "snr": 6.203645261444047,
  "spacing_tr": 1.0,
  "spacing_x": 3.125,
  "spacing_y": 3.125,
  "spacing_z": 4.0,
  "summary_bg_k": 26.18438235091549,
  "summary_bg_mad": 95.40051432830067,
  "summary_bg_mean": 113.44221496582031,
  "summary_bg_median": 64.94000244140625,
  "summary_bg_n": 64182.0,
  "summary_bg_p05": 0.006666666828095913,
  "summary_bg_p95": 363.91834716796865,
  "summary_bg_stdv": 162.0026092529297,
  "summary_fg_k": 0.7068004831986419,
  "summary_fg_mad": 281.6251960096461,
  "summary_fg_mean": 1915.79833984375,
  "summary_fg_median": 1901.9200439453125,
  "summary_fg_n": 25284.0,
  "summary_fg_p05": 1447.6409912109375,
  "summary_fg_p95": 2446.426000976562,
  "summary_fg_stdv": 306.5749816894531,
  "tsnr": 62.169946149224415
}