{
  "aor": 0.0007296000000000001,
  "aqi": 0.0055705116666666665,
  "bids_meta": {
    "EchoTime": 0.0036,
    "InstitutionName": "U of M FMRI",
    "Modality": "MR",
    "PatientPosition": "HFS",
    "RepetitionTime": 2.0,
    "SliceTiming": [
      0,
      0.069,
      0.138,
      0.207,
      0.276,
      0.345,
      0.414,
      0.483,
      0.552,
      0.621,
      0.69,
      0.759,
      0.828,
      0.897,
      0.966,
      1.035,
      1.104,
      1.173,
      1.242,
      1.311,
      1.38,
      1.449,
      1.518,
      1.587,
      1.656,
      1.725,
      1.794,
      1.863,
      1.932
    ],
    "TaskName": "reward",
    "dataset": "MLS",
    "modality": "bold",
    "run_id": 1,
    "session_id": "2",
    "subject_id": "238",
    "task_id": "reward"
  },
  "dummy_trs": 0,
  "dvars_nstd": 16.613301846711405,
  "dvars_std": 1.0792606551006707,
  "dvars_vstd": 0.9813437617449663,
  "efc": 0.5348341938159722,
  "fber": 931.6404418945312,
  "fd_mean": 0.06360248998885111,
  "fd_num": 2,
  "fd_perc": 1.3333333333333333,
  "fwhm_avg": 2.2606978333333334,
  "fwhm_x": 2.3843328,
  "fwhm_y": 2.5470432,
  "fwhm_z": 1.8507175,
  "gcor": 0.0404617,
  "gsr_x": 0.00849569495767355,
  "gsr_y": 0.02427195943892002,
  "provenance": {
    "md5sum": "2cb35afca8ce63e84b197483dea8c671",
    "settings": {
      "fd_thres": 0.2,
      "testing": false
    },
    "software": "mriqc",
    "version": "23.1.0rc0"
  },
  "size_t": 150,
  "size_x": 64,
  "size_y": 64,
  "size_z": 29,
  "snr": 8.978823331431911,
  "spacing_tr": 1.0,
  "spacing_x": 3.125,
  "spacing_y": 3.125,
  "spacing_z": 4.0,
  "summary_bg_k": 15.78864951230268,
  "summary_bg_mad": 351.38663453478557,
  "summary_bg_mean": 390.23724365234375,
  "summary_bg_median": 263.0333251953125,
  "summary_bg_n": 68747.0,
  "summary_bg_p05": 0.06000000238418579,
  "summary_bg_p95": 1294.5060546874997,
  "summary_bg_stdv": 514.0701293945312,
  "summary_fg_k": 1.2253287282834728,
  "summary_fg_mad": 845.6566146248808,
  "summary_fg_mean": 8053.07275390625,
  "summary_fg_median": 8082.4833984375,
  "summary_fg_n": 22450.0,
  "summary_fg_p05": 6564.334423828125,
  "summary_fg_p95": 9460.12392578125,
  "summary_fg_stdv": 900.1517333984375,
  "tsnr": 87.04208473395556
}