{
  "aor": 0.008650200000000002,
  "aqi": 0.008537193133333334,
  "bids_meta": {
    "EchoTime": 0.0036,
    "InstitutionName": "U of M FMRI",
    "Modality": "MR",
    "PatientPosition": "HFS",
    "RepetitionTime": 2.0,
    "SliceTiming": [
      0,
      0.069,
      0.138,
      0.207,
      0.276,
      0.345,
      0.414,
      0.483,
      0.552,
      0.621,
      0.69,
      0.759,
      0.828,
      0.897,
      0.966,
      1.035,
      1.104,
      1.173,
      1.242,
      1.311,
      1.38,
      1.449,
      1.518,
      1.587,
      1.656,
      1.725,
      1.794,
      1.863,
      1.932
    ],
    "TaskName": "reward",
    "dataset": "MLS",
    "modality": "bold",
    "run_id": 2,
    "session_id": "2",
    "subject_id": "238",
    "task_id": "reward"
  },
  "dummy_trs": 0,
  "dvars_nstd": 17.682111471073824,
  "dvars_std": 1.158918075503356,
  "dvars_vstd": 1.0920401687919472,
  "efc": 0.537120369616293,
  "fber": 906.2157592773438,
  "fd_mean": 0.13060249305107555,
  "fd_num": 17,
  "fd_perc": 11.333333333333334,
  "fwhm_avg": 2.2364885,
  "fwhm_x": 2.3704608,
  "fwhm_y": 2.4985472,
  "fwhm_z": 1.8404575,
  "gcor": 0.042698,
  "gsr_x": 0.0066282013431191444,
  "gsr_y": 0.02165396139025688,
  "provenance": {
    "md5sum": "5a0305b7580fa5005e695aa34c3d2209",
    "settings": {
      "fd_thres": 0.2,
      "testing": false
    },
    "software": "mriqc",
    "version": "23.1.0rc0"
  },
  "size_t": 150,
  "size_x": 64,
  "size_y": 64,
  "size_z": 29,
  "snr": 8.769602772893219,
  "spacing_tr": 1.0,
  "spacing_x": 3.125,
  "spacing_y": 3.125,
  "spacing_z": 4.0,
  "summary_bg_k": 15.031769090561024,
  "summary_bg_mad": 357.74203372370124,
  "summary_bg_mean": 403.29803466796875,
  "summary_bg_median": 266.8133544921875,
  "summary_bg_n": 68899.0,
  "summary_bg_p05": 0.19333334267139435,
  "summary_bg_p95": 1368.7080078125,
  "summary_bg_stdv": 540.7445068359375,
  "summary_fg_k": 1.4592800210105166,
  "summary_fg_mad": 858.8024025574215,
  "summary_fg_mean": 8061.26611328125,
  "summary_fg_median": 8105.8935546875,
  "summary_fg_n": 22343.0,
  "summary_fg_p05": 6514.08671875,
  "summary_fg_p95": 9474.370410156249,
  "summary_fg_stdv": 924.29638671875,
  "tsnr": 70.88451667700429
}