{
  "aor": 0.00111,
  "aqi": 0.003077474,
  "bids_meta": {
    "EchoTime": 0.0036,
    "InstitutionName": "U of M FMRI",
    "Modality": "MR",
    "PatientPosition": "HFS",
    "RepetitionTime": 2.0,
    "SliceTiming": [
      0,
      0.069,
      0.138,
      0.207,
      0.276,
      0.345,
      0.414,
      0.483,
      0.552,
      0.621,
      0.69,
      0.759,
      0.828,
      0.897,
      0.966,
      1.035,
      1.104,
      1.173,
      1.242,
      1.311,
      1.38,
      1.449,
      1.518,
      1.587,
      1.656,
      1.725,
      1.794,
      1.863,
      1.932
    ],
    "TaskName": "reward",
    "dataset": "MLS",
    "modality": "bold",
    "run_id": 1,
    "session_id": "3",
    "subject_id": "44",
    "task_id": "reward"
  },
  "dummy_trs": 0,
  "dvars_nstd": 16.334416882214768,
  "dvars_std": 1.1482681365100675,
  "dvars_vstd": 1.0155098851006712,
  "efc": 0.5289962373101734,
  "fber": 1322.7337646484375,
  "fd_mean": 0.06622590885272946,
  "fd_num": 3,
  "fd_perc": 2.0,
  "fwhm_avg": 2.3857275999999996,
  "fwhm_x": 2.49744,
  "fwhm_y": 2.8176927999999997,
  "fwhm_z": 1.84205,
  "gcor": 0.0574016,
  "gsr_x": -0.0005634723347611725,
  "gsr_y": 0.027689240872859955,
  "provenance": {
    "md5sum": "e5ff186a4f26633078cd7491bbbb04d7",
    "settings": {
      "fd_thres": 0.2,
      "testing": false
    },
    "software": "mriqc",
    "version": "23.1.0rc0"
  },
  "size_t": 150,
  "size_x": 64,
  "size_y": 64,
  "size_z": 29,
  "snr": 6.815806255088328,
  "spacing_tr": 1.0,
  "spacing_x": 3.125,
  "spacing_y": 3.125,
  "spacing_z": 4.0,
  "summary_bg_k": 22.965942830006078,
  "summary_bg_mad": 106.01594669353346,
  "summary_bg_mean": 116.20204162597656,
  "summary_bg_median": 73.12000274658203,
  "summary_bg_n": 67809.0,
  "summary_bg_p05": 0.006666666828095913,
  "summary_bg_p95": 379.32000732421875,
  "summary_bg_stdv": 166.02577209472656,
  "summary_fg_k": 1.326565678728275,
  "summary_fg_mad": 350.26006859732917,
  "summary_fg_mean": 2679.1728515625,
  "summary_fg_median": 2688.246826171875,
  "summary_fg_n": 22953.0,
  "summary_fg_p05": 2051.786767578125,
  "summary_fg_p95": 3319.32939453125,
  "summary_fg_stdv": 394.405029296875,
  "tsnr": 91.56531648524106
}