{
  "aor": 0.003264,
  "aqi": 0.011858038666666666,
  "bids_meta": {
    "EchoTime": 0.0036,
    "InstitutionName": "U of M FMRI",
    "Modality": "MR",
    "PatientPosition": "HFS",
    "RepetitionTime": 2.0,
    "SliceTiming": [
      0,
      0.069,
      0.138,
      0.207,
      0.276,
      0.345,
      0.414,
      0.483,
      0.552,
      0.621,
      0.69,
      0.759,
      0.828,
      0.897,
      0.966,
      1.035,
      1.104,
      1.173,
      1.242,
      1.311,
      1.38,
      1.449,
      1.518,
      1.587,
      1.656,
      1.725,
      1.794,
      1.863,
      1.932
    ],
    "TaskName": "reward",
    "dataset": "MLS",
    "modality": "bold",
    "run_id": 1,
    "session_id": "1",
    "subject_id": "91",
    "task_id": "reward"
  },
  "dummy_trs": 0,
  "dvars_nstd": 23.921757537852358,
  "dvars_std": 0.9987419990604021,
  "dvars_vstd": 0.9161595065771809,
  "efc": 0.55437010920258,
  "fber": 651.5504760742188,
  "fd_mean": 0.2723068332053986,
  "fd_num": 88,
  "fd_perc": 58.666666666666664,
  "fwhm_avg": 2.928179533333333,
  "fwhm_x": 3.0511776,
  "fwhm_y": 3.5192959999999998,
  "fwhm_z": 2.214065,
  "gcor": 0.0131753,
  "gsr_x": 0.0019625623244792223,
  "gsr_y": 0.05721677467226982,
  "provenance": {
    "md5sum": "1fbd51f768eb29f6ee2553367cfe4042",
    "settings": {
      "fd_thres": 0.2,
      "testing": false
    },
    "software": "mriqc",
    "version": "23.1.0rc0"
  },
  "size_t": 150,
  "size_x": 64,
  "size_y": 64,
  "size_z": 29,
  "snr": 5.430850787673762,
  "spacing_tr": 1.0,
  "spacing_x": 3.125,
  "spacing_y": 3.125,
  "spacing_z": 4.0,
  "summary_bg_k": 25.71950224157282,
  "summary_bg_mad": 191.55221907341675,
  "summary_bg_mean": 209.2776336669922,
  "summary_bg_median": 136.7533416748047,
  "summary_bg_n": 66019.0,
  "summary_bg_p05": 0.3733333349227905,
  "summary_bg_p95": 696.8893737792964,
  "summary_bg_stdv": 283.1731262207031,
  "summary_fg_k": 0.09589654150843518,
  "summary_fg_mad": 657.7219429285734,
  "summary_fg_mean": 3599.07666015625,
  "summary_fg_median": 3588.2333984375,
  "summary_fg_n": 23757.0,
  "summary_fg_p05": 2548.566796875,
  "summary_fg_p95": 4726.8375,
  "summary_fg_stdv": 660.6990356445312,
  "tsnr": 45.58605518541299
}