{
  "aor": 0.0009291333333333334,
  "aqi": 0.0194446936,
  "bids_meta": {
    "EchoTime": 0.0036,
    "InstitutionName": "U of M FMRI",
    "Modality": "MR",
    "PatientPosition": "HFS",
    "RepetitionTime": 2.0,
    "SliceTiming": [
      0,
      0.069,
      0.138,
      0.207,
      0.276,
      0.345,
      0.414,
      0.483,
      0.552,
      0.621,
      0.69,
      0.759,
      0.828,
      0.897,
      0.966,
      1.035,
      1.104,
      1.173,
      1.242,
      1.311,
      1.38,
      1.449,
      1.518,
      1.587,
      1.656,
      1.725,
      1.794,
      1.863,
      1.932
    ],
    "TaskName": "reward",
    "dataset": "MLS",
    "modality": "bold",
    "run_id": 2,
    "session_id": "1",
    "subject_id": "60",
    "task_id": "reward"
  },
  "dummy_trs": 0,
  "dvars_nstd": 21.84972473738254,
  "dvars_std": 0.9926384077852353,
  "dvars_vstd": 0.9160511608724831,
  "efc": 0.615661226321923,
  "fber": 464.838134765625,
  "fd_mean": 0.10275112305979771,
  "fd_num": 5,
  "fd_perc": 3.3333333333333335,
  "fwhm_avg": 2.1297451333333335,
  "fwhm_x": 2.2765984,
  "fwhm_y": 2.475072,
  "fwhm_z": 1.637565,
  "gcor": 0.00736723,
  "gsr_x": 0.015890683978796005,
  "gsr_y": 0.036590926349163055,
  "provenance": {
    "md5sum": "028a1f224f52f76b0ab8bfa7da3e5b43",
    "settings": {
      "fd_thres": 0.2,
      "testing": false
    },
    "software": "mriqc",
    "version": "23.1.0rc0"
  },
  "size_t": 150,
  "size_x": 64,
  "size_y": 64,
  "size_z": 29,
  "snr": 7.058528570524439,
  "spacing_tr": 1.0,
  "spacing_x": 3.125,
  "spacing_y": 3.125,
  "spacing_z": 4.0,
  "summary_bg_k": 10.425315404892862,
  "summary_bg_mad": 170.0791886117173,
  "summary_bg_mean": 209.3660888671875,
  "summary_bg_median": 115.87000274658203,
  "summary_bg_n": 59152.0,
  "summary_bg_p05": 0.02666666731238365,
  "summary_bg_p95": 756.2850067138669,
  "summary_bg_stdv": 281.79931640625,
  "summary_fg_k": 1.8511512957357388,
  "summary_fg_mad": 315.3544869715066,
  "summary_fg_mean": 2608.087158203125,
  "summary_fg_median": 2574.4033203125,
  "summary_fg_n": 29028.0,
  "summary_fg_p05": 2094.1636352539062,
  "summary_fg_p95": 3243.642834472656,
  "summary_fg_stdv": 364.7160949707031,
  "tsnr": 48.110462123469915
}