{
  "aor": 0.005016466666666667,
  "aqi": 0.004992193266666667,
  "bids_meta": {
    "EchoTime": 0.0036,
    "InstitutionName": "U of M FMRI",
    "Modality": "MR",
    "PatientPosition": "HFS",
    "RepetitionTime": 2.0,
    "SliceTiming": [
      0,
      0.069,
      0.138,
      0.207,
      0.276,
      0.345,
      0.414,
      0.483,
      0.552,
      0.621,
      0.69,
      0.759,
      0.828,
      0.897,
      0.966,
      1.035,
      1.104,
      1.173,
      1.242,
      1.311,
      1.38,
      1.449,
      1.518,
      1.587,
      1.656,
      1.725,
      1.794,
      1.863,
      1.932
    ],
    "TaskName": "reward",
    "dataset": "MLS",
    "modality": "bold",
    "run_id": 2,
    "session_id": "2",
    "subject_id": "16",
    "task_id": "reward"
  },
  "dummy_trs": 0,
  "dvars_nstd": 16.559823362214757,
  "dvars_std": 1.0540054177852345,
  "dvars_vstd": 1.0068638205369125,
  "efc": 0.5374052322617561,
  "fber": 981.4697875976562,
  "fd_mean": 0.17205342394286294,
  "fd_num": 31,
  "fd_perc": 20.666666666666668,
  "fwhm_avg": 2.7771486000000003,
  "fwhm_x": 2.9078208,
  "fwhm_y": 3.2680000000000002,
  "fwhm_z": 2.155625,
  "gcor": 0.0165458,
  "gsr_x": 0.011850827373564243,
  "gsr_y": 0.03271637484431267,
  "provenance": {
    "md5sum": "9e1d292e4deb77b44a3c3283336cab22",
    "settings": {
      "fd_thres": 0.2,
      "testing": false
    },
    "software": "mriqc",
    "version": "23.1.0rc0"
  },
  "size_t": 150,
  "size_x": 64,
  "size_y": 64,
  "size_z": 29,
  "snr": 5.8240155984420126,
  "spacing_tr": 1.0,
  "spacing_x": 3.125,
  "spacing_y": 3.125,
  "spacing_z": 4.0,
  "summary_bg_k": 17.34580744867377,
  "summary_bg_mad": 153.90399386206948,
  "summary_bg_mean": 174.3359832763672,
  "summary_bg_median": 110.6066665649414,
  "summary_bg_n": 67472.0,
  "summary_bg_p05": 0.07999999821186066,
  "summary_bg_p95": 570.8923339843748,
  "summary_bg_stdv": 227.80999755859375,
  "summary_fg_k": 0.2357349768250021,
  "summary_fg_mad": 588.5684672333308,
  "summary_fg_mean": 3521.30908203125,
  "summary_fg_median": 3523.033447265625,
  "summary_fg_n": 23082.0,
  "summary_fg_p05": 2547.7080322265624,
  "summary_fg_p95": 4535.860864257813,
  "summary_fg_stdv": 604.9017333984375,
  "tsnr": 67.12133212387562
}