{
  "bids_meta": {
    "AcquisitionMatrixPE": 160,
    "CoilString": "HEAD",
    "EchoTime": 0.001784,
    "FlipAngle": 15,
    "ImageType": [
      "ORIGINAL",
      "PRIMARY",
      "OTHER"
    ],
    "InPlanePhaseEncodingDirectionDICOM": "ROW",
    "InstitutionName": "U of M FMRi",
    "InversionTime": 0.4,
    "MRAcquisitionType": "3D",
    "Modality": "MR",
    "PatientPosition": "HFS",
    "PercentPhaseFOV": 100,
    "PercentSampling": 100,
    "ReconMatrixPE": 256,
    "RepetitionTime": 0.008948,
    "SAR": 0.017417,
    "ScanningSequence": "GR",
    "SeriesDescription": "3d spgr IR axial",
    "dataset": "MLS",
    "modality": "T1w",
    "session_id": "2",
    "subject_id": "64"
  },
  "cjv": 0.35739105554014283,
  "cnr": 3.891201905751109,
  "efc": 0.7084448587955906,
  "fber": -1.0,
  "fwhm_avg": 4.792219066913396,
  "fwhm_x": 5.23791,
  "fwhm_y": 5.73984,
  "fwhm_z": 3.3989072007401875,
  "icvs_csf": 0.23209582422900643,
  "icvs_gm": 0.4138820627030445,
  "icvs_wm": 0.35402211306794906,
  "inu_med": 0.6402266323566437,
  "inu_range": 0.35160598456859593,
  "provenance": {
    "md5sum": "4cfa4a3d79ae8d8515c2af52bbc0b44e",
    "settings": {
      "testing": false
    },
    "software": "mriqc",
    "version": "23.1.0rc0",
    "warnings": {
      "large_rot_frame": true,
      "small_air_mask": false
    }
  },
  "qi_1": 0.0,
  "qi_2": 0.001589756673257273,
  "rpve_csf": 12.230356553106622,
  "rpve_gm": 6.804922859345017,
  "rpve_wm": 9.409226254947912,
  "size_x": 202,
  "size_y": 207,
  "size_z": 116,
  "snr_csf": 2.57867278043014,
  "snr_gm": 12.323983786424174,
  "snr_total": 11.569925409350743,
  "snr_wm": 19.807119661197913,
  "snrd_csf": 12.441837954509332,
  "snrd_gm": 32.790479347163384,
  "snrd_total": 30.703902700204537,
  "snrd_wm": 46.87939079894089,
  "spacing_x": 1.0,
  "spacing_y": 1.0,
  "spacing_z": 1.399999976158142,
  "summary_bg_k": 9.3241696412001,
  "summary_bg_mad": 0.0,
  "summary_bg_mean": 8.238652817970529,
  "summary_bg_median": 0.0,
  "summary_bg_n": 597477.0,
  "summary_bg_p05": 0.0,
  "summary_bg_p95": 36.97319012135267,
  "summary_bg_stdv": 13.975568659549902,
  "summary_csf_k": 107.32908328027825,
  "summary_csf_mad": 63.12308819220779,
  "summary_csf_mean": 280.4140352558787,
  "summary_csf_median": 265.4130660183728,
  "summary_csf_n": 28674.0,
  "summary_csf_p05": 173.780798451975,
  "summary_csf_p95": 426.12168688327074,
  "summary_csf_stdv": 102.92443456901962,
  "summary_gm_k": -0.0478589518600776,
  "summary_gm_mad": 58.246770777253005,
  "summary_gm_mean": 696.3605464612563,
  "summary_gm_median": 699.496464394033,
  "summary_gm_n": 10285.0,
  "summary_gm_p05": 599.1017775982618,
  "summary_gm_p95": 783.6410938873887,
  "summary_gm_stdv": 56.756197511073026,
  "summary_wm_k": 0.4999918337753173,
  "summary_wm_mad": 49.16673145285444,
  "summary_wm_mean": 1004.3194181202961,
  "summary_wm_median": 1000.0454024970531,
  "summary_wm_n": 123254.0,
  "summary_wm_p05": 929.4402191285044,
  "summary_wm_p95": 1093.0908171460032,
  "summary_wm_stdv": 50.48898389805987,
  "tpm_overlap_csf": 0.17752525988417378,
  "tpm_overlap_gm": 0.44690793978550175,
  "tpm_overlap_wm": 0.482172226962146,
  "wm2max": 0.368647256551332
}