{
  "aor": 0.01601978417266187,
  "aqi": 0.023773198705035973,
  "bids_meta": {
    "EchoTime": 0.0036,
    "InstitutionName": "U of M FMRI",
    "Modality": "MR",
    "PatientPosition": "HFS",
    "RepetitionTime": 2.0,
    "SliceTiming": [
      0,
      0.069,
      0.138,
      0.207,
      0.276,
      0.345,
      0.414,
      0.483,
      0.552,
      0.621,
      0.69,
      0.759,
      0.828,
      0.897,
      0.966,
      1.035,
      1.104,
      1.173,
      1.242,
      1.311,
      1.38,
      1.449,
      1.518,
      1.587,
      1.656,
      1.725,
      1.794,
      1.863,
      1.932
    ],
    "TaskName": "reward",
    "dataset": "MLS",
    "modality": "bold",
    "run_id": 1,
    "session_id": "2",
    "subject_id": "153",
    "task_id": "reward"
  },
  "dummy_trs": 11,
  "dvars_nstd": 18.90522256094203,
  "dvars_std": 0.8438789728260868,
  "dvars_vstd": 0.8698033491304349,
  "efc": 0.5528460122096902,
  "fber": 1766.71630859375,
  "fd_mean": 0.16100492856470253,
  "fd_num": 14,
  "fd_perc": 10.071942446043165,
  "fwhm_avg": 2.5148912666666665,
  "fwhm_x": 2.6547039999999997,
  "fwhm_y": 2.9870048000000002,
  "fwhm_z": 1.902965,
  "gcor": 0.0120475,
  "gsr_x": 0.018189406022429466,
  "gsr_y": 0.04889872670173645,
  "provenance": {
    "md5sum": "96e16a5b35bf243a109e89b0f279d869",
    "settings": {
      "fd_thres": 0.2,
      "testing": false
    },
    "software": "mriqc",
    "version": "23.1.0rc0"
  },
  "size_t": 139,
  "size_x": 64,
  "size_y": 64,
  "size_z": 29,
  "snr": 6.696356094613346,
  "spacing_tr": 1.0,
  "spacing_x": 3.125,
  "spacing_y": 3.125,
  "spacing_z": 4.0,
  "summary_bg_k": 15.923277019625914,
  "summary_bg_mad": 106.58737401622729,
  "summary_bg_mean": 137.1626434326172,
  "summary_bg_median": 73.12950134277344,
  "summary_bg_n": 64870.0,
  "summary_bg_p05": 0.12949641048908234,
  "summary_bg_p95": 451.70576782226556,
  "summary_bg_stdv": 176.9017791748047,
  "summary_fg_k": 1.6634102884501338,
  "summary_fg_mad": 383.4392656330242,
  "summary_fg_mean": 3043.67724609375,
  "summary_fg_median": 3044.18359375,
  "summary_fg_n": 25576.0,
  "summary_fg_p05": 2310.5899658203125,
  "summary_fg_p95": 3782.6692504882812,
  "summary_fg_stdv": 454.5941162109375,
  "tsnr": 45.286616195808165
}