{
  "aor": 0.0023933999999999995,
  "aqi": 0.008896166666666667,
  "bids_meta": {
    "EchoTime": 0.0036,
    "InstitutionName": "U of M FMRI",
    "Modality": "MR",
    "PatientPosition": "HFS",
    "RepetitionTime": 2.0,
    "SliceTiming": [
      0,
      0.069,
      0.138,
      0.207,
      0.276,
      0.345,
      0.414,
      0.483,
      0.552,
      0.621,
      0.69,
      0.759,
      0.828,
      0.897,
      0.966,
      1.035,
      1.104,
      1.173,
      1.242,
      1.311,
      1.38,
      1.449,
      1.518,
      1.587,
      1.656,
      1.725,
      1.794,
      1.863,
      1.932
    ],
    "TaskName": "reward",
    "dataset": "MLS",
    "modality": "bold",
    "run_id": 2,
    "session_id": "2",
    "subject_id": "153",
    "task_id": "reward"
  },
  "dummy_trs": 0,
  "dvars_nstd": 17.119049302953016,
  "dvars_std": 1.0045969363758385,
  "dvars_vstd": 0.9579107590604033,
  "efc": 0.5468107311856997,
  "fber": 2141.828857421875,
  "fd_mean": 0.12234305288823169,
  "fd_num": 16,
  "fd_perc": 10.666666666666666,
  "fwhm_avg": 2.4082536,
  "fwhm_x": 2.545696,
  "fwhm_y": 2.8638848,
  "fwhm_z": 1.81518,
  "gcor": 0.0118868,
  "gsr_x": 0.020492393523454666,
  "gsr_y": 0.04881691187620163,
  "provenance": {
    "md5sum": "0fcc2c9b7a814e7d52d407a05aa2357e",
    "settings": {
      "fd_thres": 0.2,
      "testing": false
    },
    "software": "mriqc",
    "version": "23.1.0rc0"
  },
  "size_t": 150,
  "size_x": 64,
  "size_y": 64,
  "size_z": 29,
  "snr": 6.647612546941186,
  "spacing_tr": 1.0,
  "spacing_x": 3.125,
  "spacing_y": 3.125,
  "spacing_z": 4.0,
  "summary_bg_k": 17.102069107781208,
  "summary_bg_mad": 97.49591887020992,
  "summary_bg_mean": 132.61557006835938,
  "summary_bg_median": 66.63333129882812,
  "summary_bg_n": 65526.0,
  "summary_bg_p05": 0.14000000059604645,
  "summary_bg_p95": 453.76334381103516,
  "summary_bg_stdv": 174.104736328125,
  "summary_fg_k": 1.9261229521318848,
  "summary_fg_mad": 392.75095590943187,
  "summary_fg_mean": 3084.32958984375,
  "summary_fg_median": 3083.573486328125,
  "summary_fg_n": 25309.0,
  "summary_fg_p05": 2336.36943359375,
  "summary_fg_p95": 3822.43740234375,
  "summary_fg_stdv": 463.8526306152344,
  "tsnr": 64.54196993331425
}