{
  "aor": 0.002227533333333333,
  "aqi": 0.0093224498,
  "bids_meta": {
    "EchoTime": 0.0036,
    "InstitutionName": "U of M FMRI",
    "Modality": "MR",
    "PatientPosition": "HFS",
    "RepetitionTime": 2.0,
    "SliceTiming": [
      0,
      0.069,
      0.138,
      0.207,
      0.276,
      0.345,
      0.414,
      0.483,
      0.552,
      0.621,
      0.69,
      0.759,
      0.828,
      0.897,
      0.966,
      1.035,
      1.104,
      1.173,
      1.242,
      1.311,
      1.38,
      1.449,
      1.518,
      1.587,
      1.656,
      1.725,
      1.794,
      1.863,
      1.932
    ],
    "TaskName": "reward",
    "dataset": "MLS",
    "modality": "bold",
    "run_id": 1,
    "session_id": "1",
    "subject_id": "119",
    "task_id": "reward"
  },
  "dummy_trs": 0,
  "dvars_nstd": 22.164147991275154,
  "dvars_std": 1.16844005080537,
  "dvars_vstd": 1.0323802425503354,
  "efc": 0.5811188267933182,
  "fber": 1202.8394775390625,
  "fd_mean": 0.15163346189387542,
  "fd_num": 29,
  "fd_perc": 19.333333333333332,
  "fwhm_avg": 2.1288834333333333,
  "fwhm_x": 2.210672,
  "fwhm_y": 2.5172608,
  "fwhm_z": 1.6587175,
  "gcor": 0.0342734,
  "gsr_x": 0.015262207016348839,
  "gsr_y": 0.03717147186398506,
  "provenance": {
    "md5sum": "f96822028287aab70532dcff21124cf4",
    "settings": {
      "fd_thres": 0.2,
      "testing": false
    },
    "software": "mriqc",
    "version": "23.1.0rc0"
  },
  "size_t": 150,
  "size_x": 64,
  "size_y": 64,
  "size_z": 29,
  "snr": 8.494453774038769,
  "spacing_tr": 1.0,
  "spacing_x": 3.125,
  "spacing_y": 3.125,
  "spacing_z": 4.0,
  "summary_bg_k": 18.077597291048548,
  "summary_bg_mad": 124.66708266596032,
  "summary_bg_mean": 167.51513671875,
  "summary_bg_median": 85.51333618164062,
  "summary_bg_n": 61675.0,
  "summary_bg_p05": 0.006666666828095913,
  "summary_bg_p95": 651.3693725585932,
  "summary_bg_stdv": 254.6256561279297,
  "summary_fg_k": 2.3068772115057588,
  "summary_fg_mad": 316.8122946949029,
  "summary_fg_mean": 3016.175048828125,
  "summary_fg_median": 3001.9599609375,
  "summary_fg_n": 27926.0,
  "summary_fg_p05": 2486.635009765625,
  "summary_fg_p95": 3583.3717041015625,
  "summary_fg_stdv": 353.3960266113281,
  "tsnr": 68.91014126362279
}