{
  "aor": 0.0015282666666666667,
  "aqi": 0.004314715066666667,
  "bids_meta": {
    "EchoTime": 0.0036,
    "InstitutionName": "U of M FMRI",
    "Modality": "MR",
    "PatientPosition": "HFS",
    "RepetitionTime": 2.0,
    "SliceTiming": [
      0,
      0.069,
      0.138,
      0.207,
      0.276,
      0.345,
      0.414,
      0.483,
      0.552,
      0.621,
      0.69,
      0.759,
      0.828,
      0.897,
      0.966,
      1.035,
      1.104,
      1.173,
      1.242,
      1.311,
      1.38,
      1.449,
      1.518,
      1.587,
      1.656,
      1.725,
      1.794,
      1.863,
      1.932
    ],
    "TaskName": "reward",
    "dataset": "MLS",
    "modality": "bold",
    "run_id": 2,
    "session_id": "2",
    "subject_id": "136",
    "task_id": "reward"
  },
  "dummy_trs": 0,
  "dvars_nstd": 20.26997119496644,
  "dvars_std": 1.2681662197986578,
  "dvars_vstd": 1.008743136912751,
  "efc": 0.5357299440712103,
  "fber": 1077.7762451171875,
  "fd_mean": 0.0776299599669643,
  "fd_num": 2,
  "fd_perc": 1.3333333333333333,
  "fwhm_avg": 2.298590266666667,
  "fwhm_x": 2.3144032,
  "fwhm_y": 2.7522176000000003,
  "fwhm_z": 1.82915,
  "gcor": 0.0669404,
  "gsr_x": 0.008275278843939304,
  "gsr_y": 0.03414124250411987,
  "provenance": {
    "md5sum": "e31edcc6bd418116a01fafa88c19ca78",
    "settings": {
      "fd_thres": 0.2,
      "testing": false
    },
    "software": "mriqc",
    "version": "23.1.0rc0"
  },
  "size_t": 150,
  "size_x": 64,
  "size_y": 64,
  "size_z": 29,
  "snr": 8.291390269271739,
  "spacing_tr": 1.0,
  "spacing_x": 3.125,
  "spacing_y": 3.125,
  "spacing_z": 4.0,
  "summary_bg_k": 13.136032584606546,
  "summary_bg_mad": 384.9972014908673,
  "summary_bg_mean": 456.6605224609375,
  "summary_bg_median": 262.6766662597656,
  "summary_bg_n": 68896.0,
  "summary_bg_p05": 0.013333333656191826,
  "summary_bg_p95": 1704.1616821289062,
  "summary_bg_stdv": 637.4371337890625,
  "summary_fg_k": 2.217278035108035,
  "summary_fg_mad": 952.1723177606427,
  "summary_fg_mean": 8665.4208984375,
  "summary_fg_median": 8653.8466796875,
  "summary_fg_n": 21858.0,
  "summary_fg_p05": 7062.914575195313,
  "summary_fg_p95": 10348.003466796874,
  "summary_fg_stdv": 1043.69091796875,
  "tsnr": 91.27870532870293
}