{
  "aor": 0.0005565999999999999,
  "aqi": 0.003397228466666666,
  "bids_meta": {
    "EchoTime": 0.0036,
    "InstitutionName": "U of M FMRI",
    "Modality": "MR",
    "PatientPosition": "HFS",
    "RepetitionTime": 2.0,
    "SliceTiming": [
      0,
      0.069,
      0.138,
      0.207,
      0.276,
      0.345,
      0.414,
      0.483,
      0.552,
      0.621,
      0.69,
      0.759,
      0.828,
      0.897,
      0.966,
      1.035,
      1.104,
      1.173,
      1.242,
      1.311,
      1.38,
      1.449,
      1.518,
      1.587,
      1.656,
      1.725,
      1.794,
      1.863,
      1.932
    ],
    "TaskName": "reward",
    "dataset": "MLS",
    "modality": "bold",
    "run_id": 2,
    "session_id": "2",
    "subject_id": "119",
    "task_id": "reward"
  },
  "dummy_trs": 0,
  "dvars_nstd": 17.300926695033557,
  "dvars_std": 1.0913369397986576,
  "dvars_vstd": 1.004932031879194,
  "efc": 0.5795607208742515,
  "fber": 878.8619384765625,
  "fd_mean": 0.07155438383151308,
  "fd_num": 0,
  "fd_perc": 0.0,
  "fwhm_avg": 2.6621476000000004,
  "fwhm_x": 2.7652767999999996,
  "fwhm_y": 3.144416,
  "fwhm_z": 2.07675,
  "gcor": 0.0348007,
  "gsr_x": 0.011120329611003399,
  "gsr_y": 0.035339850932359695,
  "provenance": {
    "md5sum": "28c22c9d1743a793d5a3841416942680",
    "settings": {
      "fd_thres": 0.2,
      "testing": false
    },
    "software": "mriqc",
    "version": "23.1.0rc0"
  },
  "size_t": 150,
  "size_x": 64,
  "size_y": 64,
  "size_z": 29,
  "snr": 6.702867637314715,
  "spacing_tr": 1.0,
  "spacing_x": 3.125,
  "spacing_y": 3.125,
  "spacing_z": 4.0,
  "summary_bg_k": 15.47519720780108,
  "summary_bg_mad": 141.30188048371053,
  "summary_bg_mean": 174.29188537597656,
  "summary_bg_median": 95.92666625976562,
  "summary_bg_n": 62968.0,
  "summary_bg_p05": 0.0,
  "summary_bg_p95": 644.292687988281,
  "summary_bg_stdv": 241.21356201171875,
  "summary_fg_k": 1.065136734350678,
  "summary_fg_mad": 390.7547275805602,
  "summary_fg_mean": 2890.968505859375,
  "summary_fg_median": 2901.0234375,
  "summary_fg_n": 26806.0,
  "summary_fg_p05": 2172.5316772460938,
  "summary_fg_p95": 3576.3218383789062,
  "summary_fg_stdv": 432.7952575683594,
  "tsnr": 82.77354771271348
}