{
  "aor": 0.0020304081632653063,
  "aqi": 0.00337093462585034,
  "bids_meta": {
    "EchoTime": 0.0036,
    "InstitutionName": "U of M FMRI",
    "Modality": "MR",
    "PatientPosition": "HFS",
    "RepetitionTime": 2.0,
    "SliceTiming": [
      0,
      0.069,
      0.138,
      0.207,
      0.276,
      0.345,
      0.414,
      0.483,
      0.552,
      0.621,
      0.69,
      0.759,
      0.828,
      0.897,
      0.966,
      1.035,
      1.104,
      1.173,
      1.242,
      1.311,
      1.38,
      1.449,
      1.518,
      1.587,
      1.656,
      1.725,
      1.794,
      1.863,
      1.932
    ],
    "TaskName": "reward",
    "dataset": "MLS",
    "modality": "bold",
    "run_id": 2,
    "session_id": "1",
    "subject_id": "136",
    "task_id": "reward"
  },
  "dummy_trs": 3,
  "dvars_nstd": 16.530252691575335,
  "dvars_std": 1.2238024887671242,
  "dvars_vstd": 1.0188345779452053,
  "efc": 0.5255145356040899,
  "fber": 1247.4486083984375,
  "fd_mean": 0.07492354726521208,
  "fd_num": 4,
  "fd_perc": 2.7210884353741496,
  "fwhm_avg": 2.3600935999999995,
  "fwhm_x": 2.4421055999999997,
  "fwhm_y": 2.8202751999999998,
  "fwhm_z": 1.8179,
  "gcor": 0.0373036,
  "gsr_x": 0.006545097101479769,
  "gsr_y": 0.047343794256448746,
  "provenance": {
    "md5sum": "3bbafd5d9b053a96abc8175a281b2ce7",
    "settings": {
      "fd_thres": 0.2,
      "testing": false
    },
    "software": "mriqc",
    "version": "23.1.0rc0"
  },
  "size_t": 147,
  "size_x": 64,
  "size_y": 64,
  "size_z": 29,
  "snr": 7.570920499325376,
  "spacing_tr": 1.0,
  "spacing_x": 3.125,
  "spacing_y": 3.125,
  "spacing_z": 4.0,
  "summary_bg_k": 23.772040279103337,
  "summary_bg_mad": 140.59506761436705,
  "summary_bg_mean": 180.1873779296875,
  "summary_bg_median": 95.55782318115234,
  "summary_bg_n": 70440.0,
  "summary_bg_p05": 0.013605441898107529,
  "summary_bg_p95": 648.0214080810548,
  "summary_bg_stdv": 260.3111572265625,
  "summary_fg_k": 2.0311074457155947,
  "summary_fg_mad": 396.63156586660926,
  "summary_fg_mean": 3360.523681640625,
  "summary_fg_median": 3364.829833984375,
  "summary_fg_n": 20635.0,
  "summary_fg_p05": 2635.485693359375,
  "summary_fg_p95": 4060.8673583984373,
  "summary_fg_stdv": 444.4305419921875,
  "tsnr": 101.33151746820658
}