{
  "aor": 0.00038813333333333335,
  "aqi": 0.007336447466666666,
  "bids_meta": {
    "EchoTime": 0.0036,
    "InstitutionName": "U of M FMRI",
    "Modality": "MR",
    "PatientPosition": "HFS",
    "RepetitionTime": 2.0,
    "SliceTiming": [
      0,
      0.069,
      0.138,
      0.207,
      0.276,
      0.345,
      0.414,
      0.483,
      0.552,
      0.621,
      0.69,
      0.759,
      0.828,
      0.897,
      0.966,
      1.035,
      1.104,
      1.173,
      1.242,
      1.311,
      1.38,
      1.449,
      1.518,
      1.587,
      1.656,
      1.725,
      1.794,
      1.863,
      1.932
    ],
    "TaskName": "reward",
    "dataset": "MLS",
    "modality": "bold",
    "run_id": 2,
    "session_id": "1",
    "subject_id": "48",
    "task_id": "reward"
  },
  "dummy_trs": 0,
  "dvars_nstd": 20.947775475771817,
  "dvars_std": 1.0668836028187916,
  "dvars_vstd": 0.9683017355704696,
  "efc": 0.6024951646216404,
  "fber": 688.3095092773438,
  "fd_mean": 0.061298401582156645,
  "fd_num": 0,
  "fd_perc": 0.0,
  "fwhm_avg": 2.1431503333333333,
  "fwhm_x": 2.2664864,
  "fwhm_y": 2.5008096,
  "fwhm_z": 1.662155,
  "gcor": 0.0110825,
  "gsr_x": 0.0194605253636837,
  "gsr_y": 0.044448647648096085,
  "provenance": {
    "md5sum": "72774c2e8f2e9b2730fd9c1bcfbcc635",
    "settings": {
      "fd_thres": 0.2,
      "testing": false
    },
    "software": "mriqc",
    "version": "23.1.0rc0"
  },
  "size_t": 150,
  "size_x": 64,
  "size_y": 64,
  "size_z": 29,
  "snr": 6.686191043984316,
  "spacing_tr": 1.0,
  "spacing_x": 3.125,
  "spacing_y": 3.125,
  "spacing_z": 4.0,
  "summary_bg_k": 15.182412410739218,
  "summary_bg_mad": 146.57994553393502,
  "summary_bg_mean": 172.05963134765625,
  "summary_bg_median": 99.62667083740234,
  "summary_bg_n": 58897.0,
  "summary_bg_p05": 0.0,
  "summary_bg_p95": 656.3667114257812,
  "summary_bg_stdv": 245.5869598388672,
  "summary_fg_k": 1.2147423958609087,
  "summary_fg_mad": 366.6673280361796,
  "summary_fg_mean": 2687.927490234375,
  "summary_fg_median": 2671.606689453125,
  "summary_fg_n": 30044.0,
  "summary_fg_p05": 2083.978137207031,
  "summary_fg_p95": 3360.892150878906,
  "summary_fg_stdv": 399.56414794921875,
  "tsnr": 65.30418993579224
}