{
  "aor": 0.0012072666666666668,
  "aqi": 0.008085813266666667,
  "bids_meta": {
    "EchoTime": 0.0036,
    "InstitutionName": "U of M FMRI",
    "Modality": "MR",
    "PatientPosition": "HFS",
    "RepetitionTime": 2.0,
    "SliceTiming": [
      0,
      0.069,
      0.138,
      0.207,
      0.276,
      0.345,
      0.414,
      0.483,
      0.552,
      0.621,
      0.69,
      0.759,
      0.828,
      0.897,
      0.966,
      1.035,
      1.104,
      1.173,
      1.242,
      1.311,
      1.38,
      1.449,
      1.518,
      1.587,
      1.656,
      1.725,
      1.794,
      1.863,
      1.932
    ],
    "TaskName": "reward",
    "dataset": "MLS",
    "modality": "bold",
    "run_id": 1,
    "session_id": "1",
    "subject_id": "48",
    "task_id": "reward"
  },
  "dummy_trs": 0,
  "dvars_nstd": 21.70954230597316,
  "dvars_std": 1.1160836967785237,
  "dvars_vstd": 1.0132980673154361,
  "efc": 0.602762507517255,
  "fber": 658.0789794921875,
  "fd_mean": 0.07861011828805452,
  "fd_num": 2,
  "fd_perc": 1.3333333333333333,
  "fwhm_avg": 2.1457382666666667,
  "fwhm_x": 2.2738432,
  "fwhm_y": 2.5130016,
  "fwhm_z": 1.65037,
  "gcor": 0.0267996,
  "gsr_x": 0.019361117854714394,
  "gsr_y": 0.04501843452453613,
  "provenance": {
    "md5sum": "e296b4c075915f2d31e4a7bd5e0dd624",
    "settings": {
      "fd_thres": 0.2,
      "testing": false
    },
    "software": "mriqc",
    "version": "23.1.0rc0"
  },
  "size_t": 150,
  "size_x": 64,
  "size_y": 64,
  "size_z": 29,
  "snr": 6.74577610913223,
  "spacing_tr": 1.0,
  "spacing_x": 3.125,
  "spacing_y": 3.125,
  "spacing_z": 4.0,
  "summary_bg_k": 16.29653364564344,
  "summary_bg_mad": 150.18760395696165,
  "summary_bg_mean": 172.82699584960938,
  "summary_bg_median": 102.53333282470703,
  "summary_bg_n": 58879.0,
  "summary_bg_p05": 0.03333333507180214,
  "summary_bg_p95": 654.2793273925776,
  "summary_bg_stdv": 246.40481567382812,
  "summary_fg_k": 1.2933881780647196,
  "summary_fg_mad": 361.83403032531396,
  "summary_fg_mean": 2700.9970703125,
  "summary_fg_median": 2681.99658203125,
  "summary_fg_n": 29954.0,
  "summary_fg_p05": 2099.064343261719,
  "summary_fg_p95": 3373.0410400390624,
  "summary_fg_stdv": 397.5749816894531,
  "tsnr": 60.92117383284494
}