{
  "aor": 0.003470999999999999,
  "aqi": 0.006727876733333332,
  "bids_meta": {
    "EchoTime": 0.0036,
    "InstitutionName": "U of M FMRI",
    "Modality": "MR",
    "PatientPosition": "HFS",
    "RepetitionTime": 2.0,
    "SliceTiming": [
      0,
      0.069,
      0.138,
      0.207,
      0.276,
      0.345,
      0.414,
      0.483,
      0.552,
      0.621,
      0.69,
      0.759,
      0.828,
      0.897,
      0.966,
      1.035,
      1.104,
      1.173,
      1.242,
      1.311,
      1.38,
      1.449,
      1.518,
      1.587,
      1.656,
      1.725,
      1.794,
      1.863,
      1.932
    ],
    "TaskName": "reward",
    "dataset": "MLS",
    "modality": "bold",
    "run_id": 2,
    "session_id": "1",
    "subject_id": "220",
    "task_id": "reward"
  },
  "dummy_trs": 0,
  "dvars_nstd": 20.623720616711406,
  "dvars_std": 1.1542911403355702,
  "dvars_vstd": 1.017080841275168,
  "efc": 0.49713423826447,
  "fber": 1098.0997314453125,
  "fd_mean": 0.11079156871080811,
  "fd_num": 7,
  "fd_perc": 4.666666666666667,
  "fwhm_avg": 2.2394524,
  "fwhm_x": 2.3078752,
  "fwhm_y": 2.6161119999999998,
  "fwhm_z": 1.79437,
  "gcor": 0.0319931,
  "gsr_x": -0.015646660700440407,
  "gsr_y": 0.04088262841105461,
  "provenance": {
    "md5sum": "00ae03741fa586b37156a741192bf02b",
    "settings": {
      "fd_thres": 0.2,
      "testing": false
    },
    "software": "mriqc",
    "version": "23.1.0rc0"
  },
  "size_t": 150,
  "size_x": 64,
  "size_y": 64,
  "size_z": 29,
  "snr": 8.201821155790283,
  "spacing_tr": 1.0,
  "spacing_x": 3.125,
  "spacing_y": 3.125,
  "spacing_z": 4.0,
  "summary_bg_k": 51.56011666855834,
  "summary_bg_mad": 223.92236562556286,
  "summary_bg_mean": 317.6559753417969,
  "summary_bg_median": 199.81333923339844,
  "summary_bg_n": 73965.0,
  "summary_bg_p05": 0.07333333790302277,
  "summary_bg_p95": 1025.9627197265647,
  "summary_bg_stdv": 508.6788635253906,
  "summary_fg_k": 1.2173963959273015,
  "summary_fg_mad": 778.6130237762371,
  "summary_fg_mean": 6652.4794921875,
  "summary_fg_median": 6692.29345703125,
  "summary_fg_n": 18327.0,
  "summary_fg_p05": 5273.953515625,
  "summary_fg_p95": 7881.304296875001,
  "summary_fg_stdv": 815.9298706054688,
  "tsnr": 71.75941297784448
}