{
  "aor": 0.0016010000000000004,
  "aqi": 0.0071479233333333345,
  "bids_meta": {
    "EchoTime": 0.0036,
    "InstitutionName": "U of M FMRI",
    "Modality": "MR",
    "PatientPosition": "HFS",
    "RepetitionTime": 2.0,
    "SliceTiming": [
      0,
      0.069,
      0.138,
      0.207,
      0.276,
      0.345,
      0.414,
      0.483,
      0.552,
      0.621,
      0.69,
      0.759,
      0.828,
      0.897,
      0.966,
      1.035,
      1.104,
      1.173,
      1.242,
      1.311,
      1.38,
      1.449,
      1.518,
      1.587,
      1.656,
      1.725,
      1.794,
      1.863,
      1.932
    ],
    "TaskName": "reward",
    "dataset": "MLS",
    "modality": "bold",
    "run_id": 1,
    "session_id": "1",
    "subject_id": "220",
    "task_id": "reward"
  },
  "dummy_trs": 0,
  "dvars_nstd": 20.387018319194638,
  "dvars_std": 1.1134979088590606,
  "dvars_vstd": 0.98279693704698,
  "efc": 0.497057460537192,
  "fber": 1122.6959228515625,
  "fd_mean": 0.09992457979332739,
  "fd_num": 7,
  "fd_perc": 4.666666666666667,
  "fwhm_avg": 2.2239742666666666,
  "fwhm_x": 2.2811616,
  "fwhm_y": 2.6032512000000003,
  "fwhm_z": 1.78751,
  "gcor": 0.0263311,
  "gsr_x": -0.016426129266619682,
  "gsr_y": 0.04083436727523804,
  "provenance": {
    "md5sum": "99eeb2110a786811d215c44b83ef689e",
    "settings": {
      "fd_thres": 0.2,
      "testing": false
    },
    "software": "mriqc",
    "version": "23.1.0rc0"
  },
  "size_t": 150,
  "size_x": 64,
  "size_y": 64,
  "size_z": 29,
  "snr": 8.162172879711104,
  "spacing_tr": 1.0,
  "spacing_x": 3.125,
  "spacing_y": 3.125,
  "spacing_z": 4.0,
  "summary_bg_k": 47.41353343862421,
  "summary_bg_mad": 227.91550096474168,
  "summary_bg_mean": 319.32147216796875,
  "summary_bg_median": 198.62001037597656,
  "summary_bg_n": 73957.0,
  "summary_bg_p05": 0.03999999910593033,
  "summary_bg_p95": 1057.3374023437498,
  "summary_bg_stdv": 507.55364990234375,
  "summary_fg_k": 1.30768034860359,
  "summary_fg_mad": 775.2728252234125,
  "summary_fg_mean": 6680.74365234375,
  "summary_fg_median": 6722.30029296875,
  "summary_fg_n": 18367.0,
  "summary_fg_p05": 5293.7509765625,
  "summary_fg_p95": 7917.196240234375,
  "summary_fg_stdv": 823.569580078125,
  "tsnr": 69.8937454635743
}