{
  "aor": 0.004630133333333334,
  "aqi": 0.006169919666666667,
  "bids_meta": {
    "EchoTime": 0.0036,
    "InstitutionName": "U of M FMRI",
    "Modality": "MR",
    "PatientPosition": "HFS",
    "RepetitionTime": 2.0,
    "SliceTiming": [
      0,
      0.069,
      0.138,
      0.207,
      0.276,
      0.345,
      0.414,
      0.483,
      0.552,
      0.621,
      0.69,
      0.759,
      0.828,
      0.897,
      0.966,
      1.035,
      1.104,
      1.173,
      1.242,
      1.311,
      1.38,
      1.449,
      1.518,
      1.587,
      1.656,
      1.725,
      1.794,
      1.863,
      1.932
    ],
    "TaskName": "reward",
    "dataset": "MLS",
    "modality": "bold",
    "run_id": 2,
    "session_id": "1",
    "subject_id": "156",
    "task_id": "reward"
  },
  "dummy_trs": 0,
  "dvars_nstd": 23.615535691342288,
  "dvars_std": 1.1754116488590607,
  "dvars_vstd": 1.0484801153691272,
  "efc": 0.5791714671933579,
  "fber": 653.7671508789062,
  "fd_mean": 0.2532141468072968,
  "fd_num": 88,
  "fd_perc": 58.666666666666664,
  "fwhm_avg": 2.6342807333333336,
  "fwhm_x": 2.795824,
  "fwhm_y": 3.0700832000000005,
  "fwhm_z": 2.036935,
  "gcor": 0.0299458,
  "gsr_x": 0.0115586519241333,
  "gsr_y": 0.03647927567362785,
  "provenance": {
    "md5sum": "c22df78197d65ed999c085587834d71b",
    "settings": {
      "fd_thres": 0.2,
      "testing": false
    },
    "software": "mriqc",
    "version": "23.1.0rc0"
  },
  "size_t": 150,
  "size_x": 64,
  "size_y": 64,
  "size_z": 29,
  "snr": 6.003255004154713,
  "spacing_tr": 1.0,
  "spacing_x": 3.125,
  "spacing_y": 3.125,
  "spacing_z": 4.0,
  "summary_bg_k": 15.348457302941931,
  "summary_bg_mad": 175.87616606442634,
  "summary_bg_mean": 202.33705139160156,
  "summary_bg_median": 123.4866714477539,
  "summary_bg_n": 63371.0,
  "summary_bg_p05": 0.03333333507180214,
  "summary_bg_p95": 701.5367126464844,
  "summary_bg_stdv": 269.0840148925781,
  "summary_fg_k": 0.3708707737213497,
  "summary_fg_mad": 494.6060178915125,
  "summary_fg_mean": 3164.84814453125,
  "summary_fg_median": 3152.46337890625,
  "summary_fg_n": 26526.0,
  "summary_fg_p05": 2331.1333618164062,
  "summary_fg_p95": 4067.9867553710938,
  "summary_fg_stdv": 525.1157836914062,
  "tsnr": 63.017836480401456
}