{
  "bids_meta": {
    "AcquisitionMatrixPE": 160,
    "CoilString": "HEAD",
    "EchoTime": 0.001784,
    "FlipAngle": 15,
    "ImageType": [
      "ORIGINAL",
      "PRIMARY",
      "OTHER"
    ],
    "InPlanePhaseEncodingDirectionDICOM": "ROW",
    "InstitutionName": "U of M FMRi",
    "InversionTime": 0.4,
    "MRAcquisitionType": "3D",
    "Modality": "MR",
    "PatientPosition": "HFS",
    "PercentPhaseFOV": 100,
    "PercentSampling": 100,
    "ReconMatrixPE": 256,
    "RepetitionTime": 0.008948,
    "SAR": 0.017417,
    "ScanningSequence": "GR",
    "SeriesDescription": "3d spgr IR axial",
    "dataset": "MLS",
    "modality": "T1w",
    "session_id": "1",
    "subject_id": "106"
  },
  "cjv": 0.4943846623673313,
  "cnr": 2.4056423438759253,
  "efc": 0.5853992017387302,
  "fber": 1621.3318927035143,
  "fwhm_avg": 3.345065169937641,
  "fwhm_x": 4.09572341464358,
  "fwhm_y": 3.967468095169342,
  "fwhm_z": 1.972004,
  "icvs_csf": 0.24089069118141296,
  "icvs_gm": 0.3542620268784067,
  "icvs_wm": 0.4048472819401803,
  "inu_med": 0.900753915309906,
  "inu_range": 0.7314787864685056,
  "provenance": {
    "md5sum": "84f4ad92abb181a3407298a74dbb53cd",
    "settings": {
      "testing": false
    },
    "software": "mriqc",
    "version": "23.1.0rc0",
    "warnings": {
      "large_rot_frame": true,
      "small_air_mask": false
    }
  },
  "qi_1": 0.00013047309766353642,
  "qi_2": 0.0018238612319979746,
  "rpve_csf": 12.580561559982604,
  "rpve_gm": 7.870486006775363,
  "rpve_wm": 8.868052204932372,
  "size_x": 256,
  "size_y": 256,
  "size_z": 60,
  "snr_csf": 0.8579824257224518,
  "snr_gm": 6.215798113189493,
  "snr_total": 5.192189061070298,
  "snr_wm": 8.50278664429895,
  "snrd_csf": 6.067153425933133,
  "snrd_gm": 17.523221581810937,
  "snrd_total": 17.38620366342943,
  "snrd_wm": 28.56823598254422,
  "spacing_x": 0.9399999976158142,
  "spacing_y": 0.9399999976158142,
  "spacing_z": 2.5,
  "summary_bg_k": 41.90698500635644,
  "summary_bg_mad": 23.006817886300414,
  "summary_bg_mean": 30.89023171975089,
  "summary_bg_median": 15.517862848937511,
  "summary_bg_n": 904283.0,
  "summary_bg_p05": 0.0,
  "summary_bg_p95": 118.15228597074747,
  "summary_bg_stdv": 47.68508203825391,
  "summary_csf_k": 28.892304465890863,
  "summary_csf_mad": 114.17802178922113,
  "summary_csf_mean": 248.03327160208707,
  "summary_csf_median": 213.06386572122574,
  "summary_csf_n": 139725.0,
  "summary_csf_p05": 47.4918779283762,
  "summary_csf_p95": 446.7700978368521,
  "summary_csf_stdv": 248.33038170965702,
  "summary_gm_k": 0.2981230986025598,
  "summary_gm_mad": 93.52538991919332,
  "summary_gm_mean": 612.8066120315559,
  "summary_gm_median": 615.373482093215,
  "summary_gm_n": 163777.0,
  "summary_gm_p05": 443.8108774796128,
  "summary_gm_p95": 772.5008654519916,
  "summary_gm_stdv": 99.00122111291577,
  "summary_wm_k": 2.8115564276249376,
  "summary_wm_mad": 98.23376195173851,
  "summary_wm_mean": 1021.8573660298522,
  "summary_wm_median": 1003.2478772103786,
  "summary_wm_n": 280703.0,
  "summary_wm_p05": 868.062030158937,
  "summary_wm_p95": 1242.1507889777422,
  "summary_wm_stdv": 117.99026979632661,
  "tpm_overlap_csf": 0.1445363413305262,
  "tpm_overlap_gm": 0.38223972339034584,
  "tpm_overlap_wm": 0.4392610506161553,
  "wm2max": 0.25101487208941226
}