{
  "aor": 0.0003189333333333334,
  "aqi": 0.010614209133333333,
  "bids_meta": {
    "EchoTime": 0.0036,
    "InstitutionName": "U of M FMRI",
    "Modality": "MR",
    "PatientPosition": "HFS",
    "RepetitionTime": 2.0,
    "SliceTiming": [
      0,
      0.069,
      0.138,
      0.207,
      0.276,
      0.345,
      0.414,
      0.483,
      0.552,
      0.621,
      0.69,
      0.759,
      0.828,
      0.897,
      0.966,
      1.035,
      1.104,
      1.173,
      1.242,
      1.311,
      1.38,
      1.449,
      1.518,
      1.587,
      1.656,
      1.725,
      1.794,
      1.863,
      1.932
    ],
    "TaskName": "reward",
    "dataset": "MLS",
    "modality": "bold",
    "run_id": 2,
    "session_id": "3",
    "subject_id": "64",
    "task_id": "reward"
  },
  "dummy_trs": 0,
  "dvars_nstd": 20.064633888053702,
  "dvars_std": 0.9804701683221477,
  "dvars_vstd": 0.9219630435570471,
  "efc": 0.592328496219843,
  "fber": 719.897705078125,
  "fd_mean": 0.08198269216642264,
  "fd_num": 3,
  "fd_perc": 2.0,
  "fwhm_avg": 2.4292075,
  "fwhm_x": 2.5120928,
  "fwhm_y": 2.8683072,
  "fwhm_z": 1.9072225,
  "gcor": 0.00958608,
  "gsr_x": 0.004384529311209917,
  "gsr_y": 0.04475008323788643,
  "provenance": {
    "md5sum": "ef6d3453429099a1ffba70be05d6dd90",
    "settings": {
      "fd_thres": 0.2,
      "testing": false
    },
    "software": "mriqc",
    "version": "23.1.0rc0"
  },
  "size_t": 150,
  "size_x": 64,
  "size_y": 64,
  "size_z": 29,
  "snr": 5.948103438810464,
  "spacing_tr": 1.0,
  "spacing_x": 3.125,
  "spacing_y": 3.125,
  "spacing_z": 4.0,
  "summary_bg_k": 13.806462740155759,
  "summary_bg_mad": 99.97681641160744,
  "summary_bg_mean": 112.45185089111328,
  "summary_bg_median": 68.70000457763672,
  "summary_bg_n": 60097.0,
  "summary_bg_p05": 0.013333333656191826,
  "summary_bg_p95": 389.457336425781,
  "summary_bg_stdv": 152.25242614746094,
  "summary_fg_k": 1.2343012065545418,
  "summary_fg_mad": 282.11954756724475,
  "summary_fg_mean": 1911.234619140625,
  "summary_fg_median": 1898.9801025390625,
  "summary_fg_n": 28761.0,
  "summary_fg_p05": 1416.6866455078125,
  "summary_fg_p95": 2450.413330078125,
  "summary_fg_stdv": 319.2525329589844,
  "tsnr": 55.18638255633414
}