{
  "aor": 0.0006683333333333333,
  "aqi": 0.006093970266666666,
  "bids_meta": {
    "EchoTime": 0.0036,
    "InstitutionName": "U of M FMRI",
    "Modality": "MR",
    "PatientPosition": "HFS",
    "RepetitionTime": 2.0,
    "SliceTiming": [
      0,
      0.069,
      0.138,
      0.207,
      0.276,
      0.345,
      0.414,
      0.483,
      0.552,
      0.621,
      0.69,
      0.759,
      0.828,
      0.897,
      0.966,
      1.035,
      1.104,
      1.173,
      1.242,
      1.311,
      1.38,
      1.449,
      1.518,
      1.587,
      1.656,
      1.725,
      1.794,
      1.863,
      1.932
    ],
    "TaskName": "reward",
    "dataset": "MLS",
    "modality": "bold",
    "run_id": 1,
    "session_id": "3",
    "subject_id": "64",
    "task_id": "reward"
  },
  "dummy_trs": 0,
  "dvars_nstd": 20.643425154496647,
  "dvars_std": 1.0757563903355702,
  "dvars_vstd": 0.9734977473825507,
  "efc": 0.5901305860104553,
  "fber": 736.6909790039062,
  "fd_mean": 0.0816473585444744,
  "fd_num": 5,
  "fd_perc": 3.3333333333333335,
  "fwhm_avg": 2.3982000666666665,
  "fwhm_x": 2.4849824000000003,
  "fwhm_y": 2.8471328,
  "fwhm_z": 1.862485,
  "gcor": 0.0179594,
  "gsr_x": 0.00465012202039361,
  "gsr_y": 0.04399799555540085,
  "provenance": {
    "md5sum": "5cc84656a84b6723e1f4fccaba3cda19",
    "settings": {
      "fd_thres": 0.2,
      "testing": false
    },
    "software": "mriqc",
    "version": "23.1.0rc0"
  },
  "size_t": 150,
  "size_x": 64,
  "size_y": 64,
  "size_z": 29,
  "snr": 5.976724503185973,
  "spacing_tr": 1.0,
  "spacing_x": 3.125,
  "spacing_y": 3.125,
  "spacing_z": 4.0,
  "summary_bg_k": 17.41037447369233,
  "summary_bg_mad": 98.72154074916304,
  "summary_bg_mean": 108.81644439697266,
  "summary_bg_median": 67.41667175292969,
  "summary_bg_n": 60098.0,
  "summary_bg_p05": 0.019999999552965164,
  "summary_bg_p95": 366.6860198974607,
  "summary_bg_stdv": 149.36575317382812,
  "summary_fg_k": 1.315115952409732,
  "summary_fg_mad": 280.9333933997538,
  "summary_fg_mean": 1904.558837890625,
  "summary_fg_median": 1894.1334228515625,
  "summary_fg_n": 28823.0,
  "summary_fg_p05": 1413.2693481445312,
  "summary_fg_p95": 2437.0272949218747,
  "summary_fg_stdv": 316.9128112792969,
  "tsnr": 65.28381907031871
}