{
  "aor": 0.0008287333333333335,
  "aqi": 0.0065104690000000005,
  "bids_meta": {
    "EchoTime": 0.0036,
    "InstitutionName": "U of M FMRI",
    "Modality": "MR",
    "PatientPosition": "HFS",
    "RepetitionTime": 2.0,
    "SliceTiming": [
      0,
      0.069,
      0.138,
      0.207,
      0.276,
      0.345,
      0.414,
      0.483,
      0.552,
      0.621,
      0.69,
      0.759,
      0.828,
      0.897,
      0.966,
      1.035,
      1.104,
      1.173,
      1.242,
      1.311,
      1.38,
      1.449,
      1.518,
      1.587,
      1.656,
      1.725,
      1.794,
      1.863,
      1.932
    ],
    "TaskName": "reward",
    "dataset": "MLS",
    "modality": "bold",
    "run_id": 2,
    "session_id": "1",
    "subject_id": "67",
    "task_id": "reward"
  },
  "dummy_trs": 0,
  "dvars_nstd": 19.31834110798659,
  "dvars_std": 1.0717720414765097,
  "dvars_vstd": 1.007000177718121,
  "efc": 0.6183854564904321,
  "fber": 1026.8121337890625,
  "fd_mean": 0.06504511185592178,
  "fd_num": 3,
  "fd_perc": 2.0,
  "fwhm_avg": 2.119507566666667,
  "fwhm_x": 2.1879008,
  "fwhm_y": 2.4338144,
  "fwhm_z": 1.7368075,
  "gcor": 0.0314485,
  "gsr_x": 0.0011918949894607067,
  "gsr_y": 0.04781876504421234,
  "provenance": {
    "md5sum": "5cc43046c9e87dccc60e8fcfc7455805",
    "settings": {
      "fd_thres": 0.2,
      "testing": false
    },
    "software": "mriqc",
    "version": "23.1.0rc0"
  },
  "size_t": 150,
  "size_x": 64,
  "size_y": 64,
  "size_z": 29,
  "snr": 7.857272046101015,
  "spacing_tr": 1.0,
  "spacing_x": 3.125,
  "spacing_y": 3.125,
  "spacing_z": 4.0,
  "summary_bg_k": 23.408172873445952,
  "summary_bg_mad": 120.78760318173389,
  "summary_bg_mean": 140.8461456298828,
  "summary_bg_median": 81.93000030517578,
  "summary_bg_n": 54592.0,
  "summary_bg_p05": 0.0,
  "summary_bg_p95": 501.82901611328117,
  "summary_bg_stdv": 206.31442260742188,
  "summary_fg_k": 1.203452853610509,
  "summary_fg_mad": 312.0580859939845,
  "summary_fg_mean": 2752.9111328125,
  "summary_fg_median": 2738.3232421875,
  "summary_fg_n": 33464.0,
  "summary_fg_p05": 2210.1451171875,
  "summary_fg_p95": 3334.856103515625,
  "summary_fg_stdv": 348.5029296875,
  "tsnr": 73.77657277928665
}