{
  "aor": 0.0016717333333333333,
  "aqi": 0.009925284199999999,
  "bids_meta": {
    "EchoTime": 0.0036,
    "InstitutionName": "U of M FMRI",
    "Modality": "MR",
    "PatientPosition": "HFS",
    "RepetitionTime": 2.0,
    "SliceTiming": [
      0,
      0.069,
      0.138,
      0.207,
      0.276,
      0.345,
      0.414,
      0.483,
      0.552,
      0.621,
      0.69,
      0.759,
      0.828,
      0.897,
      0.966,
      1.035,
      1.104,
      1.173,
      1.242,
      1.311,
      1.38,
      1.449,
      1.518,
      1.587,
      1.656,
      1.725,
      1.794,
      1.863,
      1.932
    ],
    "TaskName": "reward",
    "dataset": "MLS",
    "modality": "bold",
    "run_id": 1,
    "session_id": "1",
    "subject_id": "67",
    "task_id": "reward"
  },
  "dummy_trs": 0,
  "dvars_nstd": 20.887250362818786,
  "dvars_std": 1.0988974189932883,
  "dvars_vstd": 1.0111337504026847,
  "efc": 0.615770467115097,
  "fber": 1034.5198974609375,
  "fd_mean": 0.10103132748362749,
  "fd_num": 13,
  "fd_perc": 8.666666666666666,
  "fwhm_avg": 2.1132140333333336,
  "fwhm_x": 2.189024,
  "fwhm_y": 2.4716256000000003,
  "fwhm_z": 1.6789925,
  "gcor": 0.0282175,
  "gsr_x": 0.0020660250447690487,
  "gsr_y": 0.04543636739253998,
  "provenance": {
    "md5sum": "e1fe89afbbe9b424d0d5f81bcaa77d0c",
    "settings": {
      "fd_thres": 0.2,
      "testing": false
    },
    "software": "mriqc",
    "version": "23.1.0rc0"
  },
  "size_t": 150,
  "size_x": 64,
  "size_y": 64,
  "size_z": 29,
  "snr": 8.007754768764961,
  "spacing_tr": 1.0,
  "spacing_x": 3.125,
  "spacing_y": 3.125,
  "spacing_z": 4.0,
  "summary_bg_k": 25.387632034919704,
  "summary_bg_mad": 119.64599715995853,
  "summary_bg_mean": 137.61221313476562,
  "summary_bg_median": 81.77999877929688,
  "summary_bg_n": 54692.0,
  "summary_bg_p05": 0.0,
  "summary_bg_p95": 477.20900726318354,
  "summary_bg_stdv": 204.18055725097656,
  "summary_fg_k": 1.44564810887901,
  "summary_fg_mad": 305.8902291084046,
  "summary_fg_mean": 2753.45849609375,
  "summary_fg_median": 2737.566650390625,
  "summary_fg_n": 33305.0,
  "summary_fg_p05": 2231.856005859375,
  "summary_fg_p95": 3321.146826171875,
  "summary_fg_stdv": 341.85931396484375,
  "tsnr": 64.50064686359838
}