{
  "aor": 0.0006852666666666667,
  "aqi": 0.0029163931999999994,
  "bids_meta": {
    "EchoTime": 0.0036,
    "InstitutionName": "U of M FMRI",
    "Modality": "MR",
    "PatientPosition": "HFS",
    "RepetitionTime": 2.0,
    "SliceTiming": [
      0,
      0.069,
      0.138,
      0.207,
      0.276,
      0.345,
      0.414,
      0.483,
      0.552,
      0.621,
      0.69,
      0.759,
      0.828,
      0.897,
      0.966,
      1.035,
      1.104,
      1.173,
      1.242,
      1.311,
      1.38,
      1.449,
      1.518,
      1.587,
      1.656,
      1.725,
      1.794,
      1.863,
      1.932
    ],
    "TaskName": "reward",
    "dataset": "MLS",
    "modality": "bold",
    "run_id": 1,
    "session_id": "3",
    "subject_id": "123",
    "task_id": "reward"
  },
  "dummy_trs": 0,
  "dvars_nstd": 20.150206482818785,
  "dvars_std": 1.306813233959731,
  "dvars_vstd": 1.009274819194631,
  "efc": 0.5360182621690658,
  "fber": 1255.16162109375,
  "fd_mean": 0.053651895412085704,
  "fd_num": 0,
  "fd_perc": 0.0,
  "fwhm_avg": 2.5187709666666667,
  "fwhm_x": 2.6622048,
  "fwhm_y": 2.9739456,
  "fwhm_z": 1.9201625,
  "gcor": 0.0201122,
  "gsr_x": -0.004809729754924774,
  "gsr_y": 0.034845467656850815,
  "provenance": {
    "md5sum": "5270dd12afe954a06ae8a1359c17c59e",
    "settings": {
      "fd_thres": 0.2,
      "testing": false
    },
    "software": "mriqc",
    "version": "23.1.0rc0"
  },
  "size_t": 150,
  "size_x": 64,
  "size_y": 64,
  "size_z": 29,
  "snr": 6.550632730392766,
  "spacing_tr": 1.0,
  "spacing_x": 3.125,
  "spacing_y": 3.125,
  "spacing_z": 4.0,
  "summary_bg_k": 25.666215454529436,
  "summary_bg_mad": 88.99567072245135,
  "summary_bg_mean": 100.99243927001953,
  "summary_bg_median": 61.880001068115234,
  "summary_bg_n": 67105.0,
  "summary_bg_p05": 0.0,
  "summary_bg_p95": 347.7986694335936,
  "summary_bg_stdv": 149.37506103515625,
  "summary_fg_k": 1.2610477315724689,
  "summary_fg_mad": 315.72513752613304,
  "summary_fg_mean": 2233.09912109375,
  "summary_fg_median": 2245.243408203125,
  "summary_fg_n": 23474.0,
  "summary_fg_p05": 1674.5297241210938,
  "summary_fg_p95": 2769.6547363281247,
  "summary_fg_stdv": 342.7448425292969,
  "tsnr": 90.05758693674579
}