{
  "aor": 0.0004950666666666666,
  "aqi": 0.0032617398666666673,
  "bids_meta": {
    "EchoTime": 0.0036,
    "InstitutionName": "U of M FMRI",
    "Modality": "MR",
    "PatientPosition": "HFS",
    "RepetitionTime": 2.0,
    "SliceTiming": [
      0,
      0.069,
      0.138,
      0.207,
      0.276,
      0.345,
      0.414,
      0.483,
      0.552,
      0.621,
      0.69,
      0.759,
      0.828,
      0.897,
      0.966,
      1.035,
      1.104,
      1.173,
      1.242,
      1.311,
      1.38,
      1.449,
      1.518,
      1.587,
      1.656,
      1.725,
      1.794,
      1.863,
      1.932
    ],
    "TaskName": "reward",
    "dataset": "MLS",
    "modality": "bold",
    "run_id": 2,
    "session_id": "3",
    "subject_id": "123",
    "task_id": "reward"
  },
  "dummy_trs": 0,
  "dvars_nstd": 19.268962764093974,
  "dvars_std": 1.2371086501342279,
  "dvars_vstd": 0.9940282271812086,
  "efc": 0.5368748506305245,
  "fber": 1240.029541015625,
  "fd_mean": 0.05542367270451919,
  "fd_num": 0,
  "fd_perc": 0.0,
  "fwhm_avg": 2.5169991,
  "fwhm_x": 2.6636352,
  "fwhm_y": 2.9550495999999997,
  "fwhm_z": 1.9323125,
  "gcor": 0.0190063,
  "gsr_x": -0.004032145719975233,
  "gsr_y": 0.03515614941716194,
  "provenance": {
    "md5sum": "2ad93db23c1aec8f07d2f641e997e65a",
    "settings": {
      "fd_thres": 0.2,
      "testing": false
    },
    "software": "mriqc",
    "version": "23.1.0rc0"
  },
  "size_t": 150,
  "size_x": 64,
  "size_y": 64,
  "size_z": 29,
  "snr": 6.546404593260011,
  "spacing_tr": 1.0,
  "spacing_x": 3.125,
  "spacing_y": 3.125,
  "spacing_z": 4.0,
  "summary_bg_k": 28.6465209231728,
  "summary_bg_mad": 88.66950155002172,
  "summary_bg_mean": 101.52154541015625,
  "summary_bg_median": 61.980003356933594,
  "summary_bg_n": 66987.0,
  "summary_bg_p05": 0.0,
  "summary_bg_p95": 350.97200927734366,
  "summary_bg_stdv": 152.74693298339844,
  "summary_fg_k": 1.2772075876799542,
  "summary_fg_mad": 317.17308174600043,
  "summary_fg_mean": 2229.37841796875,
  "summary_fg_median": 2238.15673828125,
  "summary_fg_n": 23446.0,
  "summary_fg_p05": 1673.7183837890625,
  "summary_fg_p95": 2767.3016357421875,
  "summary_fg_stdv": 341.8836975097656,
  "tsnr": 87.19578332605306
}