{
  "aor": 0.0008820666666666668,
  "aqi": 0.006815711866666668,
  "bids_meta": {
    "EchoTime": 0.0036,
    "InstitutionName": "U of M FMRI",
    "Modality": "MR",
    "PatientPosition": "HFS",
    "RepetitionTime": 2.0,
    "SliceTiming": [
      0,
      0.069,
      0.138,
      0.207,
      0.276,
      0.345,
      0.414,
      0.483,
      0.552,
      0.621,
      0.69,
      0.759,
      0.828,
      0.897,
      0.966,
      1.035,
      1.104,
      1.173,
      1.242,
      1.311,
      1.38,
      1.449,
      1.518,
      1.587,
      1.656,
      1.725,
      1.794,
      1.863,
      1.932
    ],
    "TaskName": "reward",
    "dataset": "MLS",
    "modality": "bold",
    "run_id": 1,
    "session_id": "1",
    "subject_id": "34",
    "task_id": "reward"
  },
  "dummy_trs": 0,
  "dvars_nstd": 20.108213476174498,
  "dvars_std": 1.0312645711409396,
  "dvars_vstd": 0.9840455481879192,
  "efc": 0.6055746395448662,
  "fber": 707.00048828125,
  "fd_mean": 0.09587495657309435,
  "fd_num": 7,
  "fd_perc": 4.666666666666667,
  "fwhm_avg": 2.1488669999999996,
  "fwhm_x": 2.2205632,
  "fwhm_y": 2.5315328,
  "fwhm_z": 1.694505,
  "gcor": 0.00916265,
  "gsr_x": 0.001947652781382203,
  "gsr_y": 0.05249764025211334,
  "provenance": {
    "md5sum": "83f7bda805216cea03a74bcc22f0b3cb",
    "settings": {
      "fd_thres": 0.2,
      "testing": false
    },
    "software": "mriqc",
    "version": "23.1.0rc0"
  },
  "size_t": 150,
  "size_x": 64,
  "size_y": 64,
  "size_z": 29,
  "snr": 6.471988453668579,
  "spacing_tr": 1.0,
  "spacing_x": 3.125,
  "spacing_y": 3.125,
  "spacing_z": 4.0,
  "summary_bg_k": 15.770987379250755,
  "summary_bg_mad": 132.1196304869038,
  "summary_bg_mean": 170.56227111816406,
  "summary_bg_median": 90.086669921875,
  "summary_bg_n": 59551.0,
  "summary_bg_p05": 0.0,
  "summary_bg_p95": 615.5599975585938,
  "summary_bg_stdv": 235.50363159179688,
  "summary_fg_k": 1.3231403651721996,
  "summary_fg_mad": 334.81110734536685,
  "summary_fg_mean": 2506.694091796875,
  "summary_fg_median": 2477.9833984375,
  "summary_fg_n": 29814.0,
  "summary_fg_p05": 1948.7767211914063,
  "summary_fg_p95": 3180.375451660156,
  "summary_fg_stdv": 382.8717956542969,
  "tsnr": 66.9440003389027
}