{
  "aor": 0.006221866666666667,
  "aqi": 0.010294924400000002,
  "bids_meta": {
    "EchoTime": 0.0036,
    "InstitutionName": "U of M FMRI",
    "Modality": "MR",
    "PatientPosition": "HFS",
    "RepetitionTime": 2.0,
    "SliceTiming": [
      0,
      0.069,
      0.138,
      0.207,
      0.276,
      0.345,
      0.414,
      0.483,
      0.552,
      0.621,
      0.69,
      0.759,
      0.828,
      0.897,
      0.966,
      1.035,
      1.104,
      1.173,
      1.242,
      1.311,
      1.38,
      1.449,
      1.518,
      1.587,
      1.656,
      1.725,
      1.794,
      1.863,
      1.932
    ],
    "TaskName": "reward",
    "dataset": "MLS",
    "modality": "bold",
    "run_id": 2,
    "session_id": "1",
    "subject_id": "81",
    "task_id": "reward"
  },
  "dummy_trs": 0,
  "dvars_nstd": 18.6034706681208,
  "dvars_std": 1.0903808253691272,
  "dvars_vstd": 1.026949969463087,
  "efc": 0.525835710810658,
  "fber": 1309.8756103515625,
  "fd_mean": 0.16480230876883084,
  "fd_num": 23,
  "fd_perc": 15.333333333333334,
  "fwhm_avg": 2.0480300000000002,
  "fwhm_x": 2.130224,
  "fwhm_y": 2.369216,
  "fwhm_z": 1.64465,
  "gcor": 0.0336444,
  "gsr_x": 0.0005937310634180903,
  "gsr_y": 0.035818204283714294,
  "provenance": {
    "md5sum": "ccc448cd03d5a06063e72a67ebbbb0c4",
    "settings": {
      "fd_thres": 0.2,
      "testing": false
    },
    "software": "mriqc",
    "version": "23.1.0rc0"
  },
  "size_t": 150,
  "size_x": 64,
  "size_y": 64,
  "size_z": 29,
  "snr": 7.630994190420217,
  "spacing_tr": 1.0,
  "spacing_x": 3.125,
  "spacing_y": 3.125,
  "spacing_z": 4.0,
  "summary_bg_k": 48.74653442195097,
  "summary_bg_mad": 115.65285916968034,
  "summary_bg_mean": 143.1401824951172,
  "summary_bg_median": 86.47333526611328,
  "summary_bg_n": 68367.0,
  "summary_bg_p05": 0.15333333611488342,
  "summary_bg_p95": 492.9700134277343,
  "summary_bg_stdv": 235.39877319335938,
  "summary_fg_k": 1.6405412808472661,
  "summary_fg_mad": 391.04628912523947,
  "summary_fg_mean": 3203.321044921875,
  "summary_fg_median": 3179.126708984375,
  "summary_fg_n": 22022.0,
  "summary_fg_p05": 2580.448681640625,
  "summary_fg_p95": 3897.4634643554687,
  "summary_fg_stdv": 416.5976867675781,
  "tsnr": 63.706665087491274
}