{
  "aor": 0.0005382,
  "aqi": 0.0065451037999999994,
  "bids_meta": {
    "EchoTime": 0.0036,
    "InstitutionName": "U of M FMRI",
    "Modality": "MR",
    "PatientPosition": "HFS",
    "RepetitionTime": 2.0,
    "SliceTiming": [
      0,
      0.069,
      0.138,
      0.207,
      0.276,
      0.345,
      0.414,
      0.483,
      0.552,
      0.621,
      0.69,
      0.759,
      0.828,
      0.897,
      0.966,
      1.035,
      1.104,
      1.173,
      1.242,
      1.311,
      1.38,
      1.449,
      1.518,
      1.587,
      1.656,
      1.725,
      1.794,
      1.863,
      1.932
    ],
    "TaskName": "reward",
    "dataset": "MLS",
    "modality": "bold",
    "run_id": 1,
    "session_id": "1",
    "subject_id": "22",
    "task_id": "reward"
  },
  "dummy_trs": 0,
  "dvars_nstd": 19.248610074228186,
  "dvars_std": 1.1003431951677851,
  "dvars_vstd": 0.9925064397986574,
  "efc": 0.5654417423993284,
  "fber": 1342.35595703125,
  "fd_mean": 0.06299472387309232,
  "fd_num": 1,
  "fd_perc": 0.6666666666666666,
  "fwhm_avg": 2.2317971333333335,
  "fwhm_x": 2.2981888,
  "fwhm_y": 2.5602175999999996,
  "fwhm_z": 1.836985,
  "gcor": 0.0386363,
  "gsr_x": 0.011514170095324516,
  "gsr_y": 0.048498544842004776,
  "provenance": {
    "md5sum": "7e583dbc2669c00a828c35b5665fd2f0",
    "settings": {
      "fd_thres": 0.2,
      "testing": false
    },
    "software": "mriqc",
    "version": "23.1.0rc0"
  },
  "size_t": 150,
  "size_x": 64,
  "size_y": 64,
  "size_z": 29,
  "snr": 8.101796573821064,
  "spacing_tr": 1.0,
  "spacing_x": 3.125,
  "spacing_y": 3.125,
  "spacing_z": 4.0,
  "summary_bg_k": 21.546218966255804,
  "summary_bg_mad": 113.35976745089468,
  "summary_bg_mean": 155.53294372558594,
  "summary_bg_median": 77.22000122070312,
  "summary_bg_n": 64195.0,
  "summary_bg_p05": 0.0,
  "summary_bg_p95": 544.9866699218747,
  "summary_bg_stdv": 229.73196411132812,
  "summary_fg_k": 0.8213668456392731,
  "summary_fg_mad": 323.8494067630369,
  "summary_fg_mean": 2879.74658203125,
  "summary_fg_median": 2875.699951171875,
  "summary_fg_n": 25827.0,
  "summary_fg_p05": 2323.638720703125,
  "summary_fg_p95": 3487.130664062498,
  "summary_fg_stdv": 354.9390869140625,
  "tsnr": 74.56371741194744
}