{
  "aor": 0.0004840666666666667,
  "aqi": 0.006625735800000001,
  "bids_meta": {
    "EchoTime": 0.0036,
    "InstitutionName": "U of M FMRI",
    "Modality": "MR",
    "PatientPosition": "HFS",
    "RepetitionTime": 2.0,
    "SliceTiming": [
      0,
      0.069,
      0.138,
      0.207,
      0.276,
      0.345,
      0.414,
      0.483,
      0.552,
      0.621,
      0.69,
      0.759,
      0.828,
      0.897,
      0.966,
      1.035,
      1.104,
      1.173,
      1.242,
      1.311,
      1.38,
      1.449,
      1.518,
      1.587,
      1.656,
      1.725,
      1.794,
      1.863,
      1.932
    ],
    "TaskName": "reward",
    "dataset": "MLS",
    "modality": "bold",
    "run_id": 2,
    "session_id": "1",
    "subject_id": "22",
    "task_id": "reward"
  },
  "dummy_trs": 0,
  "dvars_nstd": 20.192616366375837,
  "dvars_std": 1.1397357275167783,
  "dvars_vstd": 0.992051163758389,
  "efc": 0.56333027912172,
  "fber": 1309.751708984375,
  "fd_mean": 0.08263521680575826,
  "fd_num": 2,
  "fd_perc": 1.3333333333333333,
  "fwhm_avg": 2.1610332666666667,
  "fwhm_x": 2.2181376,
  "fwhm_y": 2.5194272,
  "fwhm_z": 1.745535,
  "gcor": 0.0390414,
  "gsr_x": 0.011251039803028107,
  "gsr_y": 0.04662897437810898,
  "provenance": {
    "md5sum": "9b76f96d69a74f1b0991538c40856008",
    "settings": {
      "fd_thres": 0.2,
      "testing": false
    },
    "software": "mriqc",
    "version": "23.1.0rc0"
  },
  "size_t": 150,
  "size_x": 64,
  "size_y": 64,
  "size_z": 29,
  "snr": 7.944834977754433,
  "spacing_tr": 1.0,
  "spacing_x": 3.125,
  "spacing_y": 3.125,
  "spacing_z": 4.0,
  "summary_bg_k": 20.065512834591814,
  "summary_bg_mad": 114.06647524833365,
  "summary_bg_mean": 155.80186462402344,
  "summary_bg_median": 77.9366683959961,
  "summary_bg_n": 64290.0,
  "summary_bg_p05": 0.019999999552965164,
  "summary_bg_p95": 542.6916687011717,
  "summary_bg_stdv": 231.0883331298828,
  "summary_fg_k": 1.217816906480123,
  "summary_fg_mad": 323.4394831760111,
  "summary_fg_mean": 2875.77880859375,
  "summary_fg_median": 2867.63330078125,
  "summary_fg_n": 25686.0,
  "summary_fg_p05": 2318.4268188476562,
  "summary_fg_p95": 3494.2884521484375,
  "summary_fg_stdv": 360.9360656738281,
  "tsnr": 74.09431821433827
}