{
  "bids_meta": {
    "AcquisitionMatrixPE": 160,
    "CoilString": "HEAD",
    "EchoTime": 0.001784,
    "FlipAngle": 15,
    "ImageType": [
      "ORIGINAL",
      "PRIMARY",
      "OTHER"
    ],
    "InPlanePhaseEncodingDirectionDICOM": "ROW",
    "InstitutionName": "U of M FMRi",
    "InversionTime": 0.4,
    "MRAcquisitionType": "3D",
    "Modality": "MR",
    "PatientPosition": "HFS",
    "PercentPhaseFOV": 100,
    "PercentSampling": 100,
    "ReconMatrixPE": 256,
    "RepetitionTime": 0.008948,
    "SAR": 0.017417,
    "ScanningSequence": "GR",
    "SeriesDescription": "3d spgr IR axial",
    "dataset": "MLS",
    "modality": "T1w",
    "session_id": "1",
    "subject_id": "87"
  },
  "cjv": 0.31343388417215906,
  "cnr": 4.353137470707448,
  "efc": 0.7023822569953436,
  "fber": 6645.793950850662,
  "fwhm_avg": 5.177100973224089,
  "fwhm_x": 5.7666,
  "fwhm_y": 6.09296,
  "fwhm_z": 3.6717429196722664,
  "icvs_csf": 0.1710459540193231,
  "icvs_gm": 0.46076012403706645,
  "icvs_wm": 0.36819392194361045,
  "inu_med": 0.6236392855644226,
  "inu_range": 0.3783714473247528,
  "provenance": {
    "md5sum": "5cf910445f99e1420831c40c8a1484a5",
    "settings": {
      "testing": false
    },
    "software": "mriqc",
    "version": "23.1.0rc0",
    "warnings": {
      "large_rot_frame": true,
      "small_air_mask": false
    }
  },
  "qi_1": 0.0,
  "qi_2": 0.0020791152222512208,
  "rpve_csf": 16.995895990619406,
  "rpve_gm": 6.97320629163424,
  "rpve_wm": 9.836678608869324,
  "size_x": 202,
  "size_y": 202,
  "size_z": 123,
  "snr_csf": 1.6054140979663223,
  "snr_gm": 13.387157149410346,
  "snr_total": 11.913736287778159,
  "snr_wm": 20.748637615957815,
  "snrd_csf": 13.066706563696936,
  "snrd_gm": 31.914752134801613,
  "snrd_total": 30.470814854307523,
  "snrd_wm": 46.430985864424024,
  "spacing_x": 1.0,
  "spacing_y": 1.0,
  "spacing_z": 1.399999976158142,
  "summary_bg_k": 9.64791867190203,
  "summary_bg_mad": 0.0,
  "summary_bg_mean": 9.093851964607948,
  "summary_bg_median": 0.0,
  "summary_bg_n": 612936.0,
  "summary_bg_p05": 0.0,
  "summary_bg_p95": 38.10383680462837,
  "summary_bg_stdv": 14.10989614655757,
  "summary_csf_k": 39.212107790592945,
  "summary_csf_mad": 98.89592503332169,
  "summary_csf_mean": 299.82653964294616,
  "summary_csf_median": 281.42211696878076,
  "summary_csf_n": 10578.0,
  "summary_csf_p05": 107.99096876382828,
  "summary_csf_p95": 475.2144386321306,
  "summary_csf_stdv": 175.2873696414433,
  "summary_gm_k": -0.0706653330482081,
  "summary_gm_mad": 52.5436894424078,
  "summary_gm_mean": 685.3178368608487,
  "summary_gm_median": 687.3589044436812,
  "summary_gm_n": 21746.0,
  "summary_gm_p05": 598.4198540821671,
  "summary_gm_p95": 765.9593545347452,
  "summary_gm_stdv": 51.343469889094756,
  "summary_wm_k": 0.7276226471391452,
  "summary_wm_mad": 45.448618001776936,
  "summary_wm_mean": 1003.8067087027715,
  "summary_wm_median": 999.9999824911356,
  "summary_wm_n": 127629.0,
  "summary_wm_p05": 931.0157850533724,
  "summary_wm_p95": 1088.2166852355003,
  "summary_wm_stdv": 48.19574583101777,
  "tpm_overlap_csf": 0.16981633640508753,
  "tpm_overlap_gm": 0.4929958066325981,
  "tpm_overlap_wm": 0.5178146978649384,
  "wm2max": 0.37483923373722333
}