{
  "aor": 0.0008171621621621622,
  "aqi": 0.0023905671621621623,
  "bids_meta": {
    "EchoTime": 0.0036,
    "InstitutionName": "U of M FMRI",
    "Modality": "MR",
    "PatientPosition": "HFS",
    "RepetitionTime": 2.0,
    "SliceTiming": [
      0,
      0.069,
      0.138,
      0.207,
      0.276,
      0.345,
      0.414,
      0.483,
      0.552,
      0.621,
      0.69,
      0.759,
      0.828,
      0.897,
      0.966,
      1.035,
      1.104,
      1.173,
      1.242,
      1.311,
      1.38,
      1.449,
      1.518,
      1.587,
      1.656,
      1.725,
      1.794,
      1.863,
      1.932
    ],
    "TaskName": "reward",
    "dataset": "MLS",
    "modality": "bold",
    "run_id": 2,
    "session_id": "2",
    "subject_id": "39",
    "task_id": "reward"
  },
  "dummy_trs": 2,
  "dvars_nstd": 16.152378348503404,
  "dvars_std": 1.0987345475510197,
  "dvars_vstd": 0.9982476940816326,
  "efc": 0.5549755408348934,
  "fber": 1276.663818359375,
  "fd_mean": 0.06639182853964196,
  "fd_num": 1,
  "fd_perc": 0.6756756756756757,
  "fwhm_avg": 2.4731799333333333,
  "fwhm_x": 2.6431008000000005,
  "fwhm_y": 2.833424,
  "fwhm_z": 1.943015,
  "gcor": 0.0551197,
  "gsr_x": 0.011032294481992722,
  "gsr_y": 0.029414605349302292,
  "provenance": {
    "md5sum": "f5b3a68f795205f8d48db6987c7ed0fc",
    "settings": {
      "fd_thres": 0.2,
      "testing": false
    },
    "software": "mriqc",
    "version": "23.1.0rc0"
  },
  "size_t": 148,
  "size_x": 64,
  "size_y": 64,
  "size_z": 29,
  "snr": 6.235542028187266,
  "spacing_tr": 1.0,
  "spacing_x": 3.125,
  "spacing_y": 3.125,
  "spacing_z": 4.0,
  "summary_bg_k": 17.077360927346668,
  "summary_bg_mad": 120.81204556666353,
  "summary_bg_mean": 148.52493286132812,
  "summary_bg_median": 82.5,
  "summary_bg_n": 65017.0,
  "summary_bg_p05": 0.0,
  "summary_bg_p95": 525.1297607421875,
  "summary_bg_stdv": 208.61949157714844,
  "summary_fg_k": 0.8540360176022137,
  "summary_fg_mad": 441.25948528272977,
  "summary_fg_mean": 2989.303466796875,
  "summary_fg_median": 2989.9931640625,
  "summary_fg_n": 25528.0,
  "summary_fg_p05": 2197.411572265625,
  "summary_fg_p95": 3769.680224609374,
  "summary_fg_stdv": 479.4987487792969,
  "tsnr": 95.45866285823286
}