{
  "aor": 0.0024819594594594594,
  "aqi": 0.008067981283783783,
  "bids_meta": {
    "EchoTime": 0.0036,
    "InstitutionName": "U of M FMRI",
    "Modality": "MR",
    "PatientPosition": "HFS",
    "RepetitionTime": 2.0,
    "SliceTiming": [
      0,
      0.069,
      0.138,
      0.207,
      0.276,
      0.345,
      0.414,
      0.483,
      0.552,
      0.621,
      0.69,
      0.759,
      0.828,
      0.897,
      0.966,
      1.035,
      1.104,
      1.173,
      1.242,
      1.311,
      1.38,
      1.449,
      1.518,
      1.587,
      1.656,
      1.725,
      1.794,
      1.863,
      1.932
    ],
    "TaskName": "reward",
    "dataset": "MLS",
    "modality": "bold",
    "run_id": 2,
    "session_id": "2",
    "subject_id": "224",
    "task_id": "reward"
  },
  "dummy_trs": 2,
  "dvars_nstd": 19.964685362585033,
  "dvars_std": 1.1854297289115654,
  "dvars_vstd": 0.9952483680272105,
  "efc": 0.5966770921225902,
  "fber": 903.656982421875,
  "fd_mean": 0.10463507621635357,
  "fd_num": 15,
  "fd_perc": 10.135135135135135,
  "fwhm_avg": 2.1372791333333336,
  "fwhm_x": 2.1767104,
  "fwhm_y": 2.524752,
  "fwhm_z": 1.710375,
  "gcor": 0.0896656,
  "gsr_x": 0.029833899810910225,
  "gsr_y": 0.021599654108285904,
  "provenance": {
    "md5sum": "b63971a49977ff6f3a98c71e1c0b244a",
    "settings": {
      "fd_thres": 0.2,
      "testing": false
    },
    "software": "mriqc",
    "version": "23.1.0rc0"
  },
  "size_t": 148,
  "size_x": 64,
  "size_y": 64,
  "size_z": 29,
  "snr": 8.358537823714194,
  "spacing_tr": 1.0,
  "spacing_x": 3.125,
  "spacing_y": 3.125,
  "spacing_z": 4.0,
  "summary_bg_k": 13.747166736584859,
  "summary_bg_mad": 185.3653527450051,
  "summary_bg_mean": 233.70957946777344,
  "summary_bg_median": 126.1689224243164,
  "summary_bg_n": 59389.0,
  "summary_bg_p05": 0.03378378599882126,
  "summary_bg_p95": 864.1973144531247,
  "summary_bg_stdv": 359.435791015625,
  "summary_fg_k": 3.5520077932541847,
  "summary_fg_mad": 414.79814856792217,
  "summary_fg_mean": 3940.85595703125,
  "summary_fg_median": 3949.47998046875,
  "summary_fg_n": 29348.0,
  "summary_fg_p05": 3204.847119140625,
  "summary_fg_p95": 4669.150170898437,
  "summary_fg_stdv": 472.50042724609375,
  "tsnr": 75.54760061530396
}