{
  "aor": 0.0010192567567567567,
  "aqi": 0.0028577166216216215,
  "bids_meta": {
    "EchoTime": 0.0036,
    "InstitutionName": "U of M FMRI",
    "Modality": "MR",
    "PatientPosition": "HFS",
    "RepetitionTime": 2.0,
    "SliceTiming": [
      0,
      0.069,
      0.138,
      0.207,
      0.276,
      0.345,
      0.414,
      0.483,
      0.552,
      0.621,
      0.69,
      0.759,
      0.828,
      0.897,
      0.966,
      1.035,
      1.104,
      1.173,
      1.242,
      1.311,
      1.38,
      1.449,
      1.518,
      1.587,
      1.656,
      1.725,
      1.794,
      1.863,
      1.932
    ],
    "TaskName": "reward",
    "dataset": "MLS",
    "modality": "bold",
    "run_id": 2,
    "session_id": "2",
    "subject_id": "151",
    "task_id": "reward"
  },
  "dummy_trs": 2,
  "dvars_nstd": 15.442209912380953,
  "dvars_std": 1.0636590570068025,
  "dvars_vstd": 1.0030725965986398,
  "efc": 0.5882161441411795,
  "fber": 921.9271240234375,
  "fd_mean": 0.06458219842266637,
  "fd_num": 0,
  "fd_perc": 0.0,
  "fwhm_avg": 2.4724461,
  "fwhm_x": 2.5174624,
  "fwhm_y": 2.9652384,
  "fwhm_z": 1.9346375,
  "gcor": 0.0244543,
  "gsr_x": -0.006745824124664068,
  "gsr_y": 0.05264921113848686,
  "provenance": {
    "md5sum": "aa447b9ba78628656eb98429a3e468be",
    "settings": {
      "fd_thres": 0.2,
      "testing": false
    },
    "software": "mriqc",
    "version": "23.1.0rc0"
  },
  "size_t": 148,
  "size_x": 64,
  "size_y": 64,
  "size_z": 29,
  "snr": 6.896142398036324,
  "spacing_tr": 1.0,
  "spacing_x": 3.125,
  "spacing_y": 3.125,
  "spacing_z": 4.0,
  "summary_bg_k": 15.791982706008493,
  "summary_bg_mad": 144.5937899687015,
  "summary_bg_mean": 164.6626739501953,
  "summary_bg_median": 98.09459686279297,
  "summary_bg_n": 60261.0,
  "summary_bg_p05": 0.0,
  "summary_bg_p95": 568.439208984375,
  "summary_bg_stdv": 220.85507202148438,
  "summary_fg_k": 1.5759512592733351,
  "summary_fg_mad": 393.91647816128443,
  "summary_fg_mean": 3054.49365234375,
  "summary_fg_median": 3050.104736328125,
  "summary_fg_n": 28890.0,
  "summary_fg_p05": 2359.768017578125,
  "summary_fg_p95": 3776.7470581054686,
  "summary_fg_stdv": 442.2837829589844,
  "tsnr": 95.18601965205744
}