{
  "aor": 0.0007755704697986577,
  "aqi": 0.0028644672483221474,
  "bids_meta": {
    "EchoTime": 0.0036,
    "InstitutionName": "U of M FMRI",
    "Modality": "MR",
    "PatientPosition": "HFS",
    "RepetitionTime": 2.0,
    "SliceTiming": [
      0,
      0.069,
      0.138,
      0.207,
      0.276,
      0.345,
      0.414,
      0.483,
      0.552,
      0.621,
      0.69,
      0.759,
      0.828,
      0.897,
      0.966,
      1.035,
      1.104,
      1.173,
      1.242,
      1.311,
      1.38,
      1.449,
      1.518,
      1.587,
      1.656,
      1.725,
      1.794,
      1.863,
      1.932
    ],
    "TaskName": "reward",
    "dataset": "MLS",
    "modality": "bold",
    "run_id": 1,
    "session_id": "2",
    "subject_id": "151",
    "task_id": "reward"
  },
  "dummy_trs": 1,
  "dvars_nstd": 15.864704248108106,
  "dvars_std": 1.092377058108108,
  "dvars_vstd": 1.0030576567567564,
  "efc": 0.5884659672869453,
  "fber": 932.2981567382812,
  "fd_mean": 0.06261131010295196,
  "fd_num": 0,
  "fd_perc": 0.0,
  "fwhm_avg": 2.522132,
  "fwhm_x": 2.5809696000000004,
  "fwhm_y": 3.0168864,
  "fwhm_z": 1.96854,
  "gcor": 0.0222689,
  "gsr_x": -0.0055960193276405334,
  "gsr_y": 0.05400889739394188,
  "provenance": {
    "md5sum": "f448748f208f91db6828bc4116b2632b",
    "settings": {
      "fd_thres": 0.2,
      "testing": false
    },
    "software": "mriqc",
    "version": "23.1.0rc0"
  },
  "size_t": 149,
  "size_x": 64,
  "size_y": 64,
  "size_z": 29,
  "snr": 7.022331939119097,
  "spacing_tr": 1.0,
  "spacing_x": 3.125,
  "spacing_y": 3.125,
  "spacing_z": 4.0,
  "summary_bg_k": 15.206197484260151,
  "summary_bg_mad": 144.19053212915978,
  "summary_bg_mean": 164.647705078125,
  "summary_bg_median": 98.0067138671875,
  "summary_bg_n": 60290.0,
  "summary_bg_p05": 0.020134229212999344,
  "summary_bg_p95": 568.8067016601561,
  "summary_bg_stdv": 220.83741760253906,
  "summary_fg_k": 1.2384750781498282,
  "summary_fg_mad": 392.76036695867043,
  "summary_fg_mean": 3063.34130859375,
  "summary_fg_median": 3056.9462890625,
  "summary_fg_n": 28923.0,
  "summary_fg_p05": 2370.3376953125,
  "summary_fg_p95": 3779.855102539062,
  "summary_fg_stdv": 435.310302734375,
  "tsnr": 96.36941460426897
}