{
  "aor": 0.007522333333333333,
  "aqi": 0.023568653266666666,
  "bids_meta": {
    "EchoTime": 0.0036,
    "InstitutionName": "U of M FMRI",
    "Modality": "MR",
    "PatientPosition": "HFS",
    "RepetitionTime": 2.0,
    "SliceTiming": [
      0,
      0.069,
      0.138,
      0.207,
      0.276,
      0.345,
      0.414,
      0.483,
      0.552,
      0.621,
      0.69,
      0.759,
      0.828,
      0.897,
      0.966,
      1.035,
      1.104,
      1.173,
      1.242,
      1.311,
      1.38,
      1.449,
      1.518,
      1.587,
      1.656,
      1.725,
      1.794,
      1.863,
      1.932
    ],
    "TaskName": "reward",
    "dataset": "MLS",
    "modality": "bold",
    "run_id": 2,
    "session_id": "1",
    "subject_id": "152",
    "task_id": "reward"
  },
  "dummy_trs": 0,
  "dvars_nstd": 20.96773600758389,
  "dvars_std": 0.9764566348993289,
  "dvars_vstd": 0.9269693707382546,
  "efc": 0.5735502342367249,
  "fber": 1523.5384521484375,
  "fd_mean": 0.3014843672504376,
  "fd_num": 48,
  "fd_perc": 32.0,
  "fwhm_avg": 2.0980507999999998,
  "fwhm_x": 2.1164704,
  "fwhm_y": 2.474512,
  "fwhm_z": 1.70317,
  "gcor": 0.0202167,
  "gsr_x": -0.001208063680678606,
  "gsr_y": 0.03973890841007233,
  "provenance": {
    "md5sum": "6482f121125207040383a6cf6ed90b1f",
    "settings": {
      "fd_thres": 0.2,
      "testing": false
    },
    "software": "mriqc",
    "version": "23.1.0rc0"
  },
  "size_t": 150,
  "size_x": 64,
  "size_y": 64,
  "size_z": 29,
  "snr": 8.390222088064014,
  "spacing_tr": 1.0,
  "spacing_x": 3.125,
  "spacing_y": 3.125,
  "spacing_z": 4.0,
  "summary_bg_k": 26.00924094087168,
  "summary_bg_mad": 141.62805637225856,
  "summary_bg_mean": 162.4412841796875,
  "summary_bg_median": 102.52667236328125,
  "summary_bg_n": 60737.0,
  "summary_bg_p05": 0.24000000953674316,
  "summary_bg_p95": 540.6106933593749,
  "summary_bg_stdv": 240.3464813232422,
  "summary_fg_k": 1.778155580061929,
  "summary_fg_mad": 452.39130867821837,
  "summary_fg_mean": 4060.485595703125,
  "summary_fg_median": 4036.226806640625,
  "summary_fg_n": 28782.0,
  "summary_fg_p05": 3351.24599609375,
  "summary_fg_p95": 4851.760449218749,
  "summary_fg_stdv": 481.0548095703125,
  "tsnr": 49.66271986812353
}