{
  "aor": 0.0012312,
  "aqi": 0.009471390199999999,
  "bids_meta": {
    "EchoTime": 0.0036,
    "InstitutionName": "U of M FMRI",
    "Modality": "MR",
    "PatientPosition": "HFS",
    "RepetitionTime": 2.0,
    "SliceTiming": [
      0,
      0.069,
      0.138,
      0.207,
      0.276,
      0.345,
      0.414,
      0.483,
      0.552,
      0.621,
      0.69,
      0.759,
      0.828,
      0.897,
      0.966,
      1.035,
      1.104,
      1.173,
      1.242,
      1.311,
      1.38,
      1.449,
      1.518,
      1.587,
      1.656,
      1.725,
      1.794,
      1.863,
      1.932
    ],
    "TaskName": "reward",
    "dataset": "MLS",
    "modality": "bold",
    "run_id": 1,
    "session_id": "1",
    "subject_id": "60",
    "task_id": "reward"
  },
  "dummy_trs": 0,
  "dvars_nstd": 21.88089951885907,
  "dvars_std": 1.0677150082550335,
  "dvars_vstd": 0.9895258128859059,
  "efc": 0.6157873806452278,
  "fber": 472.750244140625,
  "fd_mean": 0.10263474470401364,
  "fd_num": 3,
  "fd_perc": 2.0,
  "fwhm_avg": 2.073066966666667,
  "fwhm_x": 2.1892224,
  "fwhm_y": 2.363536,
  "fwhm_z": 1.6664425,
  "gcor": 0.0219214,
  "gsr_x": 0.01513835322111845,
  "gsr_y": 0.036854520440101624,
  "provenance": {
    "md5sum": "c889e9bb93b55b8119932e7f72730eb4",
    "settings": {
      "fd_thres": 0.2,
      "testing": false
    },
    "software": "mriqc",
    "version": "23.1.0rc0"
  },
  "size_t": 150,
  "size_x": 64,
  "size_y": 64,
  "size_z": 29,
  "snr": 7.006724956465197,
  "spacing_tr": 1.0,
  "spacing_x": 3.125,
  "spacing_y": 3.125,
  "spacing_z": 4.0,
  "summary_bg_k": 10.274055380162793,
  "summary_bg_mad": 166.88665046067663,
  "summary_bg_mean": 208.96102905273438,
  "summary_bg_median": 114.33000183105469,
  "summary_bg_n": 59344.0,
  "summary_bg_p05": 0.006666666828095913,
  "summary_bg_p95": 758.7863708496089,
  "summary_bg_stdv": 279.5129089355469,
  "summary_fg_k": 1.4980656037890272,
  "summary_fg_mad": 320.63752424694576,
  "summary_fg_mean": 2595.648681640625,
  "summary_fg_median": 2562.073486328125,
  "summary_fg_n": 28960.0,
  "summary_fg_p05": 2072.3203247070314,
  "summary_fg_p95": 3232.500744628906,
  "summary_fg_stdv": 365.65289306640625,
  "tsnr": 59.85451627057046
}