{
  "aor": 0.0014327333333333334,
  "aqi": 0.0081132378,
  "bids_meta": {
    "EchoTime": 0.0036,
    "InstitutionName": "U of M FMRI",
    "Modality": "MR",
    "PatientPosition": "HFS",
    "RepetitionTime": 2.0,
    "SliceTiming": [
      0,
      0.069,
      0.138,
      0.207,
      0.276,
      0.345,
      0.414,
      0.483,
      0.552,
      0.621,
      0.69,
      0.759,
      0.828,
      0.897,
      0.966,
      1.035,
      1.104,
      1.173,
      1.242,
      1.311,
      1.38,
      1.449,
      1.518,
      1.587,
      1.656,
      1.725,
      1.794,
      1.863,
      1.932
    ],
    "TaskName": "reward",
    "dataset": "MLS",
    "modality": "bold",
    "run_id": 1,
    "session_id": "2",
    "subject_id": "207",
    "task_id": "reward"
  },
  "dummy_trs": 0,
  "dvars_nstd": 16.657550133020123,
  "dvars_std": 1.067999465234899,
  "dvars_vstd": 0.9601694553691278,
  "efc": 0.5481444145651825,
  "fber": 1310.03076171875,
  "fd_mean": 0.11722691863157232,
  "fd_num": 11,
  "fd_perc": 7.333333333333333,
  "fwhm_avg": 2.5123017,
  "fwhm_x": 2.5756608,
  "fwhm_y": 2.9523968000000003,
  "fwhm_z": 2.0088475,
  "gcor": 0.0486264,
  "gsr_x": 0.0001938318891916424,
  "gsr_y": 0.03783933073282242,
  "provenance": {
    "md5sum": "13ce319606a3b93293ca061645fe7287",
    "settings": {
      "fd_thres": 0.2,
      "testing": false
    },
    "software": "mriqc",
    "version": "23.1.0rc0"
  },
  "size_t": 150,
  "size_x": 64,
  "size_y": 64,
  "size_z": 29,
  "snr": 8.269750046587774,
  "spacing_tr": 1.0,
  "spacing_x": 3.125,
  "spacing_y": 3.125,
  "spacing_z": 4.0,
  "summary_bg_k": 22.792358396021505,
  "summary_bg_mad": 169.13526309488498,
  "summary_bg_mean": 187.22836303710938,
  "summary_bg_median": 117.6500015258789,
  "summary_bg_n": 65112.0,
  "summary_bg_p05": 0.07333333790302277,
  "summary_bg_p95": 629.5586822509761,
  "summary_bg_stdv": 260.96142578125,
  "summary_fg_k": 2.0482938543304714,
  "summary_fg_mad": 459.3106016491542,
  "summary_fg_mean": 4261.3671875,
  "summary_fg_median": 4270.38671875,
  "summary_fg_n": 24987.0,
  "summary_fg_p05": 3417.9861083984374,
  "summary_fg_p95": 5079.481591796874,
  "summary_fg_stdv": 516.3760986328125,
  "tsnr": 74.63264295703266
}