{
  "aor": 0.000753,
  "aqi": 0.0048441602,
  "bids_meta": {
    "EchoTime": 0.0036,
    "InstitutionName": "U of M FMRI",
    "Modality": "MR",
    "PatientPosition": "HFS",
    "RepetitionTime": 2.0,
    "SliceTiming": [
      0,
      0.069,
      0.138,
      0.207,
      0.276,
      0.345,
      0.414,
      0.483,
      0.552,
      0.621,
      0.69,
      0.759,
      0.828,
      0.897,
      0.966,
      1.035,
      1.104,
      1.173,
      1.242,
      1.311,
      1.38,
      1.449,
      1.518,
      1.587,
      1.656,
      1.725,
      1.794,
      1.863,
      1.932
    ],
    "TaskName": "reward",
    "dataset": "MLS",
    "modality": "bold",
    "run_id": 2,
    "session_id": "1",
    "subject_id": "113",
    "task_id": "reward"
  },
  "dummy_trs": 0,
  "dvars_nstd": 24.430456072013417,
  "dvars_std": 1.1989613252348994,
  "dvars_vstd": 1.0011893542953016,
  "efc": 0.5691854522675085,
  "fber": 695.2533569335938,
  "fd_mean": 0.11280446838630474,
  "fd_num": 12,
  "fd_perc": 8.0,
  "fwhm_avg": 2.2659293000000003,
  "fwhm_x": 2.3737888000000003,
  "fwhm_y": 2.6786016,
  "fwhm_z": 1.7453975,
  "gcor": 0.0235142,
  "gsr_x": 0.01194976270198822,
  "gsr_y": 0.04209977760910988,
  "provenance": {
    "md5sum": "c424afb9a251cd2fb6afed36b67af9a1",
    "settings": {
      "fd_thres": 0.2,
      "testing": false
    },
    "software": "mriqc",
    "version": "23.1.0rc0"
  },
  "size_t": 150,
  "size_x": 64,
  "size_y": 64,
  "size_z": 29,
  "snr": 6.063091904210395,
  "spacing_tr": 1.0,
  "spacing_x": 3.125,
  "spacing_y": 3.125,
  "spacing_z": 4.0,
  "summary_bg_k": 15.439017143191531,
  "summary_bg_mad": 147.1729862092493,
  "summary_bg_mean": 171.74008178710938,
  "summary_bg_median": 101.23333740234375,
  "summary_bg_n": 64635.0,
  "summary_bg_p05": 0.013333333656191826,
  "summary_bg_p95": 625.3460144042967,
  "summary_bg_stdv": 243.7828826904297,
  "summary_fg_k": 0.593198750353189,
  "summary_fg_mad": 423.4262709025213,
  "summary_fg_mean": 2775.061279296875,
  "summary_fg_median": 2740.7568359375,
  "summary_fg_n": 25254.0,
  "summary_fg_p05": 2099.8410400390626,
  "summary_fg_p95": 3571.7944580078124,
  "summary_fg_stdv": 452.030517578125,
  "tsnr": 69.78852017153986
}