{
  "aor": 0.0010340666666666667,
  "aqi": 0.0037718600666666667,
  "bids_meta": {
    "EchoTime": 0.0036,
    "InstitutionName": "U of M FMRI",
    "Modality": "MR",
    "PatientPosition": "HFS",
    "RepetitionTime": 2.0,
    "SliceTiming": [
      0,
      0.069,
      0.138,
      0.207,
      0.276,
      0.345,
      0.414,
      0.483,
      0.552,
      0.621,
      0.69,
      0.759,
      0.828,
      0.897,
      0.966,
      1.035,
      1.104,
      1.173,
      1.242,
      1.311,
      1.38,
      1.449,
      1.518,
      1.587,
      1.656,
      1.725,
      1.794,
      1.863,
      1.932
    ],
    "TaskName": "reward",
    "dataset": "MLS",
    "modality": "bold",
    "run_id": 2,
    "session_id": "2",
    "subject_id": "115",
    "task_id": "reward"
  },
  "dummy_trs": 0,
  "dvars_nstd": 18.595671071409406,
  "dvars_std": 1.0760661125503361,
  "dvars_vstd": 1.01325423704698,
  "efc": 0.585601579119647,
  "fber": 772.2745361328125,
  "fd_mean": 0.0984507166278405,
  "fd_num": 10,
  "fd_perc": 6.666666666666667,
  "fwhm_avg": 2.443783633333333,
  "fwhm_x": 2.548,
  "fwhm_y": 2.8897184,
  "fwhm_z": 1.8936325,
  "gcor": 0.0591611,
  "gsr_x": 0.0019324461463838816,
  "gsr_y": 0.03368218615651131,
  "provenance": {
    "md5sum": "da87c84a2076bf034a267a861b30c794",
    "settings": {
      "fd_thres": 0.2,
      "testing": false
    },
    "software": "mriqc",
    "version": "23.1.0rc0"
  },
  "size_t": 150,
  "size_x": 64,
  "size_y": 64,
  "size_z": 29,
  "snr": 6.596389710401731,
  "spacing_tr": 1.0,
  "spacing_x": 3.125,
  "spacing_y": 3.125,
  "spacing_z": 4.0,
  "summary_bg_k": 17.72109293337616,
  "summary_bg_mad": 164.1388927277517,
  "summary_bg_mean": 184.63075256347656,
  "summary_bg_median": 111.89666748046875,
  "summary_bg_n": 61266.0,
  "summary_bg_p05": 0.0,
  "summary_bg_p95": 651.7700347900391,
  "summary_bg_stdv": 261.300048828125,
  "summary_fg_k": 1.193461882377112,
  "summary_fg_mad": 432.5148107229454,
  "summary_fg_mean": 3209.59619140625,
  "summary_fg_median": 3191.63330078125,
  "summary_fg_n": 28065.0,
  "summary_fg_p05": 2443.260009765625,
  "summary_fg_p95": 4014.281396484375,
  "summary_fg_stdv": 483.83685302734375,
  "tsnr": 79.18688050750643
}