{
  "aor": 0.0013157333333333333,
  "aqi": 0.005603775666666666,
  "bids_meta": {
    "EchoTime": 0.0036,
    "InstitutionName": "U of M FMRI",
    "Modality": "MR",
    "PatientPosition": "HFS",
    "RepetitionTime": 2.0,
    "SliceTiming": [
      0,
      0.069,
      0.138,
      0.207,
      0.276,
      0.345,
      0.414,
      0.483,
      0.552,
      0.621,
      0.69,
      0.759,
      0.828,
      0.897,
      0.966,
      1.035,
      1.104,
      1.173,
      1.242,
      1.311,
      1.38,
      1.449,
      1.518,
      1.587,
      1.656,
      1.725,
      1.794,
      1.863,
      1.932
    ],
    "TaskName": "reward",
    "dataset": "MLS",
    "modality": "bold",
    "run_id": 2,
    "session_id": "2",
    "subject_id": "54",
    "task_id": "reward"
  },
  "dummy_trs": 0,
  "dvars_nstd": 16.760186470872494,
  "dvars_std": 1.035566100671141,
  "dvars_vstd": 1.00844893590604,
  "efc": 0.6012743593536394,
  "fber": 891.42626953125,
  "fd_mean": 0.06351618706994484,
  "fd_num": 5,
  "fd_perc": 3.3333333333333335,
  "fwhm_avg": 2.113667433333333,
  "fwhm_x": 2.2164128,
  "fwhm_y": 2.461552,
  "fwhm_z": 1.6630375,
  "gcor": 0.0146865,
  "gsr_x": 0.0025829202495515347,
  "gsr_y": 0.03760818764567375,
  "provenance": {
    "md5sum": "578e93d0af49137c8bde7bb1cbfbcb05",
    "settings": {
      "fd_thres": 0.2,
      "testing": false
    },
    "software": "mriqc",
    "version": "23.1.0rc0"
  },
  "size_t": 150,
  "size_x": 64,
  "size_y": 64,
  "size_z": 29,
  "snr": 7.891748090883519,
  "spacing_tr": 1.0,
  "spacing_x": 3.125,
  "spacing_y": 3.125,
  "spacing_z": 4.0,
  "summary_bg_k": 20.580554575036352,
  "summary_bg_mad": 141.38095323358164,
  "summary_bg_mean": 164.32742309570312,
  "summary_bg_median": 95.94667053222656,
  "summary_bg_n": 57633.0,
  "summary_bg_p05": 0.006666666828095913,
  "summary_bg_p95": 567.0613525390623,
  "summary_bg_stdv": 234.75006103515625,
  "summary_fg_k": 2.2997668388454215,
  "summary_fg_mad": 334.41584327734734,
  "summary_fg_mean": 3008.15576171875,
  "summary_fg_median": 3003.1533203125,
  "summary_fg_n": 30427.0,
  "summary_fg_p05": 2416.080078125,
  "summary_fg_p95": 3616.5547119140624,
  "summary_fg_stdv": 380.5372314453125,
  "tsnr": 78.11429127585143
}