{
  "aor": 0.0009666666666666666,
  "aqi": 0.0055822776,
  "bids_meta": {
    "EchoTime": 0.0036,
    "InstitutionName": "U of M FMRI",
    "Modality": "MR",
    "PatientPosition": "HFS",
    "RepetitionTime": 2.0,
    "SliceTiming": [
      0,
      0.069,
      0.138,
      0.207,
      0.276,
      0.345,
      0.414,
      0.483,
      0.552,
      0.621,
      0.69,
      0.759,
      0.828,
      0.897,
      0.966,
      1.035,
      1.104,
      1.173,
      1.242,
      1.311,
      1.38,
      1.449,
      1.518,
      1.587,
      1.656,
      1.725,
      1.794,
      1.863,
      1.932
    ],
    "TaskName": "reward",
    "dataset": "MLS",
    "modality": "bold",
    "run_id": 1,
    "session_id": "2",
    "subject_id": "54",
    "task_id": "reward"
  },
  "dummy_trs": 0,
  "dvars_nstd": 16.177738899932887,
  "dvars_std": 1.0189910771812085,
  "dvars_vstd": 1.0051967669798663,
  "efc": 0.6018493587561118,
  "fber": 875.3823852539062,
  "fd_mean": 0.05353315439575403,
  "fd_num": 1,
  "fd_perc": 0.6666666666666666,
  "fwhm_avg": 2.1130573333333333,
  "fwhm_x": 2.2015584,
  "fwhm_y": 2.4732736,
  "fwhm_z": 1.66434,
  "gcor": 0.0172392,
  "gsr_x": 0.002665003063157201,
  "gsr_y": 0.0346597284078598,
  "provenance": {
    "md5sum": "bc9847bdb67660a6c656b58cd4b75c41",
    "settings": {
      "fd_thres": 0.2,
      "testing": false
    },
    "software": "mriqc",
    "version": "23.1.0rc0"
  },
  "size_t": 150,
  "size_x": 64,
  "size_y": 64,
  "size_z": 29,
  "snr": 7.689568845840276,
  "spacing_tr": 1.0,
  "spacing_x": 3.125,
  "spacing_y": 3.125,
  "spacing_z": 4.0,
  "summary_bg_k": 19.665224949670247,
  "summary_bg_mad": 141.61816918557543,
  "summary_bg_mean": 163.38990783691406,
  "summary_bg_median": 96.26667022705078,
  "summary_bg_n": 57493.0,
  "summary_bg_p05": 0.013333333656191826,
  "summary_bg_p95": 562.6960205078125,
  "summary_bg_stdv": 232.91598510742188,
  "summary_fg_k": 2.280189316815931,
  "summary_fg_mad": 341.2900718009677,
  "summary_fg_mean": 2989.229736328125,
  "summary_fg_median": 2985.716796875,
  "summary_fg_n": 30594.0,
  "summary_fg_p05": 2383.066638183594,
  "summary_fg_p95": 3605.9247802734376,
  "summary_fg_stdv": 388.27508544921875,
  "tsnr": 77.6732046357356
}