{
  "aor": 0.001709066666666667,
  "aqi": 0.004541379999999999,
  "bids_meta": {
    "EchoTime": 0.0036,
    "InstitutionName": "U of M FMRI",
    "Modality": "MR",
    "PatientPosition": "HFS",
    "RepetitionTime": 2.0,
    "SliceTiming": [
      0,
      0.069,
      0.138,
      0.207,
      0.276,
      0.345,
      0.414,
      0.483,
      0.552,
      0.621,
      0.69,
      0.759,
      0.828,
      0.897,
      0.966,
      1.035,
      1.104,
      1.173,
      1.242,
      1.311,
      1.38,
      1.449,
      1.518,
      1.587,
      1.656,
      1.725,
      1.794,
      1.863,
      1.932
    ],
    "TaskName": "reward",
    "dataset": "MLS",
    "modality": "bold",
    "run_id": 2,
    "session_id": "3",
    "subject_id": "92",
    "task_id": "reward"
  },
  "dummy_trs": 0,
  "dvars_nstd": 15.728839438926176,
  "dvars_std": 1.0296993242281884,
  "dvars_vstd": 0.9880957893959733,
  "efc": 0.5154582598129305,
  "fber": 1207.5406494140625,
  "fd_mean": 0.10375612033073152,
  "fd_num": 5,
  "fd_perc": 3.3333333333333335,
  "fwhm_avg": 2.4141272333333332,
  "fwhm_x": 2.5692416,
  "fwhm_y": 2.8052576,
  "fwhm_z": 1.8678825,
  "gcor": 0.0119093,
  "gsr_x": 0.006209094077348709,
  "gsr_y": 0.01677546091377735,
  "provenance": {
    "md5sum": "8e3f114735485978caea363978cccd52",
    "settings": {
      "fd_thres": 0.2,
      "testing": false
    },
    "software": "mriqc",
    "version": "23.1.0rc0"
  },
  "size_t": 150,
  "size_x": 64,
  "size_y": 64,
  "size_z": 29,
  "snr": 6.948776739394686,
  "spacing_tr": 1.0,
  "spacing_x": 3.125,
  "spacing_y": 3.125,
  "spacing_z": 4.0,
  "summary_bg_k": 25.570622439405394,
  "summary_bg_mad": 67.3991007981005,
  "summary_bg_mean": 79.73698425292969,
  "summary_bg_median": 49.013336181640625,
  "summary_bg_n": 70769.0,
  "summary_bg_p05": 0.0,
  "summary_bg_p95": 279.1826721191398,
  "summary_bg_stdv": 113.43378448486328,
  "summary_fg_k": 1.4855818839585169,
  "summary_fg_mad": 220.70503103527335,
  "summary_fg_mean": 1706.57421875,
  "summary_fg_median": 1721.416748046875,
  "summary_fg_n": 20486.0,
  "summary_fg_p05": 1292.4584045410156,
  "summary_fg_p95": 2091.223388671875,
  "summary_fg_stdv": 247.72341918945312,
  "tsnr": 78.59852687688544
}