{
  "aor": 0.0011853333333333332,
  "aqi": 0.0046334286666666665,
  "bids_meta": {
    "EchoTime": 0.0036,
    "InstitutionName": "U of M FMRI",
    "Modality": "MR",
    "PatientPosition": "HFS",
    "RepetitionTime": 2.0,
    "SliceTiming": [
      0,
      0.069,
      0.138,
      0.207,
      0.276,
      0.345,
      0.414,
      0.483,
      0.552,
      0.621,
      0.69,
      0.759,
      0.828,
      0.897,
      0.966,
      1.035,
      1.104,
      1.173,
      1.242,
      1.311,
      1.38,
      1.449,
      1.518,
      1.587,
      1.656,
      1.725,
      1.794,
      1.863,
      1.932
    ],
    "TaskName": "reward",
    "dataset": "MLS",
    "modality": "bold",
    "run_id": 1,
    "session_id": "3",
    "subject_id": "92",
    "task_id": "reward"
  },
  "dummy_trs": 0,
  "dvars_nstd": 15.15209547463087,
  "dvars_std": 1.04493244966443,
  "dvars_vstd": 1.0148993376510076,
  "efc": 0.5148086953851506,
  "fber": 1232.7208251953125,
  "fd_mean": 0.09789708881115249,
  "fd_num": 3,
  "fd_perc": 2.0,
  "fwhm_avg": 2.451896833333333,
  "fwhm_x": 2.6070848,
  "fwhm_y": 2.8812832,
  "fwhm_z": 1.8673225,
  "gcor": 0.0197862,
  "gsr_x": 0.00770468870177865,
  "gsr_y": 0.0173539686948061,
  "provenance": {
    "md5sum": "b8a29c512fe81aa8bd63df8ff8c67ecb",
    "settings": {
      "fd_thres": 0.2,
      "testing": false
    },
    "software": "mriqc",
    "version": "23.1.0rc0"
  },
  "size_t": 150,
  "size_x": 64,
  "size_y": 64,
  "size_z": 29,
  "snr": 7.035311189965075,
  "spacing_tr": 1.0,
  "spacing_x": 3.125,
  "spacing_y": 3.125,
  "spacing_z": 4.0,
  "summary_bg_k": 26.07584913508026,
  "summary_bg_mad": 65.87696149769954,
  "summary_bg_mean": 79.05025482177734,
  "summary_bg_median": 48.65333557128906,
  "summary_bg_n": 70769.0,
  "summary_bg_p05": 0.0,
  "summary_bg_p95": 274.43468017578056,
  "summary_bg_stdv": 112.68316650390625,
  "summary_fg_k": 1.5411791182091834,
  "summary_fg_mad": 218.3082901686145,
  "summary_fg_mean": 1709.031982421875,
  "summary_fg_median": 1721.56005859375,
  "summary_fg_n": 20507.0,
  "summary_fg_p05": 1305.2720458984375,
  "summary_fg_p95": 2087.140771484375,
  "summary_fg_stdv": 244.69679260253906,
  "tsnr": 76.81723551824689
}