{
  "aor": 0.0004988666666666666,
  "aqi": 0.0072048374,
  "bids_meta": {
    "EchoTime": 0.0036,
    "InstitutionName": "U of M FMRI",
    "Modality": "MR",
    "PatientPosition": "HFS",
    "RepetitionTime": 2.0,
    "SliceTiming": [
      0,
      0.069,
      0.138,
      0.207,
      0.276,
      0.345,
      0.414,
      0.483,
      0.552,
      0.621,
      0.69,
      0.759,
      0.828,
      0.897,
      0.966,
      1.035,
      1.104,
      1.173,
      1.242,
      1.311,
      1.38,
      1.449,
      1.518,
      1.587,
      1.656,
      1.725,
      1.794,
      1.863,
      1.932
    ],
    "TaskName": "reward",
    "dataset": "MLS",
    "modality": "bold",
    "run_id": 1,
    "session_id": "2",
    "subject_id": "195",
    "task_id": "reward"
  },
  "dummy_trs": 0,
  "dvars_nstd": 18.270132602147644,
  "dvars_std": 1.0153032307382552,
  "dvars_vstd": 0.9783049983221476,
  "efc": 0.6208893257914674,
  "fber": 820.9866333007812,
  "fd_mean": 0.08943865149345824,
  "fd_num": 5,
  "fd_perc": 3.3333333333333335,
  "fwhm_avg": 2.345255766666667,
  "fwhm_x": 2.3997568,
  "fwhm_y": 2.705648,
  "fwhm_z": 1.9303625,
  "gcor": 0.0306699,
  "gsr_x": 0.008106238208711147,
  "gsr_y": 0.050442829728126526,
  "provenance": {
    "md5sum": "72227ad8ead97be343063ba896fe75a7",
    "settings": {
      "fd_thres": 0.2,
      "testing": false
    },
    "software": "mriqc",
    "version": "23.1.0rc0"
  },
  "size_t": 150,
  "size_x": 64,
  "size_y": 64,
  "size_z": 29,
  "snr": 8.02850140930971,
  "spacing_tr": 1.0,
  "spacing_x": 3.125,
  "spacing_y": 3.125,
  "spacing_z": 4.0,
  "summary_bg_k": 9.42489774151321,
  "summary_bg_mad": 277.23674287350076,
  "summary_bg_mean": 349.7342834472656,
  "summary_bg_median": 188.4666748046875,
  "summary_bg_n": 55960.0,
  "summary_bg_p05": 0.07999999821186066,
  "summary_bg_p95": 1239.4020080566388,
  "summary_bg_stdv": 464.0309753417969,
  "summary_fg_k": 0.5042141273844511,
  "summary_fg_mad": 725.0916628296765,
  "summary_fg_mean": 5819.52490234375,
  "summary_fg_median": 5813.21337890625,
  "summary_fg_n": 32365.0,
  "summary_fg_p05": 4671.680078125,
  "summary_fg_p95": 6997.6921875,
  "summary_fg_stdv": 724.0608520507812,
  "tsnr": 71.87768397270702
}