{
  "aor": 0.0006906666666666666,
  "aqi": 0.005582317466666667,
  "bids_meta": {
    "EchoTime": 0.0036,
    "InstitutionName": "U of M FMRI",
    "Modality": "MR",
    "PatientPosition": "HFS",
    "RepetitionTime": 2.0,
    "SliceTiming": [
      0,
      0.069,
      0.138,
      0.207,
      0.276,
      0.345,
      0.414,
      0.483,
      0.552,
      0.621,
      0.69,
      0.759,
      0.828,
      0.897,
      0.966,
      1.035,
      1.104,
      1.173,
      1.242,
      1.311,
      1.38,
      1.449,
      1.518,
      1.587,
      1.656,
      1.725,
      1.794,
      1.863,
      1.932
    ],
    "TaskName": "reward",
    "dataset": "MLS",
    "modality": "bold",
    "run_id": 2,
    "session_id": "2",
    "subject_id": "195",
    "task_id": "reward"
  },
  "dummy_trs": 0,
  "dvars_nstd": 18.517837998120815,
  "dvars_std": 1.0471229718791941,
  "dvars_vstd": 1.002521219261745,
  "efc": 0.6169980620439391,
  "fber": 851.9667358398438,
  "fd_mean": 0.09149598342249246,
  "fd_num": 8,
  "fd_perc": 5.333333333333333,
  "fwhm_avg": 2.2740464,
  "fwhm_x": 2.36576,
  "fwhm_y": 2.6335392,
  "fwhm_z": 1.82284,
  "gcor": 0.0341863,
  "gsr_x": 0.005523534957319498,
  "gsr_y": 0.04818367213010788,
  "provenance": {
    "md5sum": "b94de11eb5d97b5c2aa4efd828de0290",
    "settings": {
      "fd_thres": 0.2,
      "testing": false
    },
    "software": "mriqc",
    "version": "23.1.0rc0"
  },
  "size_t": 150,
  "size_x": 64,
  "size_y": 64,
  "size_z": 29,
  "snr": 7.85889824977139,
  "spacing_tr": 1.0,
  "spacing_x": 3.125,
  "spacing_y": 3.125,
  "spacing_z": 4.0,
  "summary_bg_k": 10.661905636830646,
  "summary_bg_mad": 274.6718301818853,
  "summary_bg_mean": 342.0753479003906,
  "summary_bg_median": 186.02999877929688,
  "summary_bg_n": 56198.0,
  "summary_bg_p05": 0.10000000149011612,
  "summary_bg_p95": 1190.7990356445305,
  "summary_bg_stdv": 460.7169494628906,
  "summary_fg_k": 0.9026066853998262,
  "summary_fg_mad": 730.2409546168983,
  "summary_fg_mean": 5814.623046875,
  "summary_fg_median": 5808.63330078125,
  "summary_fg_n": 32221.0,
  "summary_fg_p05": 4653.7734375,
  "summary_fg_p95": 7002.10009765625,
  "summary_fg_stdv": 739.10400390625,
  "tsnr": 75.69603717327118
}