{
  "aor": 0.003090133333333333,
  "aqi": 0.004059031866666666,
  "bids_meta": {
    "EchoTime": 0.0036,
    "InstitutionName": "U of M FMRI",
    "Modality": "MR",
    "PatientPosition": "HFS",
    "RepetitionTime": 2.0,
    "SliceTiming": [
      0,
      0.069,
      0.138,
      0.207,
      0.276,
      0.345,
      0.414,
      0.483,
      0.552,
      0.621,
      0.69,
      0.759,
      0.828,
      0.897,
      0.966,
      1.035,
      1.104,
      1.173,
      1.242,
      1.311,
      1.38,
      1.449,
      1.518,
      1.587,
      1.656,
      1.725,
      1.794,
      1.863,
      1.932
    ],
    "TaskName": "reward",
    "dataset": "MLS",
    "modality": "bold",
    "run_id": 2,
    "session_id": "2",
    "subject_id": "51",
    "task_id": "reward"
  },
  "dummy_trs": 0,
  "dvars_nstd": 16.60872409489933,
  "dvars_std": 1.1660693589932887,
  "dvars_vstd": 1.0351607415436244,
  "efc": 0.5829068112294302,
  "fber": 797.702392578125,
  "fd_mean": 0.07071347018748861,
  "fd_num": 0,
  "fd_perc": 0.0,
  "fwhm_avg": 2.456092133333333,
  "fwhm_x": 2.6011392,
  "fwhm_y": 2.9265472,
  "fwhm_z": 1.84059,
  "gcor": 0.104254,
  "gsr_x": -0.0029834953602403402,
  "gsr_y": 0.04748212918639183,
  "provenance": {
    "md5sum": "8031057ee2fa59fb2c7c15ae9aa5e3a5",
    "settings": {
      "fd_thres": 0.2,
      "testing": false
    },
    "software": "mriqc",
    "version": "23.1.0rc0"
  },
  "size_t": 150,
  "size_x": 64,
  "size_y": 64,
  "size_z": 29,
  "snr": 6.8102543201599595,
  "spacing_tr": 1.0,
  "spacing_x": 3.125,
  "spacing_y": 3.125,
  "spacing_z": 4.0,
  "summary_bg_k": 22.221986799389732,
  "summary_bg_mad": 158.72740120493268,
  "summary_bg_mean": 187.0059051513672,
  "summary_bg_median": 108.06000518798828,
  "summary_bg_n": 62190.0,
  "summary_bg_p05": 0.03333333507180214,
  "summary_bg_p95": 671.9893463134757,
  "summary_bg_stdv": 268.9780578613281,
  "summary_fg_k": 1.0662014108302547,
  "summary_fg_mad": 420.06109687287125,
  "summary_fg_mean": 3122.94970703125,
  "summary_fg_median": 3107.440185546875,
  "summary_fg_n": 27693.0,
  "summary_fg_p05": 2432.693359375,
  "summary_fg_p95": 3910.7320800781245,
  "summary_fg_stdv": 456.2801818847656,
  "tsnr": 82.54514444759116
}