{
  "aor": 0.002251533333333334,
  "aqi": 0.0050544377333333335,
  "bids_meta": {
    "EchoTime": 0.0036,
    "InstitutionName": "U of M FMRI",
    "Modality": "MR",
    "PatientPosition": "HFS",
    "RepetitionTime": 2.0,
    "SliceTiming": [
      0,
      0.069,
      0.138,
      0.207,
      0.276,
      0.345,
      0.414,
      0.483,
      0.552,
      0.621,
      0.69,
      0.759,
      0.828,
      0.897,
      0.966,
      1.035,
      1.104,
      1.173,
      1.242,
      1.311,
      1.38,
      1.449,
      1.518,
      1.587,
      1.656,
      1.725,
      1.794,
      1.863,
      1.932
    ],
    "TaskName": "reward",
    "dataset": "MLS",
    "modality": "bold",
    "run_id": 1,
    "session_id": "2",
    "subject_id": "51",
    "task_id": "reward"
  },
  "dummy_trs": 0,
  "dvars_nstd": 16.929255863221464,
  "dvars_std": 1.1413091792617454,
  "dvars_vstd": 1.032715411073825,
  "efc": 0.5834023958488517,
  "fber": 792.0482177734375,
  "fd_mean": 0.07784903937721575,
  "fd_num": 3,
  "fd_perc": 2.0,
  "fwhm_avg": 2.4228713,
  "fwhm_x": 2.5678848,
  "fwhm_y": 2.8592416,
  "fwhm_z": 1.8414875,
  "gcor": 0.0467108,
  "gsr_x": -0.004460422322154045,
  "gsr_y": 0.04700702801346779,
  "provenance": {
    "md5sum": "b861b561cc07aaac607c918c7ea07d45",
    "settings": {
      "fd_thres": 0.2,
      "testing": false
    },
    "software": "mriqc",
    "version": "23.1.0rc0"
  },
  "size_t": 150,
  "size_x": 64,
  "size_y": 64,
  "size_z": 29,
  "snr": 6.776344887915244,
  "spacing_tr": 1.0,
  "spacing_x": 3.125,
  "spacing_y": 3.125,
  "spacing_z": 4.0,
  "summary_bg_k": 20.720059139163457,
  "summary_bg_mad": 156.42442442034337,
  "summary_bg_mean": 187.51654052734375,
  "summary_bg_median": 108.80667114257812,
  "summary_bg_n": 62066.0,
  "summary_bg_p05": 0.006666666828095913,
  "summary_bg_p95": 667.4900360107422,
  "summary_bg_stdv": 265.999267578125,
  "summary_fg_k": 0.9015566528946515,
  "summary_fg_mad": 425.3486586912135,
  "summary_fg_mean": 3147.002197265625,
  "summary_fg_median": 3126.68359375,
  "summary_fg_n": 27826.0,
  "summary_fg_p05": 2452.1499633789062,
  "summary_fg_p95": 3946.6300048828125,
  "summary_fg_stdv": 461.4032287597656,
  "tsnr": 77.49365116283298
}