{
  "aor": 0.0008728859060402685,
  "aqi": 0.010264565167785232,
  "bids_meta": {
    "EchoTime": 0.0036,
    "InstitutionName": "U of M FMRI",
    "Modality": "MR",
    "PatientPosition": "HFS",
    "RepetitionTime": 2.0,
    "SliceTiming": [
      0,
      0.069,
      0.138,
      0.207,
      0.276,
      0.345,
      0.414,
      0.483,
      0.552,
      0.621,
      0.69,
      0.759,
      0.828,
      0.897,
      0.966,
      1.035,
      1.104,
      1.173,
      1.242,
      1.311,
      1.38,
      1.449,
      1.518,
      1.587,
      1.656,
      1.725,
      1.794,
      1.863,
      1.932
    ],
    "TaskName": "reward",
    "dataset": "MLS",
    "modality": "bold",
    "run_id": 2,
    "session_id": "2",
    "subject_id": "27",
    "task_id": "reward"
  },
  "dummy_trs": 1,
  "dvars_nstd": 18.874233503716216,
  "dvars_std": 0.978208830743243,
  "dvars_vstd": 0.945738694527027,
  "efc": 0.5447154539745603,
  "fber": 1041.2537841796875,
  "fd_mean": 0.08804997796893314,
  "fd_num": 8,
  "fd_perc": 5.369127516778524,
  "fwhm_avg": 2.0671679,
  "fwhm_x": 2.1108992,
  "fwhm_y": 2.430512,
  "fwhm_z": 1.6600925,
  "gcor": 0.00744759,
  "gsr_x": 0.009242975153028965,
  "gsr_y": 0.02881188504397869,
  "provenance": {
    "md5sum": "8a1acc4f71fb11cf58619f0afcf6d8b2",
    "settings": {
      "fd_thres": 0.2,
      "testing": false
    },
    "software": "mriqc",
    "version": "23.1.0rc0"
  },
  "size_t": 149,
  "size_x": 64,
  "size_y": 64,
  "size_z": 29,
  "snr": 7.402562997332727,
  "spacing_tr": 1.0,
  "spacing_x": 3.125,
  "spacing_y": 3.125,
  "spacing_z": 4.0,
  "summary_bg_k": 15.740771330054727,
  "summary_bg_mad": 118.54350585576594,
  "summary_bg_mean": 149.2991943359375,
  "summary_bg_median": 82.30201721191406,
  "summary_bg_n": 67250.0,
  "summary_bg_p05": 0.020134229212999344,
  "summary_bg_p95": 537.920132446289,
  "summary_bg_stdv": 211.70347595214844,
  "summary_fg_k": 1.2534110357610109,
  "summary_fg_mad": 342.8390943092916,
  "summary_fg_mean": 2703.439208984375,
  "summary_fg_median": 2684.744873046875,
  "summary_fg_n": 22817.0,
  "summary_fg_p05": 2163.275146484375,
  "summary_fg_p95": 3309.80126953125,
  "summary_fg_stdv": 362.6697998046875,
  "tsnr": 62.141522200545296
}