{
  "aor": 0.001454466666666667,
  "aqi": 0.005345961533333334,
  "bids_meta": {
    "EchoTime": 0.0036,
    "InstitutionName": "U of M FMRI",
    "Modality": "MR",
    "PatientPosition": "HFS",
    "RepetitionTime": 2.0,
    "SliceTiming": [
      0,
      0.069,
      0.138,
      0.207,
      0.276,
      0.345,
      0.414,
      0.483,
      0.552,
      0.621,
      0.69,
      0.759,
      0.828,
      0.897,
      0.966,
      1.035,
      1.104,
      1.173,
      1.242,
      1.311,
      1.38,
      1.449,
      1.518,
      1.587,
      1.656,
      1.725,
      1.794,
      1.863,
      1.932
    ],
    "TaskName": "reward",
    "dataset": "MLS",
    "modality": "bold",
    "run_id": 1,
    "session_id": "2",
    "subject_id": "27",
    "task_id": "reward"
  },
  "dummy_trs": 0,
  "dvars_nstd": 18.394010371006704,
  "dvars_std": 1.045825060469798,
  "dvars_vstd": 1.0096025648993296,
  "efc": 0.5464813720129392,
  "fber": 1031.279541015625,
  "fd_mean": 0.0782827512127052,
  "fd_num": 2,
  "fd_perc": 1.3333333333333333,
  "fwhm_avg": 2.1051322999999997,
  "fwhm_x": 2.1479392,
  "fwhm_y": 2.4439552,
  "fwhm_z": 1.7235025,
  "gcor": 0.0244225,
  "gsr_x": 0.008856729604303837,
  "gsr_y": 0.03014749474823475,
  "provenance": {
    "md5sum": "efb98fd554ba8c887b6f8bd1a574f423",
    "settings": {
      "fd_thres": 0.2,
      "testing": false
    },
    "software": "mriqc",
    "version": "23.1.0rc0"
  },
  "size_t": 150,
  "size_x": 64,
  "size_y": 64,
  "size_z": 29,
  "snr": 7.464978181021969,
  "spacing_tr": 1.0,
  "spacing_x": 3.125,
  "spacing_y": 3.125,
  "spacing_z": 4.0,
  "summary_bg_k": 14.669870670156968,
  "summary_bg_mad": 118.39072635786295,
  "summary_bg_mean": 147.7188262939453,
  "summary_bg_median": 80.91999816894531,
  "summary_bg_n": 67188.0,
  "summary_bg_p05": 0.006666666828095913,
  "summary_bg_p95": 541.845993041992,
  "summary_bg_stdv": 209.18743896484375,
  "summary_fg_k": 1.028450678617463,
  "summary_fg_mad": 334.7863128502576,
  "summary_fg_mean": 2654.59521484375,
  "summary_fg_median": 2637.8466796875,
  "summary_fg_n": 22974.0,
  "summary_fg_p05": 2122.671008300781,
  "summary_fg_p95": 3244.3196777343746,
  "summary_fg_stdv": 353.3552551269531,
  "tsnr": 72.31546435854398
}