{
  "aor": 0.0012120805369127516,
  "aqi": 0.0037254504697986574,
  "bids_meta": {
    "EchoTime": 0.0036,
    "InstitutionName": "U of M FMRI",
    "Modality": "MR",
    "PatientPosition": "HFS",
    "RepetitionTime": 2.0,
    "SliceTiming": [
      0,
      0.069,
      0.138,
      0.207,
      0.276,
      0.345,
      0.414,
      0.483,
      0.552,
      0.621,
      0.69,
      0.759,
      0.828,
      0.897,
      0.966,
      1.035,
      1.104,
      1.173,
      1.242,
      1.311,
      1.38,
      1.449,
      1.518,
      1.587,
      1.656,
      1.725,
      1.794,
      1.863,
      1.932
    ],
    "TaskName": "reward",
    "dataset": "MLS",
    "modality": "bold",
    "run_id": 1,
    "session_id": "1",
    "subject_id": "244",
    "task_id": "reward"
  },
  "dummy_trs": 1,
  "dvars_nstd": 15.595181916148661,
  "dvars_std": 1.1286627833783782,
  "dvars_vstd": 1.0003942354054047,
  "efc": 0.544623732931235,
  "fber": 1701.844482421875,
  "fd_mean": 0.09877843130964559,
  "fd_num": 12,
  "fd_perc": 8.053691275167786,
  "fwhm_avg": 2.4892125333333333,
  "fwhm_x": 2.5902016,
  "fwhm_y": 2.940976,
  "fwhm_z": 1.93646,
  "gcor": 0.06263,
  "gsr_x": 0.007373244501650333,
  "gsr_y": 0.03476325049996376,
  "provenance": {
    "md5sum": "3fc047661ecdda5ea84643fc974f5c72",
    "settings": {
      "fd_thres": 0.2,
      "testing": false
    },
    "software": "mriqc",
    "version": "23.1.0rc0"
  },
  "size_t": 149,
  "size_x": 64,
  "size_y": 64,
  "size_z": 29,
  "snr": 7.774328364073956,
  "spacing_tr": 1.0,
  "spacing_x": 3.125,
  "spacing_y": 3.125,
  "spacing_z": 4.0,
  "summary_bg_k": 19.760426054002206,
  "summary_bg_mad": 137.74270024027174,
  "summary_bg_mean": 154.19627380371094,
  "summary_bg_median": 95.0604019165039,
  "summary_bg_n": 64841.0,
  "summary_bg_p05": 0.01342281885445118,
  "summary_bg_p95": 529.3489990234375,
  "summary_bg_stdv": 214.71397399902344,
  "summary_fg_k": 1.4212418230981116,
  "summary_fg_mad": 444.55679116883255,
  "summary_fg_mean": 3892.39013671875,
  "summary_fg_median": 3886.537109375,
  "summary_fg_n": 25206.0,
  "summary_fg_p05": 3084.9480590820312,
  "summary_fg_p95": 4686.681396484375,
  "summary_fg_stdv": 499.909423828125,
  "tsnr": 94.93311576079577
}