{
  "aor": 0.006699266666666667,
  "aqi": 0.007089873066666666,
  "bids_meta": {
    "EchoTime": 0.0036,
    "InstitutionName": "U of M FMRI",
    "Modality": "MR",
    "PatientPosition": "HFS",
    "RepetitionTime": 2.0,
    "SliceTiming": [
      0,
      0.069,
      0.138,
      0.207,
      0.276,
      0.345,
      0.414,
      0.483,
      0.552,
      0.621,
      0.69,
      0.759,
      0.828,
      0.897,
      0.966,
      1.035,
      1.104,
      1.173,
      1.242,
      1.311,
      1.38,
      1.449,
      1.518,
      1.587,
      1.656,
      1.725,
      1.794,
      1.863,
      1.932
    ],
    "TaskName": "reward",
    "dataset": "MLS",
    "modality": "bold",
    "run_id": 1,
    "session_id": "2",
    "subject_id": "131",
    "task_id": "reward"
  },
  "dummy_trs": 0,
  "dvars_nstd": 16.576256860872483,
  "dvars_std": 1.0561511575167786,
  "dvars_vstd": 1.0343693805369132,
  "efc": 0.5155327035942944,
  "fber": 1020.3108520507812,
  "fd_mean": 0.1460909703548241,
  "fd_num": 22,
  "fd_perc": 14.666666666666666,
  "fwhm_avg": 2.473721533333333,
  "fwhm_x": 2.4827104,
  "fwhm_y": 2.9553792,
  "fwhm_z": 1.983075,
  "gcor": 0.0174378,
  "gsr_x": 0.0014537718379870057,
  "gsr_y": 0.04057932272553444,
  "provenance": {
    "md5sum": "311355248a6e145fafaf22b376c50334",
    "settings": {
      "fd_thres": 0.2,
      "testing": false
    },
    "software": "mriqc",
    "version": "23.1.0rc0"
  },
  "size_t": 150,
  "size_x": 64,
  "size_y": 64,
  "size_z": 29,
  "snr": 8.373425756485666,
  "spacing_tr": 1.0,
  "spacing_x": 3.125,
  "spacing_y": 3.125,
  "spacing_z": 4.0,
  "summary_bg_k": 19.089429949588936,
  "summary_bg_mad": 283.46367615019926,
  "summary_bg_mean": 368.993896484375,
  "summary_bg_median": 248.42333984375,
  "summary_bg_n": 71104.0,
  "summary_bg_p05": 0.12666666507720947,
  "summary_bg_p95": 1205.9020507812477,
  "summary_bg_stdv": 509.7626953125,
  "summary_fg_k": 1.6227805511408624,
  "summary_fg_mad": 892.081320518702,
  "summary_fg_mean": 7967.72509765625,
  "summary_fg_median": 7981.36669921875,
  "summary_fg_n": 20535.0,
  "summary_fg_p05": 6384.024853515625,
  "summary_fg_p95": 9435.53740234375,
  "summary_fg_stdv": 953.1549682617188,
  "tsnr": 69.65630446677096
}