{
  "bids_meta": {
    "AcquisitionMatrixPE": 160,
    "CoilString": "HEAD",
    "EchoTime": 0.001784,
    "FlipAngle": 15,
    "ImageType": [
      "ORIGINAL",
      "PRIMARY",
      "OTHER"
    ],
    "InPlanePhaseEncodingDirectionDICOM": "ROW",
    "InstitutionName": "U of M FMRi",
    "InversionTime": 0.4,
    "MRAcquisitionType": "3D",
    "Modality": "MR",
    "PatientPosition": "HFS",
    "PercentPhaseFOV": 100,
    "PercentSampling": 100,
    "ReconMatrixPE": 256,
    "RepetitionTime": 0.008948,
    "SAR": 0.017417,
    "ScanningSequence": "GR",
    "SeriesDescription": "3d spgr IR axial",
    "dataset": "MLS",
    "modality": "T1w",
    "session_id": "2",
    "subject_id": "29"
  },
  "cjv": 0.2788801284465489,
  "cnr": 4.59454719005958,
  "efc": 0.6639361269313668,
  "fber": -1.0,
  "fwhm_avg": 5.78122478521253,
  "fwhm_x": 6.50521,
  "fwhm_y": 6.73255,
  "fwhm_z": 4.105914355637591,
  "icvs_csf": 0.22939014948593808,
  "icvs_gm": 0.42501792717355297,
  "icvs_wm": 0.3455919233405089,
  "inu_med": 0.5146540403366089,
  "inu_range": 0.2634177044034004,
  "provenance": {
    "md5sum": "0fee92f98ec780f86fb6e6ef52ff92ce",
    "settings": {
      "testing": false
    },
    "software": "mriqc",
    "version": "23.1.0rc0",
    "warnings": {
      "large_rot_frame": true,
      "small_air_mask": false
    }
  },
  "qi_1": 0.004727523879294983,
  "qi_2": 0.0006391183006962026,
  "rpve_csf": 12.467375199058367,
  "rpve_gm": 6.877066486693993,
  "rpve_wm": 10.123190876926909,
  "size_x": 202,
  "size_y": 202,
  "size_z": 112,
  "snr_csf": 2.114522081371164,
  "snr_gm": 11.747801378729703,
  "snr_total": 13.719480932505471,
  "snr_wm": 27.296119337415547,
  "snrd_csf": 6.2471433822066,
  "snrd_gm": 16.666043276439407,
  "snrd_total": 15.966617554258514,
  "snrd_wm": 24.98666600412954,
  "spacing_x": 1.0,
  "spacing_y": 1.0,
  "spacing_z": 1.399999976158142,
  "summary_bg_k": 234.17336426158028,
  "summary_bg_mad": 0.0,
  "summary_bg_mean": 8.213167933358312,
  "summary_bg_median": 0.0,
  "summary_bg_n": 728628.0,
  "summary_bg_p05": 0.0,
  "summary_bg_p95": 30.639003301599022,
  "summary_bg_stdv": 26.220440256384272,
  "summary_csf_k": 16.011955046430884,
  "summary_csf_mad": 104.07700790929044,
  "summary_csf_mean": 255.2666861270431,
  "summary_csf_median": 250.02861972898245,
  "summary_csf_n": 22163.0,
  "summary_csf_p05": 67.77111625447871,
  "summary_csf_p95": 447.2611197713762,
  "summary_csf_stdv": 118.2408929146201,
  "summary_gm_k": -0.02266303289467908,
  "summary_gm_mad": 58.2921795250512,
  "summary_gm_mean": 664.4886625239876,
  "summary_gm_median": 667.0229162052274,
  "summary_gm_n": 26985.0,
  "summary_gm_p05": 568.1642720259727,
  "summary_gm_p95": 752.4907146133482,
  "summary_gm_stdv": 56.77747992539121,
  "summary_wm_k": 0.5675609351284847,
  "summary_wm_mad": 34.57914727165659,
  "summary_wm_mean": 1001.817994120379,
  "summary_wm_median": 1000.0381342992187,
  "summary_wm_n": 135712.0,
  "summary_wm_p05": 944.8409764170647,
  "summary_wm_p95": 1064.1294400282204,
  "summary_wm_stdv": 36.636506366257784,
  "tpm_overlap_csf": 0.1501316164566615,
  "tpm_overlap_gm": 0.4780583835767,
  "tpm_overlap_wm": 0.5190699534828646,
  "wm2max": 0.431761790240159
}