{
  "aor": 0.0007772666666666666,
  "aqi": 0.00462126,
  "bids_meta": {
    "EchoTime": 0.0036,
    "InstitutionName": "U of M FMRI",
    "Modality": "MR",
    "PatientPosition": "HFS",
    "RepetitionTime": 2.0,
    "SliceTiming": [
      0,
      0.069,
      0.138,
      0.207,
      0.276,
      0.345,
      0.414,
      0.483,
      0.552,
      0.621,
      0.69,
      0.759,
      0.828,
      0.897,
      0.966,
      1.035,
      1.104,
      1.173,
      1.242,
      1.311,
      1.38,
      1.449,
      1.518,
      1.587,
      1.656,
      1.725,
      1.794,
      1.863,
      1.932
    ],
    "TaskName": "reward",
    "dataset": "MLS",
    "modality": "bold",
    "run_id": 1,
    "session_id": "2",
    "subject_id": "200",
    "task_id": "reward"
  },
  "dummy_trs": 0,
  "dvars_nstd": 16.83835163966442,
  "dvars_std": 1.0838762103355704,
  "dvars_vstd": 0.9963948621476505,
  "efc": 0.5902534061253113,
  "fber": 808.821044921875,
  "fd_mean": 0.060080857197473705,
  "fd_num": 1,
  "fd_perc": 0.6666666666666666,
  "fwhm_avg": 2.2240298,
  "fwhm_x": 2.288048,
  "fwhm_y": 2.6170464,
  "fwhm_z": 1.766995,
  "gcor": 0.0169083,
  "gsr_x": 0.0014402231900021434,
  "gsr_y": 0.03916678577661514,
  "provenance": {
    "md5sum": "4549648b5989771ea0d16d608b975d56",
    "settings": {
      "fd_thres": 0.2,
      "testing": false
    },
    "software": "mriqc",
    "version": "23.1.0rc0"
  },
  "size_t": 150,
  "size_x": 64,
  "size_y": 64,
  "size_z": 29,
  "snr": 7.826596513597533,
  "spacing_tr": 1.0,
  "spacing_x": 3.125,
  "spacing_y": 3.125,
  "spacing_z": 4.0,
  "summary_bg_k": 17.015656431190116,
  "summary_bg_mad": 278.04228197595086,
  "summary_bg_mean": 305.6701354980469,
  "summary_bg_median": 188.47666931152344,
  "summary_bg_n": 60380.0,
  "summary_bg_p05": 0.0,
  "summary_bg_p95": 1036.31435546875,
  "summary_bg_stdv": 408.39666748046875,
  "summary_fg_k": 1.1234769259620672,
  "summary_fg_mad": 697.2378527909941,
  "summary_fg_mean": 5481.67626953125,
  "summary_fg_median": 5477.30029296875,
  "summary_fg_n": 29033.0,
  "summary_fg_p05": 4398.485546875,
  "summary_fg_p95": 6607.593359375,
  "summary_fg_stdv": 699.8196411132812,
  "tsnr": 85.67180715152062
}