{
  "aor": 0.0009308666666666667,
  "aqi": 0.005068005333333334,
  "bids_meta": {
    "EchoTime": 0.0036,
    "InstitutionName": "U of M FMRI",
    "Modality": "MR",
    "PatientPosition": "HFS",
    "RepetitionTime": 2.0,
    "SliceTiming": [
      0,
      0.069,
      0.138,
      0.207,
      0.276,
      0.345,
      0.414,
      0.483,
      0.552,
      0.621,
      0.69,
      0.759,
      0.828,
      0.897,
      0.966,
      1.035,
      1.104,
      1.173,
      1.242,
      1.311,
      1.38,
      1.449,
      1.518,
      1.587,
      1.656,
      1.725,
      1.794,
      1.863,
      1.932
    ],
    "TaskName": "reward",
    "dataset": "MLS",
    "modality": "bold",
    "run_id": 2,
    "session_id": "2",
    "subject_id": "200",
    "task_id": "reward"
  },
  "dummy_trs": 0,
  "dvars_nstd": 18.191376635100667,
  "dvars_std": 1.1079821681879194,
  "dvars_vstd": 0.9997720730201337,
  "efc": 0.5903808941319955,
  "fber": 799.7678833007812,
  "fd_mean": 0.09141938773845343,
  "fd_num": 6,
  "fd_perc": 4.0,
  "fwhm_avg": 2.1836664999999997,
  "fwhm_x": 2.2327616,
  "fwhm_y": 2.5975904,
  "fwhm_z": 1.7206475,
  "gcor": 0.00883086,
  "gsr_x": 0.0012486039195209742,
  "gsr_y": 0.03761998191475868,
  "provenance": {
    "md5sum": "b1c94092a25abb0c33a40a4e7bdf354b",
    "settings": {
      "fd_thres": 0.2,
      "testing": false
    },
    "software": "mriqc",
    "version": "23.1.0rc0"
  },
  "size_t": 150,
  "size_x": 64,
  "size_y": 64,
  "size_z": 29,
  "snr": 7.680552969736659,
  "spacing_tr": 1.0,
  "spacing_x": 3.125,
  "spacing_y": 3.125,
  "spacing_z": 4.0,
  "summary_bg_k": 19.931879174169342,
  "summary_bg_mad": 279.45075282867754,
  "summary_bg_mean": 306.6819152832031,
  "summary_bg_median": 189.0800018310547,
  "summary_bg_n": 60365.0,
  "summary_bg_p05": 0.006666666828095913,
  "summary_bg_p95": 1040.882690429687,
  "summary_bg_stdv": 414.759765625,
  "summary_fg_k": 1.8049700240546782,
  "summary_fg_mad": 700.3521861620933,
  "summary_fg_mean": 5474.1513671875,
  "summary_fg_median": 5470.10693359375,
  "summary_fg_n": 29129.0,
  "summary_fg_p05": 4387.92412109375,
  "summary_fg_p95": 6596.2853515625,
  "summary_fg_stdv": 712.1900024414062,
  "tsnr": 81.4036144898273
}