{
  "aor": 0.005827466666666667,
  "aqi": 0.015097940266666665,
  "bids_meta": {
    "EchoTime": 0.0036,
    "InstitutionName": "U of M FMRI",
    "Modality": "MR",
    "PatientPosition": "HFS",
    "RepetitionTime": 2.0,
    "SliceTiming": [
      0,
      0.069,
      0.138,
      0.207,
      0.276,
      0.345,
      0.414,
      0.483,
      0.552,
      0.621,
      0.69,
      0.759,
      0.828,
      0.897,
      0.966,
      1.035,
      1.104,
      1.173,
      1.242,
      1.311,
      1.38,
      1.449,
      1.518,
      1.587,
      1.656,
      1.725,
      1.794,
      1.863,
      1.932
    ],
    "TaskName": "reward",
    "dataset": "MLS",
    "modality": "bold",
    "run_id": 1,
    "session_id": "1",
    "subject_id": "197",
    "task_id": "reward"
  },
  "dummy_trs": 0,
  "dvars_nstd": 19.63909613832215,
  "dvars_std": 1.0193899048322148,
  "dvars_vstd": 0.9520290208053691,
  "efc": 0.5501214789313221,
  "fber": 1040.5015869140625,
  "fd_mean": 0.1770933102916656,
  "fd_num": 28,
  "fd_perc": 18.666666666666668,
  "fwhm_avg": 2.4860558666666663,
  "fwhm_x": 2.5112512000000002,
  "fwhm_y": 2.9382463999999997,
  "fwhm_z": 2.00867,
  "gcor": 0.0364352,
  "gsr_x": 0.013653096742928028,
  "gsr_y": 0.028795354068279266,
  "provenance": {
    "md5sum": "503558e41a528394afe3d4f50d15de5f",
    "settings": {
      "fd_thres": 0.2,
      "testing": false
    },
    "software": "mriqc",
    "version": "23.1.0rc0"
  },
  "size_t": 150,
  "size_x": 64,
  "size_y": 64,
  "size_z": 29,
  "snr": 8.284191735112865,
  "spacing_tr": 1.0,
  "spacing_x": 3.125,
  "spacing_y": 3.125,
  "spacing_z": 4.0,
  "summary_bg_k": 16.469383050681156,
  "summary_bg_mad": 346.8251374274697,
  "summary_bg_mean": 401.23150634765625,
  "summary_bg_median": 260.3699951171875,
  "summary_bg_n": 65550.0,
  "summary_bg_p05": 0.24666666984558105,
  "summary_bg_p95": 1361.8533691406233,
  "summary_bg_stdv": 557.3853149414062,
  "summary_fg_k": 0.7810821589298196,
  "summary_fg_mad": 1003.9388799876439,
  "summary_fg_mean": 8460.9453125,
  "summary_fg_median": 8473.2734375,
  "summary_fg_n": 24647.0,
  "summary_fg_p05": 6802.56484375,
  "summary_fg_p95": 10097.8630859375,
  "summary_fg_stdv": 1022.8036499023438,
  "tsnr": 52.37846466130577
}