{
  "aor": 0.007310533333333336,
  "aqi": 0.009274597733333332,
  "bids_meta": {
    "EchoTime": 0.0036,
    "InstitutionName": "U of M FMRI",
    "Modality": "MR",
    "PatientPosition": "HFS",
    "RepetitionTime": 2.0,
    "SliceTiming": [
      0,
      0.069,
      0.138,
      0.207,
      0.276,
      0.345,
      0.414,
      0.483,
      0.552,
      0.621,
      0.69,
      0.759,
      0.828,
      0.897,
      0.966,
      1.035,
      1.104,
      1.173,
      1.242,
      1.311,
      1.38,
      1.449,
      1.518,
      1.587,
      1.656,
      1.725,
      1.794,
      1.863,
      1.932
    ],
    "TaskName": "reward",
    "dataset": "MLS",
    "modality": "bold",
    "run_id": 2,
    "session_id": "1",
    "subject_id": "197",
    "task_id": "reward"
  },
  "dummy_trs": 0,
  "dvars_nstd": 21.101986155436236,
  "dvars_std": 1.1076140477852352,
  "dvars_vstd": 1.028876371812081,
  "efc": 0.5499265186700305,
  "fber": 1049.174560546875,
  "fd_mean": 0.21747758051375377,
  "fd_num": 24,
  "fd_perc": 16.0,
  "fwhm_avg": 2.4438359999999997,
  "fwhm_x": 2.497776,
  "fwhm_y": 2.862912,
  "fwhm_z": 1.97082,
  "gcor": 0.0807759,
  "gsr_x": 0.01125602051615715,
  "gsr_y": 0.028228994458913803,
  "provenance": {
    "md5sum": "69e7aafa4d80e9127f7974fd471e16ba",
    "settings": {
      "fd_thres": 0.2,
      "testing": false
    },
    "software": "mriqc",
    "version": "23.1.0rc0"
  },
  "size_t": 150,
  "size_x": 64,
  "size_y": 64,
  "size_z": 29,
  "snr": 8.217253168798944,
  "spacing_tr": 1.0,
  "spacing_x": 3.125,
  "spacing_y": 3.125,
  "spacing_z": 4.0,
  "summary_bg_k": 19.03893336361992,
  "summary_bg_mad": 355.6021511576544,
  "summary_bg_mean": 396.23309326171875,
  "summary_bg_median": 254.42001342773438,
  "summary_bg_n": 65490.0,
  "summary_bg_p05": 0.2666666805744171,
  "summary_bg_p95": 1356.2820312499998,
  "summary_bg_stdv": 563.1174926757812,
  "summary_fg_k": 0.9210421311257471,
  "summary_fg_mad": 997.7467715521032,
  "summary_fg_mean": 8389.16015625,
  "summary_fg_median": 8405.15625,
  "summary_fg_n": 24628.0,
  "summary_fg_p05": 6744.690625,
  "summary_fg_p95": 10038.672119140623,
  "summary_fg_stdv": 1022.8461303710938,
  "tsnr": 59.64542757580057
}