{
  "aor": 0.0009821333333333334,
  "aqi": 0.003044276666666667,
  "bids_meta": {
    "EchoTime": 0.0036,
    "InstitutionName": "U of M FMRI",
    "Modality": "MR",
    "PatientPosition": "HFS",
    "RepetitionTime": 2.0,
    "SliceTiming": [
      0,
      0.069,
      0.138,
      0.207,
      0.276,
      0.345,
      0.414,
      0.483,
      0.552,
      0.621,
      0.69,
      0.759,
      0.828,
      0.897,
      0.966,
      1.035,
      1.104,
      1.173,
      1.242,
      1.311,
      1.38,
      1.449,
      1.518,
      1.587,
      1.656,
      1.725,
      1.794,
      1.863,
      1.932
    ],
    "TaskName": "reward",
    "dataset": "MLS",
    "modality": "bold",
    "run_id": 1,
    "session_id": "1",
    "subject_id": "41",
    "task_id": "reward"
  },
  "dummy_trs": 0,
  "dvars_nstd": 16.680682239798653,
  "dvars_std": 1.195029570939598,
  "dvars_vstd": 1.0039586153691271,
  "efc": 0.5257373819724072,
  "fber": 1991.514404296875,
  "fd_mean": 0.08936889319042417,
  "fd_num": 5,
  "fd_perc": 3.3333333333333335,
  "fwhm_avg": 2.419578,
  "fwhm_x": 2.5127135999999997,
  "fwhm_y": 2.8281504,
  "fwhm_z": 1.91787,
  "gcor": 0.040856,
  "gsr_x": 0.0004936776822432876,
  "gsr_y": 0.03721625357866287,
  "provenance": {
    "md5sum": "f5cab7e6871858a281561b02bbbd7c88",
    "settings": {
      "fd_thres": 0.2,
      "testing": false
    },
    "software": "mriqc",
    "version": "23.1.0rc0"
  },
  "size_t": 150,
  "size_x": 64,
  "size_y": 64,
  "size_z": 29,
  "snr": 6.530551224363121,
  "spacing_tr": 1.0,
  "spacing_x": 3.125,
  "spacing_y": 3.125,
  "spacing_z": 4.0,
  "summary_bg_k": 29.2561929233488,
  "summary_bg_mad": 113.6958236332675,
  "summary_bg_mean": 144.57977294921875,
  "summary_bg_median": 78.43333435058594,
  "summary_bg_n": 67503.0,
  "summary_bg_p05": 0.006666666828095913,
  "summary_bg_p95": 542.8173278808588,
  "summary_bg_stdv": 230.3574676513672,
  "summary_fg_k": 1.0918103648760278,
  "summary_fg_mad": 473.9882188269867,
  "summary_fg_mean": 3511.20556640625,
  "summary_fg_median": 3504.97998046875,
  "summary_fg_n": 23027.0,
  "summary_fg_p05": 2643.848681640625,
  "summary_fg_p95": 4400.54013671875,
  "summary_fg_stdv": 536.6934204101562,
  "tsnr": 97.18794234097004
}