{
  "bids_meta": {
    "AcquisitionMatrixPE": 160,
    "CoilString": "HEAD",
    "EchoTime": 0.001784,
    "FlipAngle": 15,
    "ImageType": [
      "ORIGINAL",
      "PRIMARY",
      "OTHER"
    ],
    "InPlanePhaseEncodingDirectionDICOM": "ROW",
    "InstitutionName": "U of M FMRi",
    "InversionTime": 0.4,
    "MRAcquisitionType": "3D",
    "Modality": "MR",
    "PatientPosition": "HFS",
    "PercentPhaseFOV": 100,
    "PercentSampling": 100,
    "ReconMatrixPE": 256,
    "RepetitionTime": 0.008948,
    "SAR": 0.017417,
    "ScanningSequence": "GR",
    "SeriesDescription": "3d spgr IR axial",
    "dataset": "MLS",
    "modality": "T1w",
    "session_id": "1",
    "subject_id": "34"
  },
  "cjv": 0.33058022439651935,
  "cnr": 4.112928672753392,
  "efc": 0.7444449358448431,
  "fber": -1.0,
  "fwhm_avg": 5.209406610413793,
  "fwhm_x": 5.25068,
  "fwhm_y": 6.13059,
  "fwhm_z": 4.246949831241376,
  "icvs_csf": 0.2648771967552371,
  "icvs_gm": 0.39330924612672835,
  "icvs_wm": 0.34181355711803457,
  "inu_med": 0.607763260602951,
  "inu_range": 0.3261940777301788,
  "provenance": {
    "md5sum": "12b6cb2cd3165e424c9780dbbeae5311",
    "settings": {
      "testing": false
    },
    "software": "mriqc",
    "version": "23.1.0rc0",
    "warnings": {
      "large_rot_frame": true,
      "small_air_mask": false
    }
  },
  "qi_1": 0.0,
  "qi_2": 0.0024509261326492006,
  "rpve_csf": 9.563929946487477,
  "rpve_gm": 6.0936878534219705,
  "rpve_wm": 8.501295493997882,
  "size_x": 202,
  "size_y": 197,
  "size_z": 118,
  "snr_csf": 3.227872972749926,
  "snr_gm": 12.609041626178591,
  "snr_total": 12.814228002168223,
  "snr_wm": 22.605769407576155,
  "snrd_csf": 13.550782247986625,
  "snrd_gm": 37.06615339512747,
  "snrd_total": 34.45039367082537,
  "snrd_wm": 52.734245369362014,
  "spacing_x": 1.0,
  "spacing_y": 1.0,
  "spacing_z": 1.2000000476837158,
  "summary_bg_k": 8.152317518806242,
  "summary_bg_mad": 0.0,
  "summary_bg_mean": 6.973512771898542,
  "summary_bg_median": 0.0,
  "summary_bg_n": 464650.0,
  "summary_bg_p05": 0.0,
  "summary_bg_p95": 33.585678573697805,
  "summary_bg_stdv": 12.423877267945432,
  "summary_csf_k": 13.397118056600739,
  "summary_csf_mad": 62.44428514859787,
  "summary_csf_mean": 266.95816032467246,
  "summary_csf_median": 256.97435760498047,
  "summary_csf_n": 55023.0,
  "summary_csf_p05": 150.2865009352565,
  "summary_csf_p95": 410.1384359821677,
  "summary_csf_stdv": 79.61032686532371,
  "summary_gm_k": 0.016909441983749662,
  "summary_gm_mad": 56.73934549251942,
  "summary_gm_mean": 699.5650373731564,
  "summary_gm_median": 702.9152105972171,
  "summary_gm_n": 18380.0,
  "summary_gm_p05": 603.2435402048752,
  "summary_gm_p95": 785.0641910288482,
  "summary_gm_stdv": 55.74540154871675,
  "summary_wm_k": 0.8001072440586197,
  "summary_wm_mad": 41.48483293387485,
  "summary_wm_mean": 1002.8962873671967,
  "summary_wm_median": 1000.0418115779757,
  "summary_wm_n": 153588.0,
  "summary_wm_p05": 935.1436569591984,
  "summary_wm_p95": 1079.5934437662363,
  "summary_wm_stdv": 44.23820034361398,
  "tpm_overlap_csf": 0.18242365564614102,
  "tpm_overlap_gm": 0.4471555614055263,
  "tpm_overlap_wm": 0.5065400915364484,
  "wm2max": 0.4272618430692804
}