{
  "aor": 0.005548133333333333,
  "aqi": 0.009180939333333334,
  "bids_meta": {
    "EchoTime": 0.0036,
    "InstitutionName": "U of M FMRI",
    "Modality": "MR",
    "PatientPosition": "HFS",
    "RepetitionTime": 2.0,
    "SliceTiming": [
      0,
      0.069,
      0.138,
      0.207,
      0.276,
      0.345,
      0.414,
      0.483,
      0.552,
      0.621,
      0.69,
      0.759,
      0.828,
      0.897,
      0.966,
      1.035,
      1.104,
      1.173,
      1.242,
      1.311,
      1.38,
      1.449,
      1.518,
      1.587,
      1.656,
      1.725,
      1.794,
      1.863,
      1.932
    ],
    "TaskName": "reward",
    "dataset": "MLS",
    "modality": "bold",
    "run_id": 1,
    "session_id": "1",
    "subject_id": "152",
    "task_id": "reward"
  },
  "dummy_trs": 0,
  "dvars_nstd": 17.613381468791953,
  "dvars_std": 1.1437286496644297,
  "dvars_vstd": 1.0296418604026842,
  "efc": 0.5733436951788206,
  "fber": 1520.1988525390625,
  "fd_mean": 0.17766583242039422,
  "fd_num": 40,
  "fd_perc": 26.666666666666668,
  "fwhm_avg": 2.0658703,
  "fwhm_x": 2.0918495999999998,
  "fwhm_y": 2.4223488,
  "fwhm_z": 1.6834125,
  "gcor": 0.0307197,
  "gsr_x": -0.0016241290140897036,
  "gsr_y": 0.03953681141138077,
  "provenance": {
    "md5sum": "f3de1bb2065cc935bea927ed6fa4e8ef",
    "settings": {
      "fd_thres": 0.2,
      "testing": false
    },
    "software": "mriqc",
    "version": "23.1.0rc0"
  },
  "size_t": 150,
  "size_x": 64,
  "size_y": 64,
  "size_z": 29,
  "snr": 8.29453229408467,
  "spacing_tr": 1.0,
  "spacing_x": 3.125,
  "spacing_y": 3.125,
  "spacing_z": 4.0,
  "summary_bg_k": 25.251797353635965,
  "summary_bg_mad": 146.68866570465892,
  "summary_bg_mean": 163.3821258544922,
  "summary_bg_median": 102.9000015258789,
  "summary_bg_n": 60773.0,
  "summary_bg_p05": 0.12666666507720947,
  "summary_bg_p95": 554.0120361328117,
  "summary_bg_stdv": 243.0711669921875,
  "summary_fg_k": 2.3246016795930045,
  "summary_fg_mad": 452.3467871760513,
  "summary_fg_mean": 4073.389892578125,
  "summary_fg_median": 4048.39013671875,
  "summary_fg_n": 28770.0,
  "summary_fg_p05": 3368.5307861328124,
  "summary_fg_p95": 4867.617041015625,
  "summary_fg_stdv": 488.0708923339844,
  "tsnr": 73.35053708648775
}