{
  "aor": 0.0032381333333333334,
  "aqi": 0.009396056933333336,
  "bids_meta": {
    "EchoTime": 0.0036,
    "InstitutionName": "U of M FMRI",
    "Modality": "MR",
    "PatientPosition": "HFS",
    "RepetitionTime": 2.0,
    "SliceTiming": [
      0,
      0.069,
      0.138,
      0.207,
      0.276,
      0.345,
      0.414,
      0.483,
      0.552,
      0.621,
      0.69,
      0.759,
      0.828,
      0.897,
      0.966,
      1.035,
      1.104,
      1.173,
      1.242,
      1.311,
      1.38,
      1.449,
      1.518,
      1.587,
      1.656,
      1.725,
      1.794,
      1.863,
      1.932
    ],
    "TaskName": "reward",
    "dataset": "MLS",
    "modality": "bold",
    "run_id": 1,
    "session_id": "1",
    "subject_id": "01",
    "task_id": "reward"
  },
  "dummy_trs": 0,
  "dvars_nstd": 17.75569317959733,
  "dvars_std": 1.0326450514093966,
  "dvars_vstd": 1.0030361926845646,
  "efc": 0.5431867497118141,
  "fber": 907.9500732421875,
  "fd_mean": 0.08479167333321633,
  "fd_num": 9,
  "fd_perc": 6.0,
  "fwhm_avg": 2.1261389333333334,
  "fwhm_x": 2.1686176,
  "fwhm_y": 2.3915392,
  "fwhm_z": 1.81826,
  "gcor": 0.0383892,
  "gsr_x": 0.0016020160401239991,
  "gsr_y": 0.035380955785512924,
  "provenance": {
    "md5sum": "7b71156367be858e7b6b97ab24b883fa",
    "settings": {
      "fd_thres": 0.2,
      "testing": false
    },
    "software": "mriqc",
    "version": "23.1.0rc0"
  },
  "size_t": 150,
  "size_x": 64,
  "size_y": 64,
  "size_z": 29,
  "snr": 7.642293535966915,
  "spacing_tr": 1.0,
  "spacing_x": 3.125,
  "spacing_y": 3.125,
  "spacing_z": 4.0,
  "summary_bg_k": 16.85449364037488,
  "summary_bg_mad": 155.1345555344551,
  "summary_bg_mean": 174.49716186523438,
  "summary_bg_median": 108.2300033569336,
  "summary_bg_n": 68078.0,
  "summary_bg_p05": 0.02666666731238365,
  "summary_bg_p95": 607.3393676757787,
  "summary_bg_stdv": 240.23846435546875,
  "summary_fg_k": 2.8265045270763283,
  "summary_fg_mad": 344.40856775153776,
  "summary_fg_mean": 3291.946044921875,
  "summary_fg_median": 3269.5400390625,
  "summary_fg_n": 22621.0,
  "summary_fg_p05": 2615.93994140625,
  "summary_fg_p95": 3993.413330078125,
  "summary_fg_stdv": 427.8123779296875,
  "tsnr": 63.36759034963325
}