{
  "aor": 0.00098,
  "aqi": 0.006287556333333333,
  "bids_meta": {
    "EchoTime": 0.0036,
    "InstitutionName": "U of M FMRI",
    "Modality": "MR",
    "PatientPosition": "HFS",
    "RepetitionTime": 2.0,
    "SliceTiming": [
      0,
      0.069,
      0.138,
      0.207,
      0.276,
      0.345,
      0.414,
      0.483,
      0.552,
      0.621,
      0.69,
      0.759,
      0.828,
      0.897,
      0.966,
      1.035,
      1.104,
      1.173,
      1.242,
      1.311,
      1.38,
      1.449,
      1.518,
      1.587,
      1.656,
      1.725,
      1.794,
      1.863,
      1.932
    ],
    "TaskName": "reward",
    "dataset": "MLS",
    "modality": "bold",
    "run_id": 2,
    "session_id": "1",
    "subject_id": "01",
    "task_id": "reward"
  },
  "dummy_trs": 0,
  "dvars_nstd": 17.44432371892617,
  "dvars_std": 1.0523882577852346,
  "dvars_vstd": 1.001570470469799,
  "efc": 0.5410418837277468,
  "fber": 895.849365234375,
  "fd_mean": 0.06757108275464965,
  "fd_num": 5,
  "fd_perc": 3.3333333333333335,
  "fwhm_avg": 2.1366561333333336,
  "fwhm_x": 2.22376,
  "fwhm_y": 2.4576384,
  "fwhm_z": 1.72857,
  "gcor": 0.0176691,
  "gsr_x": -0.00029570196056738496,
  "gsr_y": 0.03232709690928459,
  "provenance": {
    "md5sum": "097b218b789b0530e371f73d4adb6669",
    "settings": {
      "fd_thres": 0.2,
      "testing": false
    },
    "software": "mriqc",
    "version": "23.1.0rc0"
  },
  "size_t": 150,
  "size_x": 64,
  "size_y": 64,
  "size_z": 29,
  "snr": 8.029936487703369,
  "spacing_tr": 1.0,
  "spacing_x": 3.125,
  "spacing_y": 3.125,
  "spacing_z": 4.0,
  "summary_bg_k": 22.83917227492916,
  "summary_bg_mad": 155.3174115778269,
  "summary_bg_mean": 171.34597778320312,
  "summary_bg_median": 109.03333282470703,
  "summary_bg_n": 67943.0,
  "summary_bg_p05": 0.0,
  "summary_bg_p95": 562.6093444824216,
  "summary_bg_stdv": 237.98182678222656,
  "summary_fg_k": 1.0393715506292445,
  "summary_fg_mad": 362.88173347996843,
  "summary_fg_mean": 3309.292236328125,
  "summary_fg_median": 3284.0400390625,
  "summary_fg_n": 22901.0,
  "summary_fg_p05": 2675.800048828125,
  "summary_fg_p95": 4016.67333984375,
  "summary_fg_stdv": 408.9656677246094,
  "tsnr": 76.15723414346576
}