{
  "aor": 0.0009460666666666667,
  "aqi": 0.006490876466666667,
  "bids_meta": {
    "EchoTime": 0.0036,
    "InstitutionName": "U of M FMRI",
    "Modality": "MR",
    "PatientPosition": "HFS",
    "RepetitionTime": 2.0,
    "SliceTiming": [
      0,
      0.069,
      0.138,
      0.207,
      0.276,
      0.345,
      0.414,
      0.483,
      0.552,
      0.621,
      0.69,
      0.759,
      0.828,
      0.897,
      0.966,
      1.035,
      1.104,
      1.173,
      1.242,
      1.311,
      1.38,
      1.449,
      1.518,
      1.587,
      1.656,
      1.725,
      1.794,
      1.863,
      1.932
    ],
    "TaskName": "reward",
    "dataset": "MLS",
    "modality": "bold",
    "run_id": 1,
    "session_id": "1",
    "subject_id": "159",
    "task_id": "reward"
  },
  "dummy_trs": 0,
  "dvars_nstd": 18.817860488322143,
  "dvars_std": 1.0614300429530203,
  "dvars_vstd": 0.9571758012751675,
  "efc": 0.5574735904266366,
  "fber": 859.2951049804688,
  "fd_mean": 0.12251711427325103,
  "fd_num": 20,
  "fd_perc": 13.333333333333334,
  "fwhm_avg": 2.5935983333333334,
  "fwhm_x": 2.7353536000000003,
  "fwhm_y": 3.0508864,
  "fwhm_z": 1.994555,
  "gcor": 0.0489601,
  "gsr_x": 0.003178706392645836,
  "gsr_y": 0.030781295150518417,
  "provenance": {
    "md5sum": "8acf866cf26c2b73da50769d32271936",
    "settings": {
      "fd_thres": 0.2,
      "testing": false
    },
    "software": "mriqc",
    "version": "23.1.0rc0"
  },
  "size_t": 150,
  "size_x": 64,
  "size_y": 64,
  "size_z": 29,
  "snr": 6.383678678959378,
  "spacing_tr": 1.0,
  "spacing_x": 3.125,
  "spacing_y": 3.125,
  "spacing_z": 4.0,
  "summary_bg_k": 20.71564945269841,
  "summary_bg_mad": 141.22280437578027,
  "summary_bg_mean": 146.7454071044922,
  "summary_bg_median": 100.3800048828125,
  "summary_bg_n": 64268.0,
  "summary_bg_p05": 0.07333333790302277,
  "summary_bg_p95": 493.80802001953094,
  "summary_bg_stdv": 194.41676330566406,
  "summary_fg_k": 0.6080866820523929,
  "summary_fg_mad": 443.83159743231494,
  "summary_fg_mean": 3006.8974609375,
  "summary_fg_median": 3018.806640625,
  "summary_fg_n": 25361.0,
  "summary_fg_p05": 2201.513427734375,
  "summary_fg_p95": 3763.133544921875,
  "summary_fg_stdv": 472.88519287109375,
  "tsnr": 69.18571731820703
}