{
  "aor": 0.0012194,
  "aqi": 0.011444914533333333,
  "bids_meta": {
    "EchoTime": 0.0036,
    "InstitutionName": "U of M FMRI",
    "Modality": "MR",
    "PatientPosition": "HFS",
    "RepetitionTime": 2.0,
    "SliceTiming": [
      0,
      0.069,
      0.138,
      0.207,
      0.276,
      0.345,
      0.414,
      0.483,
      0.552,
      0.621,
      0.69,
      0.759,
      0.828,
      0.897,
      0.966,
      1.035,
      1.104,
      1.173,
      1.242,
      1.311,
      1.38,
      1.449,
      1.518,
      1.587,
      1.656,
      1.725,
      1.794,
      1.863,
      1.932
    ],
    "TaskName": "reward",
    "dataset": "MLS",
    "modality": "bold",
    "run_id": 1,
    "session_id": "2",
    "subject_id": "91",
    "task_id": "reward"
  },
  "dummy_trs": 0,
  "dvars_nstd": 24.01747788046979,
  "dvars_std": 1.022258626375839,
  "dvars_vstd": 0.9575474919463094,
  "efc": 0.5589605867727881,
  "fber": 733.4190063476562,
  "fd_mean": 0.18359728172892406,
  "fd_num": 43,
  "fd_perc": 28.666666666666668,
  "fwhm_avg": 2.546599366666667,
  "fwhm_x": 2.5780352,
  "fwhm_y": 3.0151103999999997,
  "fwhm_z": 2.0466525,
  "gcor": 0.0715268,
  "gsr_x": 0.014659601263701916,
  "gsr_y": 0.05714897811412811,
  "provenance": {
    "md5sum": "c1c85c2af6d3743dfd5a5d1ca7b53f63",
    "settings": {
      "fd_thres": 0.2,
      "testing": false
    },
    "software": "mriqc",
    "version": "23.1.0rc0"
  },
  "size_t": 150,
  "size_x": 64,
  "size_y": 64,
  "size_z": 29,
  "snr": 7.894484976803,
  "spacing_tr": 1.0,
  "spacing_x": 3.125,
  "spacing_y": 3.125,
  "spacing_z": 4.0,
  "summary_bg_k": 15.475794082559982,
  "summary_bg_mad": 417.54528417619787,
  "summary_bg_mean": 453.9628601074219,
  "summary_bg_median": 296.4633483886719,
  "summary_bg_n": 65922.0,
  "summary_bg_p05": 0.47333335876464844,
  "summary_bg_p95": 1512.5390075683565,
  "summary_bg_stdv": 594.3109741210938,
  "summary_fg_k": 0.8279091592697849,
  "summary_fg_mad": 991.366442131791,
  "summary_fg_mean": 8037.26904296875,
  "summary_fg_median": 8071.56689453125,
  "summary_fg_n": 24207.0,
  "summary_fg_p05": 6297.5767578125,
  "summary_fg_p95": 9591.8763671875,
  "summary_fg_stdv": 1022.4099731445312,
  "tsnr": 51.77333212131634
}