{
  "aor": 0.013308466666666666,
  "aqi": 0.029414926733333336,
  "bids_meta": {
    "EchoTime": 0.0036,
    "InstitutionName": "U of M FMRI",
    "Modality": "MR",
    "PatientPosition": "HFS",
    "RepetitionTime": 2.0,
    "SliceTiming": [
      0,
      0.069,
      0.138,
      0.207,
      0.276,
      0.345,
      0.414,
      0.483,
      0.552,
      0.621,
      0.69,
      0.759,
      0.828,
      0.897,
      0.966,
      1.035,
      1.104,
      1.173,
      1.242,
      1.311,
      1.38,
      1.449,
      1.518,
      1.587,
      1.656,
      1.725,
      1.794,
      1.863,
      1.932
    ],
    "TaskName": "reward",
    "dataset": "MLS",
    "modality": "bold",
    "run_id": 2,
    "session_id": "2",
    "subject_id": "91",
    "task_id": "reward"
  },
  "dummy_trs": 0,
  "dvars_nstd": 24.894328302953017,
  "dvars_std": 1.0869644626845634,
  "dvars_vstd": 1.025827020268456,
  "efc": 0.5586835443616864,
  "fber": 697.2374877929688,
  "fd_mean": 0.23499852274366803,
  "fd_num": 74,
  "fd_perc": 49.333333333333336,
  "fwhm_avg": 2.5359762666666668,
  "fwhm_x": 2.6013536,
  "fwhm_y": 3.1407551999999996,
  "fwhm_z": 1.86582,
  "gcor": 0.0717758,
  "gsr_x": 0.013464368879795074,
  "gsr_y": 0.05264431610703468,
  "provenance": {
    "md5sum": "7b3fdb02559474639716d8960ceac94c",
    "settings": {
      "fd_thres": 0.2,
      "testing": false
    },
    "software": "mriqc",
    "version": "23.1.0rc0"
  },
  "size_t": 150,
  "size_x": 64,
  "size_y": 64,
  "size_z": 29,
  "snr": 7.919895553037898,
  "spacing_tr": 1.0,
  "spacing_x": 3.125,
  "spacing_y": 3.125,
  "spacing_z": 4.0,
  "summary_bg_k": 15.804895767006176,
  "summary_bg_mad": 431.6448316135269,
  "summary_bg_mean": 460.56591796875,
  "summary_bg_median": 308.35333251953125,
  "summary_bg_n": 65965.0,
  "summary_bg_p05": 0.9600000381469727,
  "summary_bg_p95": 1486.5466796874991,
  "summary_bg_stdv": 599.9880981445312,
  "summary_fg_k": 0.8729403339294399,
  "summary_fg_mad": 974.5094431283671,
  "summary_fg_mean": 8099.41064453125,
  "summary_fg_median": 8119.02001953125,
  "summary_fg_n": 24160.0,
  "summary_fg_p05": 6386.955615234375,
  "summary_fg_p95": 9705.466650390625,
  "summary_fg_stdv": 1025.12109375,
  "tsnr": 39.23884355550399
}