{
  "aor": 0.0052002,
  "aqi": 0.009341036266666667,
  "bids_meta": {
    "EchoTime": 0.0036,
    "InstitutionName": "U of M FMRI",
    "Modality": "MR",
    "PatientPosition": "HFS",
    "RepetitionTime": 2.0,
    "SliceTiming": [
      0,
      0.069,
      0.138,
      0.207,
      0.276,
      0.345,
      0.414,
      0.483,
      0.552,
      0.621,
      0.69,
      0.759,
      0.828,
      0.897,
      0.966,
      1.035,
      1.104,
      1.173,
      1.242,
      1.311,
      1.38,
      1.449,
      1.518,
      1.587,
      1.656,
      1.725,
      1.794,
      1.863,
      1.932
    ],
    "TaskName": "reward",
    "dataset": "MLS",
    "modality": "bold",
    "run_id": 2,
    "session_id": "1",
    "subject_id": "178",
    "task_id": "reward"
  },
  "dummy_trs": 0,
  "dvars_nstd": 23.32241214563759,
  "dvars_std": 1.132646500134228,
  "dvars_vstd": 1.011110323020135,
  "efc": 0.5479686714689498,
  "fber": 1346.9569091796875,
  "fd_mean": 0.37540666163985326,
  "fd_num": 102,
  "fd_perc": 68.0,
  "fwhm_avg": 2.5299041,
  "fwhm_x": 2.6763904000000003,
  "fwhm_y": 2.9650144,
  "fwhm_z": 1.9483075,
  "gcor": 0.0420657,
  "gsr_x": 0.00241684727370739,
  "gsr_y": 0.029895594343543053,
  "provenance": {
    "md5sum": "b54e242fb69e97ca1ffd9859ac8aa7de",
    "settings": {
      "fd_thres": 0.2,
      "testing": false
    },
    "software": "mriqc",
    "version": "23.1.0rc0"
  },
  "size_t": 150,
  "size_x": 64,
  "size_y": 64,
  "size_z": 29,
  "snr": 7.306475662846466,
  "spacing_tr": 1.0,
  "spacing_x": 3.125,
  "spacing_y": 3.125,
  "spacing_z": 4.0,
  "summary_bg_k": 22.38333869556188,
  "summary_bg_mad": 147.4200842224675,
  "summary_bg_mean": 174.15478515625,
  "summary_bg_median": 105.7300033569336,
  "summary_bg_n": 65546.0,
  "summary_bg_p05": 0.2199999988079071,
  "summary_bg_p95": 614.1049957275391,
  "summary_bg_stdv": 250.004150390625,
  "summary_fg_k": 1.6539185321813639,
  "summary_fg_mad": 472.6485921642208,
  "summary_fg_mean": 3860.434326171875,
  "summary_fg_median": 3881.283447265625,
  "summary_fg_n": 24980.0,
  "summary_fg_p05": 2990.12548828125,
  "summary_fg_p95": 4672.4017333984375,
  "summary_fg_stdv": 531.2008056640625,
  "tsnr": 59.59902141941711
}