{
  "aor": 0.0030224000000000006,
  "aqi": 0.007901164200000001,
  "bids_meta": {
    "EchoTime": 0.0036,
    "InstitutionName": "U of M FMRI",
    "Modality": "MR",
    "PatientPosition": "HFS",
    "RepetitionTime": 2.0,
    "SliceTiming": [
      0,
      0.069,
      0.138,
      0.207,
      0.276,
      0.345,
      0.414,
      0.483,
      0.552,
      0.621,
      0.69,
      0.759,
      0.828,
      0.897,
      0.966,
      1.035,
      1.104,
      1.173,
      1.242,
      1.311,
      1.38,
      1.449,
      1.518,
      1.587,
      1.656,
      1.725,
      1.794,
      1.863,
      1.932
    ],
    "TaskName": "reward",
    "dataset": "MLS",
    "modality": "bold",
    "run_id": 1,
    "session_id": "1",
    "subject_id": "178",
    "task_id": "reward"
  },
  "dummy_trs": 0,
  "dvars_nstd": 19.884465754832213,
  "dvars_std": 1.1334887404026843,
  "dvars_vstd": 1.017910163557047,
  "efc": 0.5479308433585499,
  "fber": 1365.4652099609375,
  "fd_mean": 0.2620482656816768,
  "fd_num": 78,
  "fd_perc": 52.0,
  "fwhm_avg": 2.5453143333333337,
  "fwhm_x": 2.6868736,
  "fwhm_y": 2.9757344,
  "fwhm_z": 1.973335,
  "gcor": 0.0618649,
  "gsr_x": 0.0020582987926900387,
  "gsr_y": 0.031022686511278152,
  "provenance": {
    "md5sum": "86cd5b45952998a97e153a0ba2d778c1",
    "settings": {
      "fd_thres": 0.2,
      "testing": false
    },
    "software": "mriqc",
    "version": "23.1.0rc0"
  },
  "size_t": 150,
  "size_x": 64,
  "size_y": 64,
  "size_z": 29,
  "snr": 7.244268693530889,
  "spacing_tr": 1.0,
  "spacing_x": 3.125,
  "spacing_y": 3.125,
  "spacing_z": 4.0,
  "summary_bg_k": 20.714024889069627,
  "summary_bg_mad": 149.0361226342653,
  "summary_bg_mean": 175.05809020996094,
  "summary_bg_median": 105.37333679199219,
  "summary_bg_n": 65570.0,
  "summary_bg_p05": 0.10000000149011612,
  "summary_bg_p95": 619.5813476562499,
  "summary_bg_stdv": 252.11944580078125,
  "summary_fg_k": 1.639342771865933,
  "summary_fg_mad": 472.5798191120929,
  "summary_fg_mean": 3880.5029296875,
  "summary_fg_median": 3903.393310546875,
  "summary_fg_n": 25034.0,
  "summary_fg_p05": 2987.0398193359374,
  "summary_fg_p95": 4714.141674804686,
  "summary_fg_stdv": 538.8142700195312,
  "tsnr": 65.7922232322162
}