{
  "aor": 0.0006042857142857142,
  "aqi": 0.003840143401360544,
  "bids_meta": {
    "EchoTime": 0.0036,
    "InstitutionName": "U of M FMRI",
    "Modality": "MR",
    "PatientPosition": "HFS",
    "RepetitionTime": 2.0,
    "SliceTiming": [
      0,
      0.069,
      0.138,
      0.207,
      0.276,
      0.345,
      0.414,
      0.483,
      0.552,
      0.621,
      0.69,
      0.759,
      0.828,
      0.897,
      0.966,
      1.035,
      1.104,
      1.173,
      1.242,
      1.311,
      1.38,
      1.449,
      1.518,
      1.587,
      1.656,
      1.725,
      1.794,
      1.863,
      1.932
    ],
    "TaskName": "reward",
    "dataset": "MLS",
    "modality": "bold",
    "run_id": 2,
    "session_id": "1",
    "subject_id": "79",
    "task_id": "reward"
  },
  "dummy_trs": 3,
  "dvars_nstd": 20.49462556136987,
  "dvars_std": 1.0976737117123294,
  "dvars_vstd": 1.0002712466438355,
  "efc": 0.5930165555997126,
  "fber": 570.0248413085938,
  "fd_mean": 0.09849890000738862,
  "fd_num": 4,
  "fd_perc": 2.7210884353741496,
  "fwhm_avg": 2.520268033333333,
  "fwhm_x": 2.5986176,
  "fwhm_y": 3.059504,
  "fwhm_z": 1.9026825,
  "gcor": 0.0212909,
  "gsr_x": 0.012108617462217808,
  "gsr_y": 0.0449800007045269,
  "provenance": {
    "md5sum": "6223da6e353083b33f24ffe86a12b21b",
    "settings": {
      "fd_thres": 0.2,
      "testing": false
    },
    "software": "mriqc",
    "version": "23.1.0rc0"
  },
  "size_t": 147,
  "size_x": 64,
  "size_y": 64,
  "size_z": 29,
  "snr": 6.096166324113238,
  "spacing_tr": 1.0,
  "spacing_x": 3.125,
  "spacing_y": 3.125,
  "spacing_z": 4.0,
  "summary_bg_k": 10.37218209213209,
  "summary_bg_mad": 83.43923714675935,
  "summary_bg_mean": 94.24018096923828,
  "summary_bg_median": 56.49659729003906,
  "summary_bg_n": 61370.0,
  "summary_bg_p05": 0.0,
  "summary_bg_p95": 326.0329895019529,
  "summary_bg_stdv": 121.91191101074219,
  "summary_fg_k": 1.3296350355620001,
  "summary_fg_mad": 195.7639407359256,
  "summary_fg_mean": 1396.571044921875,
  "summary_fg_median": 1398.2041015625,
  "summary_fg_n": 27587.0,
  "summary_fg_p05": 1018.5006408691407,
  "summary_fg_p95": 1771.1292236328122,
  "summary_fg_stdv": 229.35377502441406,
  "tsnr": 73.0555002077017
}