{
  "aor": 0.0005414666666666666,
  "aqi": 0.004567331933333333,
  "bids_meta": {
    "EchoTime": 0.0036,
    "InstitutionName": "U of M FMRI",
    "Modality": "MR",
    "PatientPosition": "HFS",
    "RepetitionTime": 2.0,
    "SliceTiming": [
      0,
      0.069,
      0.138,
      0.207,
      0.276,
      0.345,
      0.414,
      0.483,
      0.552,
      0.621,
      0.69,
      0.759,
      0.828,
      0.897,
      0.966,
      1.035,
      1.104,
      1.173,
      1.242,
      1.311,
      1.38,
      1.449,
      1.518,
      1.587,
      1.656,
      1.725,
      1.794,
      1.863,
      1.932
    ],
    "TaskName": "reward",
    "dataset": "MLS",
    "modality": "bold",
    "run_id": 1,
    "session_id": "1",
    "subject_id": "79",
    "task_id": "reward"
  },
  "dummy_trs": 0,
  "dvars_nstd": 20.15406357691275,
  "dvars_std": 1.068174701006712,
  "dvars_vstd": 1.0018742414093955,
  "efc": 0.5943960691898721,
  "fber": 569.3630981445312,
  "fd_mean": 0.10917384749074407,
  "fd_num": 9,
  "fd_perc": 6.0,
  "fwhm_avg": 2.4718644666666667,
  "fwhm_x": 2.5268,
  "fwhm_y": 2.9884384,
  "fwhm_z": 1.900355,
  "gcor": 0.0345104,
  "gsr_x": 0.009543157182633877,
  "gsr_y": 0.04457724466919899,
  "provenance": {
    "md5sum": "b4ce2e2ae5b911f27dc51b5776886748",
    "settings": {
      "fd_thres": 0.2,
      "testing": false
    },
    "software": "mriqc",
    "version": "23.1.0rc0"
  },
  "size_t": 150,
  "size_x": 64,
  "size_y": 64,
  "size_z": 29,
  "snr": 6.048907915461415,
  "spacing_tr": 1.0,
  "spacing_x": 3.125,
  "spacing_y": 3.125,
  "spacing_z": 4.0,
  "summary_bg_k": 12.06713662967618,
  "summary_bg_mad": 83.48038989697305,
  "summary_bg_mean": 94.9169692993164,
  "summary_bg_median": 56.80666732788086,
  "summary_bg_n": 61265.0,
  "summary_bg_p05": 0.006666666828095913,
  "summary_bg_p95": 332.48133544921836,
  "summary_bg_stdv": 123.54292297363281,
  "summary_fg_k": 1.420752702624588,
  "summary_fg_mad": 194.85360270381096,
  "summary_fg_mean": 1401.4937744140625,
  "summary_fg_median": 1402.726806640625,
  "summary_fg_n": 27678.0,
  "summary_fg_p05": 1019.0023620605468,
  "summary_fg_p95": 1778.165716552734,
  "summary_fg_stdv": 231.89334106445312,
  "tsnr": 69.25993293710053
}