{
  "bids_meta": {
    "AcquisitionMatrixPE": 160,
    "CoilString": "HEAD",
    "EchoTime": 0.001784,
    "FlipAngle": 15,
    "ImageType": [
      "ORIGINAL",
      "PRIMARY",
      "OTHER"
    ],
    "InPlanePhaseEncodingDirectionDICOM": "ROW",
    "InstitutionName": "U of M FMRi",
    "InversionTime": 0.4,
    "MRAcquisitionType": "3D",
    "Modality": "MR",
    "PatientPosition": "HFS",
    "PercentPhaseFOV": 100,
    "PercentSampling": 100,
    "ReconMatrixPE": 256,
    "RepetitionTime": 0.008948,
    "SAR": 0.017417,
    "ScanningSequence": "GR",
    "SeriesDescription": "3d spgr IR axial",
    "dataset": "MLS",
    "modality": "T1w",
    "session_id": "1",
    "subject_id": "54"
  },
  "cjv": 0.33111570171653054,
  "cnr": 4.050959142077649,
  "efc": 0.5452997620263847,
  "fber": 8895.46814404432,
  "fwhm_avg": 4.977089512788039,
  "fwhm_x": 5.686606397402049,
  "fwhm_y": 5.244702140962068,
  "fwhm_z": 3.9999599999999997,
  "icvs_csf": 0.15747770488616913,
  "icvs_gm": 0.4688948127385829,
  "icvs_wm": 0.37362748237524795,
  "inu_med": 0.5792359709739685,
  "inu_range": 0.4321704640984535,
  "provenance": {
    "md5sum": "1ab02b24902485e363d751141db8dc50",
    "settings": {
      "testing": false
    },
    "software": "mriqc",
    "version": "23.1.0rc0",
    "warnings": {
      "large_rot_frame": true,
      "small_air_mask": false
    }
  },
  "qi_1": 0.00011763799513486158,
  "qi_2": 0.0011922813599281937,
  "rpve_csf": 25.41488929482536,
  "rpve_gm": 9.428043687761003,
  "rpve_wm": 12.817982078510157,
  "size_x": 256,
  "size_y": 256,
  "size_z": 124,
  "snr_csf": 1.118991863961677,
  "snr_gm": 14.780175899441085,
  "snr_total": 12.235241974772045,
  "snr_wm": 20.806558160913372,
  "snrd_csf": 21.27258056553802,
  "snrd_gm": 43.9523218501436,
  "snrd_total": 42.25128762724639,
  "snrd_wm": 61.52896046605755,
  "spacing_x": 0.9399999976158142,
  "spacing_y": 0.9399999976158142,
  "spacing_z": 1.5,
  "summary_bg_k": 10.991237361840543,
  "summary_bg_mad": 10.647610426115895,
  "summary_bg_mean": 12.001491679083216,
  "summary_bg_median": 7.181704096496105,
  "summary_bg_n": 1971874.0,
  "summary_bg_p05": 0.0,
  "summary_bg_p95": 47.69209322333336,
  "summary_bg_stdv": 18.084131606148425,
  "summary_csf_k": 28.69728288349652,
  "summary_csf_mad": 167.5189582089399,
  "summary_csf_mean": 387.0382414320878,
  "summary_csf_median": 345.7328132279217,
  "summary_csf_n": 10692.0,
  "summary_csf_p05": 90.89039199016989,
  "summary_csf_p95": 808.2519883628926,
  "summary_csf_stdv": 308.9536717441921,
  "summary_gm_k": 0.027453310216802418,
  "summary_gm_mad": 48.27605892229246,
  "summary_gm_mean": 714.7155591706714,
  "summary_gm_median": 714.3355191126466,
  "summary_gm_n": 41908.0,
  "summary_gm_p05": 635.5459498986602,
  "summary_gm_p95": 794.7287698239088,
  "summary_gm_stdv": 48.330074097822575,
  "summary_wm_k": 0.2989835573677331,
  "summary_wm_mad": 46.31193661067884,
  "summary_wm_mean": 1002.6683864110545,
  "summary_wm_median": 1000.000001475215,
  "summary_wm_n": 165618.0,
  "summary_wm_p05": 928.1829605102539,
  "summary_wm_p95": 1086.4593517631292,
  "summary_wm_stdv": 48.06162435619459,
  "tpm_overlap_csf": 0.1369736506626344,
  "tpm_overlap_gm": 0.4722582088202793,
  "tpm_overlap_wm": 0.4962675241814558,
  "wm2max": 0.26330201862341196
}