{
  "aor": 0.0011083333333333333,
  "aqi": 0.0029188116666666666,
  "bids_meta": {
    "EchoTime": 0.0036,
    "InstitutionName": "U of M FMRI",
    "Modality": "MR",
    "PatientPosition": "HFS",
    "RepetitionTime": 2.0,
    "SliceTiming": [
      0,
      0.069,
      0.138,
      0.207,
      0.276,
      0.345,
      0.414,
      0.483,
      0.552,
      0.621,
      0.69,
      0.759,
      0.828,
      0.897,
      0.966,
      1.035,
      1.104,
      1.173,
      1.242,
      1.311,
      1.38,
      1.449,
      1.518,
      1.587,
      1.656,
      1.725,
      1.794,
      1.863,
      1.932
    ],
    "TaskName": "reward",
    "dataset": "MLS",
    "modality": "bold",
    "run_id": 2,
    "session_id": "1",
    "subject_id": "175",
    "task_id": "reward"
  },
  "dummy_trs": 0,
  "dvars_nstd": 18.09816364302013,
  "dvars_std": 1.1425758222147657,
  "dvars_vstd": 1.0243988753020135,
  "efc": 0.5824425075474549,
  "fber": 806.7800903320312,
  "fd_mean": 0.059118242117101094,
  "fd_num": 3,
  "fd_perc": 2.0,
  "fwhm_avg": 2.6342516999999996,
  "fwhm_x": 2.7088256,
  "fwhm_y": 3.204672,
  "fwhm_z": 1.9892575,
  "gcor": 0.0173824,
  "gsr_x": 0.0005434914492070675,
  "gsr_y": 0.04104568809270859,
  "provenance": {
    "md5sum": "304b7822dbf481ce767ca1f400173e90",
    "settings": {
      "fd_thres": 0.2,
      "testing": false
    },
    "software": "mriqc",
    "version": "23.1.0rc0"
  },
  "size_t": 150,
  "size_x": 64,
  "size_y": 64,
  "size_z": 29,
  "snr": 5.991827738434716,
  "spacing_tr": 1.0,
  "spacing_x": 3.125,
  "spacing_y": 3.125,
  "spacing_z": 4.0,
  "summary_bg_k": 8.884041729693974,
  "summary_bg_mad": 132.4359198957285,
  "summary_bg_mean": 179.4427490234375,
  "summary_bg_median": 89.94667053222656,
  "summary_bg_n": 63088.0,
  "summary_bg_p05": 0.0,
  "summary_bg_p95": 664.4070068359368,
  "summary_bg_stdv": 243.18089294433594,
  "summary_fg_k": 1.2783913710558945,
  "summary_fg_mad": 400.94508408876044,
  "summary_fg_mean": 2664.57958984375,
  "summary_fg_median": 2669.993408203125,
  "summary_fg_n": 26165.0,
  "summary_fg_p05": 1962.9853759765624,
  "summary_fg_p95": 3390.845458984375,
  "summary_fg_stdv": 445.5973205566406,
  "tsnr": 83.07712646201253
}