{
  "aor": 0.0017733333333333334,
  "aqi": 0.004161305666666667,
  "bids_meta": {
    "EchoTime": 0.0036,
    "InstitutionName": "U of M FMRI",
    "Modality": "MR",
    "PatientPosition": "HFS",
    "RepetitionTime": 2.0,
    "SliceTiming": [
      0,
      0.069,
      0.138,
      0.207,
      0.276,
      0.345,
      0.414,
      0.483,
      0.552,
      0.621,
      0.69,
      0.759,
      0.828,
      0.897,
      0.966,
      1.035,
      1.104,
      1.173,
      1.242,
      1.311,
      1.38,
      1.449,
      1.518,
      1.587,
      1.656,
      1.725,
      1.794,
      1.863,
      1.932
    ],
    "TaskName": "reward",
    "dataset": "MLS",
    "modality": "bold",
    "run_id": 2,
    "session_id": "2",
    "subject_id": "41",
    "task_id": "reward"
  },
  "dummy_trs": 0,
  "dvars_nstd": 19.10450107147651,
  "dvars_std": 1.1333951482550326,
  "dvars_vstd": 1.024726277583892,
  "efc": 0.5419831610838026,
  "fber": 1304.8387451171875,
  "fd_mean": 0.10972176302496298,
  "fd_num": 11,
  "fd_perc": 7.333333333333333,
  "fwhm_avg": 2.475516333333333,
  "fwhm_x": 2.588272,
  "fwhm_y": 2.886512,
  "fwhm_z": 1.951765,
  "gcor": 0.0448266,
  "gsr_x": 0.0015737786889076233,
  "gsr_y": 0.03238062188029289,
  "provenance": {
    "md5sum": "72f20eceedd767ce68bfbc392ff4a31d",
    "settings": {
      "fd_thres": 0.2,
      "testing": false
    },
    "software": "mriqc",
    "version": "23.1.0rc0"
  },
  "size_t": 150,
  "size_x": 64,
  "size_y": 64,
  "size_z": 29,
  "snr": 6.704740042803794,
  "spacing_tr": 1.0,
  "spacing_x": 3.125,
  "spacing_y": 3.125,
  "spacing_z": 4.0,
  "summary_bg_k": 22.501845971483448,
  "summary_bg_mad": 112.32194441332513,
  "summary_bg_mean": 139.6590576171875,
  "summary_bg_median": 80.28666687011719,
  "summary_bg_n": 66348.0,
  "summary_bg_p05": 0.006666666828095913,
  "summary_bg_p95": 514.7486785888672,
  "summary_bg_stdv": 210.5518341064453,
  "summary_fg_k": 0.8681195396308166,
  "summary_fg_mad": 392.9094958927584,
  "summary_fg_mean": 2964.013916015625,
  "summary_fg_median": 2948.580078125,
  "summary_fg_n": 23781.0,
  "summary_fg_p05": 2263.33349609375,
  "summary_fg_p95": 3709.573486328125,
  "summary_fg_stdv": 439.7662048339844,
  "tsnr": 77.49754087999463
}