{
  "aor": 0.0040750000000000005,
  "aqi": 0.0044731757333333335,
  "bids_meta": {
    "EchoTime": 0.0036,
    "InstitutionName": "U of M FMRI",
    "Modality": "MR",
    "PatientPosition": "HFS",
    "RepetitionTime": 2.0,
    "SliceTiming": [
      0,
      0.069,
      0.138,
      0.207,
      0.276,
      0.345,
      0.414,
      0.483,
      0.552,
      0.621,
      0.69,
      0.759,
      0.828,
      0.897,
      0.966,
      1.035,
      1.104,
      1.173,
      1.242,
      1.311,
      1.38,
      1.449,
      1.518,
      1.587,
      1.656,
      1.725,
      1.794,
      1.863,
      1.932
    ],
    "TaskName": "reward",
    "dataset": "MLS",
    "modality": "bold",
    "run_id": 1,
    "session_id": "2",
    "subject_id": "41",
    "task_id": "reward"
  },
  "dummy_trs": 0,
  "dvars_nstd": 18.307131459999997,
  "dvars_std": 1.1736674921476502,
  "dvars_vstd": 1.0603902851677847,
  "efc": 0.5394718959022083,
  "fber": 1443.962890625,
  "fd_mean": 0.14253596655633194,
  "fd_num": 23,
  "fd_perc": 15.333333333333334,
  "fwhm_avg": 2.4707324666666666,
  "fwhm_x": 2.5769696,
  "fwhm_y": 2.9257728,
  "fwhm_z": 1.909455,
  "gcor": 0.041942,
  "gsr_x": 0.002036422025412321,
  "gsr_y": 0.03475622087717056,
  "provenance": {
    "md5sum": "718bd57184fc86f8e8a39735910b741f",
    "settings": {
      "fd_thres": 0.2,
      "testing": false
    },
    "software": "mriqc",
    "version": "23.1.0rc0"
  },
  "size_t": 150,
  "size_x": 64,
  "size_y": 64,
  "size_z": 29,
  "snr": 6.65657374459156,
  "spacing_tr": 1.0,
  "spacing_x": 3.125,
  "spacing_y": 3.125,
  "spacing_z": 4.0,
  "summary_bg_k": 24.56190886775115,
  "summary_bg_mad": 109.87070931567679,
  "summary_bg_mean": 135.58316040039062,
  "summary_bg_median": 76.36000061035156,
  "summary_bg_n": 66361.0,
  "summary_bg_p05": 0.07333333790302277,
  "summary_bg_p95": 486.14666748046875,
  "summary_bg_stdv": 210.7136993408203,
  "summary_fg_k": 1.0703041047427524,
  "summary_fg_mad": 401.4293911611141,
  "summary_fg_mean": 2946.50830078125,
  "summary_fg_median": 2937.646728515625,
  "summary_fg_n": 23841.0,
  "summary_fg_p05": 2240.126708984375,
  "summary_fg_p95": 3676.073486328125,
  "summary_fg_stdv": 441.3058776855469,
  "tsnr": 78.50223736325279
}