{
  "aor": 0.0008534,
  "aqi": 0.006491446333333334,
  "bids_meta": {
    "EchoTime": 0.0036,
    "InstitutionName": "U of M FMRI",
    "Modality": "MR",
    "PatientPosition": "HFS",
    "RepetitionTime": 2.0,
    "SliceTiming": [
      0,
      0.069,
      0.138,
      0.207,
      0.276,
      0.345,
      0.414,
      0.483,
      0.552,
      0.621,
      0.69,
      0.759,
      0.828,
      0.897,
      0.966,
      1.035,
      1.104,
      1.173,
      1.242,
      1.311,
      1.38,
      1.449,
      1.518,
      1.587,
      1.656,
      1.725,
      1.794,
      1.863,
      1.932
    ],
    "TaskName": "reward",
    "dataset": "MLS",
    "modality": "bold",
    "run_id": 1,
    "session_id": "1",
    "subject_id": "113",
    "task_id": "reward"
  },
  "dummy_trs": 0,
  "dvars_nstd": 23.481990916711407,
  "dvars_std": 1.141591531543624,
  "dvars_vstd": 0.9879595226845638,
  "efc": 0.5748494843362284,
  "fber": 657.8603515625,
  "fd_mean": 0.10390513803444365,
  "fd_num": 6,
  "fd_perc": 4.0,
  "fwhm_avg": 2.3549973,
  "fwhm_x": 2.4499776,
  "fwhm_y": 2.7484768,
  "fwhm_z": 1.8665375,
  "gcor": 0.038444,
  "gsr_x": 0.010757792741060257,
  "gsr_y": 0.04382464662194252,
  "provenance": {
    "md5sum": "cec06cdf9372111ce2b0217cdb6a472e",
    "settings": {
      "fd_thres": 0.2,
      "testing": false
    },
    "software": "mriqc",
    "version": "23.1.0rc0"
  },
  "size_t": 150,
  "size_x": 64,
  "size_y": 64,
  "size_z": 29,
  "snr": 6.098817570713962,
  "spacing_tr": 1.0,
  "spacing_x": 3.125,
  "spacing_y": 3.125,
  "spacing_z": 4.0,
  "summary_bg_k": 13.456593844224162,
  "summary_bg_mad": 153.42461995539995,
  "summary_bg_mean": 182.02549743652344,
  "summary_bg_median": 104.93000030517578,
  "summary_bg_n": 64796.0,
  "summary_bg_p05": 0.013333333656191826,
  "summary_bg_p95": 695.6983642578125,
  "summary_bg_stdv": 252.93409729003906,
  "summary_fg_k": 0.9039143848273534,
  "summary_fg_mad": 415.1731426837356,
  "summary_fg_mean": 2790.041015625,
  "summary_fg_median": 2756.24658203125,
  "summary_fg_n": 25186.0,
  "summary_fg_p05": 2108.6534423828125,
  "summary_fg_p95": 3588.843505859375,
  "summary_fg_stdv": 451.9223327636719,
  "tsnr": 61.7991626271978
}