{
  "aor": 0.004778800000000001,
  "aqi": 0.0046565346,
  "bids_meta": {
    "EchoTime": 0.0036,
    "InstitutionName": "U of M FMRI",
    "Modality": "MR",
    "PatientPosition": "HFS",
    "RepetitionTime": 2.0,
    "SliceTiming": [
      0,
      0.069,
      0.138,
      0.207,
      0.276,
      0.345,
      0.414,
      0.483,
      0.552,
      0.621,
      0.69,
      0.759,
      0.828,
      0.897,
      0.966,
      1.035,
      1.104,
      1.173,
      1.242,
      1.311,
      1.38,
      1.449,
      1.518,
      1.587,
      1.656,
      1.725,
      1.794,
      1.863,
      1.932
    ],
    "TaskName": "reward",
    "dataset": "MLS",
    "modality": "bold",
    "run_id": 2,
    "session_id": "1",
    "subject_id": "225",
    "task_id": "reward"
  },
  "dummy_trs": 0,
  "dvars_nstd": 22.554535821140938,
  "dvars_std": 1.1890199846979863,
  "dvars_vstd": 1.0495613425503356,
  "efc": 0.5555470847849736,
  "fber": 1177.7503662109375,
  "fd_mean": 0.12433367779345095,
  "fd_num": 22,
  "fd_perc": 14.666666666666666,
  "fwhm_avg": 2.4873900333333334,
  "fwhm_x": 2.6652288,
  "fwhm_y": 2.7977888,
  "fwhm_z": 1.9991525,
  "gcor": 0.0304942,
  "gsr_x": 0.0090256342664361,
  "gsr_y": 0.025095535442233086,
  "provenance": {
    "md5sum": "21bb00b25d62c2852637b2037807c02b",
    "settings": {
      "fd_thres": 0.2,
      "testing": false
    },
    "software": "mriqc",
    "version": "23.1.0rc0"
  },
  "size_t": 150,
  "size_x": 64,
  "size_y": 64,
  "size_z": 29,
  "snr": 5.682309723800788,
  "spacing_tr": 1.0,
  "spacing_x": 3.125,
  "spacing_y": 3.125,
  "spacing_z": 4.0,
  "summary_bg_k": 18.514856081074022,
  "summary_bg_mad": 134.07172508107442,
  "summary_bg_mean": 158.06216430664062,
  "summary_bg_median": 95.09333801269531,
  "summary_bg_n": 64360.0,
  "summary_bg_p05": 0.0,
  "summary_bg_p95": 573.2983612060531,
  "summary_bg_stdv": 220.6896209716797,
  "summary_fg_k": 1.6573219153730996,
  "summary_fg_mad": 512.2638609887947,
  "summary_fg_mean": 3285.753662109375,
  "summary_fg_median": 3286.3134765625,
  "summary_fg_n": 25172.0,
  "summary_fg_p05": 2317.832067871094,
  "summary_fg_p95": 4176.924121093749,
  "summary_fg_stdv": 578.3296508789062,
  "tsnr": 67.46525840985123
}