{
  "aor": 0.0020335333333333333,
  "aqi": 0.012568998266666668,
  "bids_meta": {
    "EchoTime": 0.0036,
    "InstitutionName": "U of M FMRI",
    "Modality": "MR",
    "PatientPosition": "HFS",
    "RepetitionTime": 2.0,
    "SliceTiming": [
      0,
      0.069,
      0.138,
      0.207,
      0.276,
      0.345,
      0.414,
      0.483,
      0.552,
      0.621,
      0.69,
      0.759,
      0.828,
      0.897,
      0.966,
      1.035,
      1.104,
      1.173,
      1.242,
      1.311,
      1.38,
      1.449,
      1.518,
      1.587,
      1.656,
      1.725,
      1.794,
      1.863,
      1.932
    ],
    "TaskName": "reward",
    "dataset": "MLS",
    "modality": "bold",
    "run_id": 1,
    "session_id": "1",
    "subject_id": "87",
    "task_id": "reward"
  },
  "dummy_trs": 0,
  "dvars_nstd": 19.550707183288598,
  "dvars_std": 1.0109961851677856,
  "dvars_vstd": 0.9915747967785237,
  "efc": 0.5556564468220913,
  "fber": 1516.34228515625,
  "fd_mean": 0.1227418404635447,
  "fd_num": 20,
  "fd_perc": 13.333333333333334,
  "fwhm_avg": 2.1167806666666666,
  "fwhm_x": 2.1238463999999997,
  "fwhm_y": 2.5172255999999997,
  "fwhm_z": 1.70927,
  "gcor": 0.0428495,
  "gsr_x": 0.025394750759005547,
  "gsr_y": 0.05486711487174034,
  "provenance": {
    "md5sum": "c1a6cf5eff762ebb189d96be7863ba20",
    "settings": {
      "fd_thres": 0.2,
      "testing": false
    },
    "software": "mriqc",
    "version": "23.1.0rc0"
  },
  "size_t": 150,
  "size_x": 64,
  "size_y": 64,
  "size_z": 29,
  "snr": 7.538964317999337,
  "spacing_tr": 1.0,
  "spacing_x": 3.125,
  "spacing_y": 3.125,
  "spacing_z": 4.0,
  "summary_bg_k": 27.454288165726986,
  "summary_bg_mad": 101.6818035369722,
  "summary_bg_mean": 147.53475952148438,
  "summary_bg_median": 69.23666381835938,
  "summary_bg_n": 65994.0,
  "summary_bg_p05": 0.07333333790302277,
  "summary_bg_p95": 502.9963424682617,
  "summary_bg_stdv": 226.59413146972656,
  "summary_fg_k": 1.1210258876885577,
  "summary_fg_mad": 324.0278547351373,
  "summary_fg_mean": 2723.243896484375,
  "summary_fg_median": 2679.260009765625,
  "summary_fg_n": 24979.0,
  "summary_fg_p05": 2224.1640869140624,
  "summary_fg_p95": 3351.9714599609374,
  "summary_fg_stdv": 355.3812255859375,
  "tsnr": 58.38004645798355
}