{
  "aor": 0.0011976666666666668,
  "aqi": 0.0113692498,
  "bids_meta": {
    "EchoTime": 0.0036,
    "InstitutionName": "U of M FMRI",
    "Modality": "MR",
    "PatientPosition": "HFS",
    "RepetitionTime": 2.0,
    "SliceTiming": [
      0,
      0.069,
      0.138,
      0.207,
      0.276,
      0.345,
      0.414,
      0.483,
      0.552,
      0.621,
      0.69,
      0.759,
      0.828,
      0.897,
      0.966,
      1.035,
      1.104,
      1.173,
      1.242,
      1.311,
      1.38,
      1.449,
      1.518,
      1.587,
      1.656,
      1.725,
      1.794,
      1.863,
      1.932
    ],
    "TaskName": "reward",
    "dataset": "MLS",
    "modality": "bold",
    "run_id": 2,
    "session_id": "1",
    "subject_id": "87",
    "task_id": "reward"
  },
  "dummy_trs": 0,
  "dvars_nstd": 18.937949212416108,
  "dvars_std": 1.0203947088590604,
  "dvars_vstd": 0.99549372114094,
  "efc": 0.5542457735384292,
  "fber": 1575.958984375,
  "fd_mean": 0.10439873666247586,
  "fd_num": 10,
  "fd_perc": 6.666666666666667,
  "fwhm_avg": 2.1673536,
  "fwhm_x": 2.1848192,
  "fwhm_y": 2.5718016,
  "fwhm_z": 1.74544,
  "gcor": 0.0418516,
  "gsr_x": 0.028226982802152634,
  "gsr_y": 0.05776628851890564,
  "provenance": {
    "md5sum": "63138e759f2dc5cf63a181ab1075aba3",
    "settings": {
      "fd_thres": 0.2,
      "testing": false
    },
    "software": "mriqc",
    "version": "23.1.0rc0"
  },
  "size_t": 150,
  "size_x": 64,
  "size_y": 64,
  "size_z": 29,
  "snr": 7.542361201240022,
  "spacing_tr": 1.0,
  "spacing_x": 3.125,
  "spacing_y": 3.125,
  "spacing_z": 4.0,
  "summary_bg_k": 27.124836961315822,
  "summary_bg_mad": 99.16632311141831,
  "summary_bg_mean": 145.84579467773438,
  "summary_bg_median": 67.58000183105469,
  "summary_bg_n": 66406.0,
  "summary_bg_p05": 0.02666666731238365,
  "summary_bg_p95": 503.1750183105469,
  "summary_bg_stdv": 223.65170288085938,
  "summary_fg_k": 1.428821582144698,
  "summary_fg_mad": 318.9375629873726,
  "summary_fg_mean": 2723.502685546875,
  "summary_fg_median": 2679.413330078125,
  "summary_fg_n": 24827.0,
  "summary_fg_p05": 2223.676123046875,
  "summary_fg_p95": 3355.5867431640618,
  "summary_fg_stdv": 355.241455078125,
  "tsnr": 58.7879952712683
}