{
  "aor": 0.0005602,
  "aqi": 0.0066868248666666665,
  "bids_meta": {
    "EchoTime": 0.0036,
    "InstitutionName": "U of M FMRI",
    "Modality": "MR",
    "PatientPosition": "HFS",
    "RepetitionTime": 2.0,
    "SliceTiming": [
      0,
      0.069,
      0.138,
      0.207,
      0.276,
      0.345,
      0.414,
      0.483,
      0.552,
      0.621,
      0.69,
      0.759,
      0.828,
      0.897,
      0.966,
      1.035,
      1.104,
      1.173,
      1.242,
      1.311,
      1.38,
      1.449,
      1.518,
      1.587,
      1.656,
      1.725,
      1.794,
      1.863,
      1.932
    ],
    "TaskName": "reward",
    "dataset": "MLS",
    "modality": "bold",
    "run_id": 1,
    "session_id": "2",
    "subject_id": "109",
    "task_id": "reward"
  },
  "dummy_trs": 0,
  "dvars_nstd": 16.370497876442958,
  "dvars_std": 1.0070542615436235,
  "dvars_vstd": 0.9692483247651003,
  "efc": 0.5677231896858491,
  "fber": 1203.3121337890625,
  "fd_mean": 0.11193218420402323,
  "fd_num": 13,
  "fd_perc": 8.666666666666666,
  "fwhm_avg": 2.3737099333333336,
  "fwhm_x": 2.4382272,
  "fwhm_y": 2.7758976,
  "fwhm_z": 1.907005,
  "gcor": 0.0324753,
  "gsr_x": -0.004146060906350613,
  "gsr_y": 0.03662461042404175,
  "provenance": {
    "md5sum": "84b00704a786c6be1469e15a859bb1c4",
    "settings": {
      "fd_thres": 0.2,
      "testing": false
    },
    "software": "mriqc",
    "version": "23.1.0rc0"
  },
  "size_t": 150,
  "size_x": 64,
  "size_y": 64,
  "size_z": 29,
  "snr": 8.361257134946094,
  "spacing_tr": 1.0,
  "spacing_x": 3.125,
  "spacing_y": 3.125,
  "spacing_z": 4.0,
  "summary_bg_k": 15.725357891658543,
  "summary_bg_mad": 196.97852493944447,
  "summary_bg_mean": 231.25253295898438,
  "summary_bg_median": 135.55332946777344,
  "summary_bg_n": 63028.0,
  "summary_bg_p05": 0.02666666731238365,
  "summary_bg_p95": 844.3110260009765,
  "summary_bg_stdv": 348.7535400390625,
  "summary_fg_k": 1.8259288976087662,
  "summary_fg_mad": 509.61989909790753,
  "summary_fg_mean": 4740.126953125,
  "summary_fg_median": 4779.3134765625,
  "summary_fg_n": 26845.0,
  "summary_fg_p05": 3720.336083984375,
  "summary_fg_p95": 5587.67900390625,
  "summary_fg_stdv": 571.5916137695312,
  "tsnr": 78.53593870298937
}