{
  "aor": 0.0007396666666666668,
  "aqi": 0.0045958524,
  "bids_meta": {
    "EchoTime": 0.0036,
    "InstitutionName": "U of M FMRI",
    "Modality": "MR",
    "PatientPosition": "HFS",
    "RepetitionTime": 2.0,
    "SliceTiming": [
      0,
      0.069,
      0.138,
      0.207,
      0.276,
      0.345,
      0.414,
      0.483,
      0.552,
      0.621,
      0.69,
      0.759,
      0.828,
      0.897,
      0.966,
      1.035,
      1.104,
      1.173,
      1.242,
      1.311,
      1.38,
      1.449,
      1.518,
      1.587,
      1.656,
      1.725,
      1.794,
      1.863,
      1.932
    ],
    "TaskName": "reward",
    "dataset": "MLS",
    "modality": "bold",
    "run_id": 2,
    "session_id": "2",
    "subject_id": "109",
    "task_id": "reward"
  },
  "dummy_trs": 0,
  "dvars_nstd": 16.80418044590605,
  "dvars_std": 1.0740108443624157,
  "dvars_vstd": 1.0049872452348994,
  "efc": 0.5670020913313515,
  "fber": 1168.3480224609375,
  "fd_mean": 0.1049371577329737,
  "fd_num": 10,
  "fd_perc": 6.666666666666667,
  "fwhm_avg": 2.3563078666666666,
  "fwhm_x": 2.3994368,
  "fwhm_y": 2.7949568,
  "fwhm_z": 1.87453,
  "gcor": 0.0739951,
  "gsr_x": -0.002832501893863082,
  "gsr_y": 0.03528745472431183,
  "provenance": {
    "md5sum": "dd226045b1eb7bdff0c6eca6efedad8e",
    "settings": {
      "fd_thres": 0.2,
      "testing": false
    },
    "software": "mriqc",
    "version": "23.1.0rc0"
  },
  "size_t": 150,
  "size_x": 64,
  "size_y": 64,
  "size_z": 29,
  "snr": 8.252497890594586,
  "spacing_tr": 1.0,
  "spacing_x": 3.125,
  "spacing_y": 3.125,
  "spacing_z": 4.0,
  "summary_bg_k": 18.443647594183318,
  "summary_bg_mad": 194.8287622563128,
  "summary_bg_mean": 231.44277954101562,
  "summary_bg_median": 138.1233367919922,
  "summary_bg_n": 62940.0,
  "summary_bg_p05": 0.013333333656191826,
  "summary_bg_p95": 807.7976684570309,
  "summary_bg_stdv": 347.2143249511719,
  "summary_fg_k": 2.3933095266613256,
  "summary_fg_mad": 508.8192359857653,
  "summary_fg_mean": 4750.763671875,
  "summary_fg_median": 4787.93359375,
  "summary_fg_n": 26873.0,
  "summary_fg_p05": 3746.88681640625,
  "summary_fg_p95": 5610.5162109375,
  "summary_fg_stdv": 580.1691284179688,
  "tsnr": 84.92142202565446
}