{
  "aor": 0.0006873333333333333,
  "aqi": 0.0041083336,
  "bids_meta": {
    "EchoTime": 0.0036,
    "InstitutionName": "U of M FMRI",
    "Modality": "MR",
    "PatientPosition": "HFS",
    "RepetitionTime": 2.0,
    "SliceTiming": [
      0,
      0.069,
      0.138,
      0.207,
      0.276,
      0.345,
      0.414,
      0.483,
      0.552,
      0.621,
      0.69,
      0.759,
      0.828,
      0.897,
      0.966,
      1.035,
      1.104,
      1.173,
      1.242,
      1.311,
      1.38,
      1.449,
      1.518,
      1.587,
      1.656,
      1.725,
      1.794,
      1.863,
      1.932
    ],
    "TaskName": "reward",
    "dataset": "MLS",
    "modality": "bold",
    "run_id": 2,
    "session_id": "1",
    "subject_id": "167",
    "task_id": "reward"
  },
  "dummy_trs": 0,
  "dvars_nstd": 19.576364312281893,
  "dvars_std": 1.2044711626845634,
  "dvars_vstd": 1.0042045287919468,
  "efc": 0.5316117722832545,
  "fber": 1207.3582763671875,
  "fd_mean": 0.06166000033680457,
  "fd_num": 0,
  "fd_perc": 0.0,
  "fwhm_avg": 2.4768655,
  "fwhm_x": 2.5895584,
  "fwhm_y": 2.9034656,
  "fwhm_z": 1.9375725,
  "gcor": 0.00924182,
  "gsr_x": -0.0037336747627705336,
  "gsr_y": 0.025451309978961945,
  "provenance": {
    "md5sum": "fc8e6e8eedfec3fca166eeef7e82fedc",
    "settings": {
      "fd_thres": 0.2,
      "testing": false
    },
    "software": "mriqc",
    "version": "23.1.0rc0"
  },
  "size_t": 150,
  "size_x": 64,
  "size_y": 64,
  "size_z": 29,
  "snr": 6.601461680649893,
  "spacing_tr": 1.0,
  "spacing_x": 3.125,
  "spacing_y": 3.125,
  "spacing_z": 4.0,
  "summary_bg_k": 23.471048452981822,
  "summary_bg_mad": 73.46788627743747,
  "summary_bg_mean": 85.7740478515625,
  "summary_bg_median": 50.90666961669922,
  "summary_bg_n": 68520.0,
  "summary_bg_p05": 0.0,
  "summary_bg_p95": 314.5876708984374,
  "summary_bg_stdv": 127.723388671875,
  "summary_fg_k": 0.9598086965971024,
  "summary_fg_mad": 244.68375105912025,
  "summary_fg_mean": 1803.2420654296875,
  "summary_fg_median": 1807.7900390625,
  "summary_fg_n": 22510.0,
  "summary_fg_p05": 1346.3340270996093,
  "summary_fg_p95": 2248.7783447265624,
  "summary_fg_stdv": 273.8408508300781,
  "tsnr": 82.36684484547004
}