{
  "aor": 0.0013092666666666667,
  "aqi": 0.006245076,
  "bids_meta": {
    "EchoTime": 0.0036,
    "InstitutionName": "U of M FMRI",
    "Modality": "MR",
    "PatientPosition": "HFS",
    "RepetitionTime": 2.0,
    "SliceTiming": [
      0,
      0.069,
      0.138,
      0.207,
      0.276,
      0.345,
      0.414,
      0.483,
      0.552,
      0.621,
      0.69,
      0.759,
      0.828,
      0.897,
      0.966,
      1.035,
      1.104,
      1.173,
      1.242,
      1.311,
      1.38,
      1.449,
      1.518,
      1.587,
      1.656,
      1.725,
      1.794,
      1.863,
      1.932
    ],
    "TaskName": "reward",
    "dataset": "MLS",
    "modality": "bold",
    "run_id": 2,
    "session_id": "1",
    "subject_id": "158",
    "task_id": "reward"
  },
  "dummy_trs": 0,
  "dvars_nstd": 21.406196018322156,
  "dvars_std": 1.1136698951006714,
  "dvars_vstd": 1.0079961066442948,
  "efc": 0.5584975561522204,
  "fber": 646.2556762695312,
  "fd_mean": 0.08074891595163536,
  "fd_num": 3,
  "fd_perc": 2.0,
  "fwhm_avg": 2.3764221333333335,
  "fwhm_x": 2.4957376,
  "fwhm_y": 2.7038688000000004,
  "fwhm_z": 1.92966,
  "gcor": 0.0123916,
  "gsr_x": 0.014751439914107323,
  "gsr_y": 0.02562667988240719,
  "provenance": {
    "md5sum": "3661b03e1749033ca33515744f1ffc68",
    "settings": {
      "fd_thres": 0.2,
      "testing": false
    },
    "software": "mriqc",
    "version": "23.1.0rc0"
  },
  "size_t": 150,
  "size_x": 64,
  "size_y": 64,
  "size_z": 29,
  "snr": 7.893312833273357,
  "spacing_tr": 1.0,
  "spacing_x": 3.125,
  "spacing_y": 3.125,
  "spacing_z": 4.0,
  "summary_bg_k": 13.972159802103143,
  "summary_bg_mad": 414.26873180282405,
  "summary_bg_mean": 441.58038330078125,
  "summary_bg_median": 311.0733337402344,
  "summary_bg_n": 65757.0,
  "summary_bg_p05": 0.1133333370089531,
  "summary_bg_p95": 1411.75341796875,
  "summary_bg_stdv": 549.981689453125,
  "summary_fg_k": 1.322018645632503,
  "summary_fg_mad": 964.0476140459775,
  "summary_fg_mean": 7994.5048828125,
  "summary_fg_median": 8014.56689453125,
  "summary_fg_n": 24057.0,
  "summary_fg_p05": 6361.006640625,
  "summary_fg_p95": 9596.4802734375,
  "summary_fg_stdv": 1015.3405151367188,
  "tsnr": 70.45425026584417
}