{
  "aor": 0.0016310666666666666,
  "aqi": 0.0061391588,
  "bids_meta": {
    "EchoTime": 0.0036,
    "InstitutionName": "U of M FMRI",
    "Modality": "MR",
    "PatientPosition": "HFS",
    "RepetitionTime": 2.0,
    "SliceTiming": [
      0,
      0.069,
      0.138,
      0.207,
      0.276,
      0.345,
      0.414,
      0.483,
      0.552,
      0.621,
      0.69,
      0.759,
      0.828,
      0.897,
      0.966,
      1.035,
      1.104,
      1.173,
      1.242,
      1.311,
      1.38,
      1.449,
      1.518,
      1.587,
      1.656,
      1.725,
      1.794,
      1.863,
      1.932
    ],
    "TaskName": "reward",
    "dataset": "MLS",
    "modality": "bold",
    "run_id": 1,
    "session_id": "1",
    "subject_id": "158",
    "task_id": "reward"
  },
  "dummy_trs": 0,
  "dvars_nstd": 21.426262375704702,
  "dvars_std": 1.1042538293288593,
  "dvars_vstd": 1.0209696458389257,
  "efc": 0.5574964449100032,
  "fber": 661.401611328125,
  "fd_mean": 0.08305377904391721,
  "fd_num": 8,
  "fd_perc": 5.333333333333333,
  "fwhm_avg": 2.3143352,
  "fwhm_x": 2.424032,
  "fwhm_y": 2.6416736,
  "fwhm_z": 1.8773,
  "gcor": 0.0104189,
  "gsr_x": 0.01377085316926241,
  "gsr_y": 0.024616939947009087,
  "provenance": {
    "md5sum": "127d274a6ad48859a54229169e4dbbe2",
    "settings": {
      "fd_thres": 0.2,
      "testing": false
    },
    "software": "mriqc",
    "version": "23.1.0rc0"
  },
  "size_t": 150,
  "size_x": 64,
  "size_y": 64,
  "size_z": 29,
  "snr": 7.776230643552096,
  "spacing_tr": 1.0,
  "spacing_x": 3.125,
  "spacing_y": 3.125,
  "spacing_z": 4.0,
  "summary_bg_k": 18.38658806314745,
  "summary_bg_mad": 408.02205737987117,
  "summary_bg_mean": 435.90960693359375,
  "summary_bg_median": 304.2533264160156,
  "summary_bg_n": 65667.0,
  "summary_bg_p05": 0.07999999821186066,
  "summary_bg_p95": 1365.1320434570307,
  "summary_bg_stdv": 557.3432006835938,
  "summary_fg_k": 1.6638767066569837,
  "summary_fg_mad": 970.1604524898552,
  "summary_fg_mean": 7974.94189453125,
  "summary_fg_median": 7991.056640625,
  "summary_fg_n": 24048.0,
  "summary_fg_p05": 6350.1107177734375,
  "summary_fg_p95": 9593.208251953123,
  "summary_fg_stdv": 1027.6046142578125,
  "tsnr": 70.91690615564585
}