{
  "aor": 0.013163666666666669,
  "aqi": 0.015172127199999998,
  "bids_meta": {
    "EchoTime": 0.0036,
    "InstitutionName": "U of M FMRI",
    "Modality": "MR",
    "PatientPosition": "HFS",
    "RepetitionTime": 2.0,
    "SliceTiming": [
      0,
      0.069,
      0.138,
      0.207,
      0.276,
      0.345,
      0.414,
      0.483,
      0.552,
      0.621,
      0.69,
      0.759,
      0.828,
      0.897,
      0.966,
      1.035,
      1.104,
      1.173,
      1.242,
      1.311,
      1.38,
      1.449,
      1.518,
      1.587,
      1.656,
      1.725,
      1.794,
      1.863,
      1.932
    ],
    "TaskName": "reward",
    "dataset": "MLS",
    "modality": "bold",
    "run_id": 2,
    "session_id": "1",
    "subject_id": "228",
    "task_id": "reward"
  },
  "dummy_trs": 0,
  "dvars_nstd": 23.67500965724832,
  "dvars_std": 1.1148675106040271,
  "dvars_vstd": 1.0339718644966438,
  "efc": 0.5265822097713377,
  "fber": 1436.9759521484375,
  "fd_mean": 0.3123972706895257,
  "fd_num": 66,
  "fd_perc": 44.0,
  "fwhm_avg": 2.6237390333333335,
  "fwhm_x": 2.8009408000000002,
  "fwhm_y": 3.0597088,
  "fwhm_z": 2.0105675,
  "gcor": 0.096225,
  "gsr_x": 0.010515266098082066,
  "gsr_y": 0.03381733596324921,
  "provenance": {
    "md5sum": "23277f8ba930f129ca05017903121be9",
    "settings": {
      "fd_thres": 0.2,
      "testing": false
    },
    "software": "mriqc",
    "version": "23.1.0rc0"
  },
  "size_t": 150,
  "size_x": 64,
  "size_y": 64,
  "size_z": 29,
  "snr": 7.368083662546607,
  "spacing_tr": 1.0,
  "spacing_x": 3.125,
  "spacing_y": 3.125,
  "spacing_z": 4.0,
  "summary_bg_k": 57.356807277705016,
  "summary_bg_mad": 129.7573440144524,
  "summary_bg_mean": 154.51800537109375,
  "summary_bg_median": 95.38666534423828,
  "summary_bg_n": 68153.0,
  "summary_bg_p05": 0.19333334267139435,
  "summary_bg_p95": 513.3360107421869,
  "summary_bg_stdv": 249.28094482421875,
  "summary_fg_k": 0.7202704090275533,
  "summary_fg_mad": 452.1097011279261,
  "summary_fg_mean": 3604.133544921875,
  "summary_fg_median": 3605.78662109375,
  "summary_fg_n": 22686.0,
  "summary_fg_p05": 2804.1350708007812,
  "summary_fg_p95": 4395.5433349609375,
  "summary_fg_stdv": 489.3683776855469,
  "tsnr": 45.191530354321
}