{
  "aor": 0.0008212666666666666,
  "aqi": 0.0020609056000000002,
  "bids_meta": {
    "EchoTime": 0.0036,
    "InstitutionName": "U of M FMRI",
    "Modality": "MR",
    "PatientPosition": "HFS",
    "RepetitionTime": 2.0,
    "SliceTiming": [
      0,
      0.069,
      0.138,
      0.207,
      0.276,
      0.345,
      0.414,
      0.483,
      0.552,
      0.621,
      0.69,
      0.759,
      0.828,
      0.897,
      0.966,
      1.035,
      1.104,
      1.173,
      1.242,
      1.311,
      1.38,
      1.449,
      1.518,
      1.587,
      1.656,
      1.725,
      1.794,
      1.863,
      1.932
    ],
    "TaskName": "reward",
    "dataset": "MLS",
    "modality": "bold",
    "run_id": 2,
    "session_id": "2",
    "subject_id": "95",
    "task_id": "reward"
  },
  "dummy_trs": 0,
  "dvars_nstd": 17.0985329328188,
  "dvars_std": 1.2185038845637581,
  "dvars_vstd": 1.0187635467785237,
  "efc": 0.588290102946769,
  "fber": 622.5911865234375,
  "fd_mean": 0.050285698612555614,
  "fd_num": 0,
  "fd_perc": 0.0,
  "fwhm_avg": 2.7082362999999994,
  "fwhm_x": 2.8258463999999996,
  "fwhm_y": 3.2588799999999996,
  "fwhm_z": 2.0399825,
  "gcor": 0.0189648,
  "gsr_x": 0.008803870528936386,
  "gsr_y": 0.033423203974962234,
  "provenance": {
    "md5sum": "3779f0e13783603cf22b33581bfc055c",
    "settings": {
      "fd_thres": 0.2,
      "testing": false
    },
    "software": "mriqc",
    "version": "23.1.0rc0"
  },
  "size_t": 150,
  "size_x": 64,
  "size_y": 64,
  "size_z": 29,
  "snr": 6.387593572667771,
  "spacing_tr": 1.0,
  "spacing_x": 3.125,
  "spacing_y": 3.125,
  "spacing_z": 4.0,
  "summary_bg_k": 10.970916014596746,
  "summary_bg_mad": 176.69653722826587,
  "summary_bg_mean": 193.3072052001953,
  "summary_bg_median": 119.586669921875,
  "summary_bg_n": 61629.0,
  "summary_bg_p05": 0.0,
  "summary_bg_p95": 672.7160278320309,
  "summary_bg_stdv": 252.55421447753906,
  "summary_fg_k": 0.9918795676652681,
  "summary_fg_mad": 449.52021473359275,
  "summary_fg_mean": 3056.5478515625,
  "summary_fg_median": 3085.02001953125,
  "summary_fg_n": 27078.0,
  "summary_fg_p05": 2240.84873046875,
  "summary_fg_p95": 3786.1763427734377,
  "summary_fg_stdv": 482.9617004394531,
  "tsnr": 99.62825273629278
}