{
  "aor": 0.0016103355704697989,
  "aqi": 0.004328659932885906,
  "bids_meta": {
    "EchoTime": 0.0036,
    "InstitutionName": "U of M FMRI",
    "Modality": "MR",
    "PatientPosition": "HFS",
    "RepetitionTime": 2.0,
    "SliceTiming": [
      0,
      0.069,
      0.138,
      0.207,
      0.276,
      0.345,
      0.414,
      0.483,
      0.552,
      0.621,
      0.69,
      0.759,
      0.828,
      0.897,
      0.966,
      1.035,
      1.104,
      1.173,
      1.242,
      1.311,
      1.38,
      1.449,
      1.518,
      1.587,
      1.656,
      1.725,
      1.794,
      1.863,
      1.932
    ],
    "TaskName": "reward",
    "dataset": "MLS",
    "modality": "bold",
    "run_id": 1,
    "session_id": "2",
    "subject_id": "67",
    "task_id": "reward"
  },
  "dummy_trs": 1,
  "dvars_nstd": 15.818777980135138,
  "dvars_std": 1.06804502027027,
  "dvars_vstd": 0.9967766631756755,
  "efc": 0.6093150758265694,
  "fber": 802.4307861328125,
  "fd_mean": 0.1144150021374702,
  "fd_num": 19,
  "fd_perc": 12.751677852348994,
  "fwhm_avg": 2.515962333333333,
  "fwhm_x": 2.6628192,
  "fwhm_y": 2.9264927999999997,
  "fwhm_z": 1.958575,
  "gcor": 0.0639628,
  "gsr_x": -0.0001033520238706842,
  "gsr_y": 0.04449699819087982,
  "provenance": {
    "md5sum": "7b085318a4fafbdc1432c13c946a95e3",
    "settings": {
      "fd_thres": 0.2,
      "testing": false
    },
    "software": "mriqc",
    "version": "23.1.0rc0"
  },
  "size_t": 149,
  "size_x": 64,
  "size_y": 64,
  "size_z": 29,
  "snr": 7.457050929917532,
  "spacing_tr": 1.0,
  "spacing_x": 3.125,
  "spacing_y": 3.125,
  "spacing_z": 4.0,
  "summary_bg_k": 13.714582970974309,
  "summary_bg_mad": 162.67827908079562,
  "summary_bg_mean": 174.09646606445312,
  "summary_bg_median": 112.22818756103516,
  "summary_bg_n": 56715.0,
  "summary_bg_p05": 0.00671140942722559,
  "summary_bg_p95": 616.1228027343747,
  "summary_bg_stdv": 231.68807983398438,
  "summary_fg_k": 0.8246674278439832,
  "summary_fg_mad": 413.96454678344503,
  "summary_fg_mean": 3303.955810546875,
  "summary_fg_median": 3314.6376953125,
  "summary_fg_n": 31695.0,
  "summary_fg_p05": 2561.9462890625,
  "summary_fg_p95": 4012.571142578125,
  "summary_fg_stdv": 444.4901123046875,
  "tsnr": 83.24518055981025
}