{
  "aor": 0.00124,
  "aqi": 0.005329739666666666,
  "bids_meta": {
    "EchoTime": 0.0036,
    "InstitutionName": "U of M FMRI",
    "Modality": "MR",
    "PatientPosition": "HFS",
    "RepetitionTime": 2.0,
    "SliceTiming": [
      0,
      0.069,
      0.138,
      0.207,
      0.276,
      0.345,
      0.414,
      0.483,
      0.552,
      0.621,
      0.69,
      0.759,
      0.828,
      0.897,
      0.966,
      1.035,
      1.104,
      1.173,
      1.242,
      1.311,
      1.38,
      1.449,
      1.518,
      1.587,
      1.656,
      1.725,
      1.794,
      1.863,
      1.932
    ],
    "TaskName": "reward",
    "dataset": "MLS",
    "modality": "bold",
    "run_id": 1,
    "session_id": "1",
    "subject_id": "75",
    "task_id": "reward"
  },
  "dummy_trs": 0,
  "dvars_nstd": 20.737877301812066,
  "dvars_std": 1.1399255502684562,
  "dvars_vstd": 1.0124219959731544,
  "efc": 0.5813055424664457,
  "fber": 952.8004150390625,
  "fd_mean": 0.10780719149806173,
  "fd_num": 7,
  "fd_perc": 4.666666666666667,
  "fwhm_avg": 2.5724245666666663,
  "fwhm_x": 2.6644256,
  "fwhm_y": 3.0885055999999995,
  "fwhm_z": 1.9643425,
  "gcor": 0.00945811,
  "gsr_x": -0.0023170856293290854,
  "gsr_y": 0.03783922642469406,
  "provenance": {
    "md5sum": "170014b13dd1e14b0a2a41531aafc9c8",
    "settings": {
      "fd_thres": 0.2,
      "testing": false
    },
    "software": "mriqc",
    "version": "23.1.0rc0"
  },
  "size_t": 150,
  "size_x": 64,
  "size_y": 64,
  "size_z": 29,
  "snr": 6.639322332347908,
  "spacing_tr": 1.0,
  "spacing_x": 3.125,
  "spacing_y": 3.125,
  "spacing_z": 4.0,
  "summary_bg_k": 15.019996130637129,
  "summary_bg_mad": 111.59053084423537,
  "summary_bg_mean": 137.85655212402344,
  "summary_bg_median": 76.72666931152344,
  "summary_bg_n": 61674.0,
  "summary_bg_p05": 0.03999999910593033,
  "summary_bg_p95": 475.9216796874999,
  "summary_bg_stdv": 195.6255645751953,
  "summary_fg_k": 0.9173577118653999,
  "summary_fg_mad": 337.83549280355135,
  "summary_fg_mean": 2450.84716796875,
  "summary_fg_median": 2461.6533203125,
  "summary_fg_n": 27390.0,
  "summary_fg_p05": 1836.5630249023438,
  "summary_fg_p95": 3047.772717285156,
  "summary_fg_stdv": 370.7619934082031,
  "tsnr": 69.68876252823975
}