{
  "aor": 0.0008482,
  "aqi": 0.004045900133333333,
  "bids_meta": {
    "EchoTime": 0.0036,
    "InstitutionName": "U of M FMRI",
    "Modality": "MR",
    "PatientPosition": "HFS",
    "RepetitionTime": 2.0,
    "SliceTiming": [
      0,
      0.069,
      0.138,
      0.207,
      0.276,
      0.345,
      0.414,
      0.483,
      0.552,
      0.621,
      0.69,
      0.759,
      0.828,
      0.897,
      0.966,
      1.035,
      1.104,
      1.173,
      1.242,
      1.311,
      1.38,
      1.449,
      1.518,
      1.587,
      1.656,
      1.725,
      1.794,
      1.863,
      1.932
    ],
    "TaskName": "reward",
    "dataset": "MLS",
    "modality": "bold",
    "run_id": 2,
    "session_id": "1",
    "subject_id": "75",
    "task_id": "reward"
  },
  "dummy_trs": 0,
  "dvars_nstd": 21.989806437718112,
  "dvars_std": 1.176324965503356,
  "dvars_vstd": 1.0176505215436242,
  "efc": 0.5794921574241517,
  "fber": 985.3963012695312,
  "fd_mean": 0.11900984035289866,
  "fd_num": 17,
  "fd_perc": 11.333333333333334,
  "fwhm_avg": 2.530245366666667,
  "fwhm_x": 2.6175583999999996,
  "fwhm_y": 3.0259552000000003,
  "fwhm_z": 1.9472225,
  "gcor": 0.0164325,
  "gsr_x": -0.0017216440755873919,
  "gsr_y": 0.038525912910699844,
  "provenance": {
    "md5sum": "1d1968396a2021051f01f908547dc5e4",
    "settings": {
      "fd_thres": 0.2,
      "testing": false
    },
    "software": "mriqc",
    "version": "23.1.0rc0"
  },
  "size_t": 150,
  "size_x": 64,
  "size_y": 64,
  "size_z": 29,
  "snr": 6.471103210076985,
  "spacing_tr": 1.0,
  "spacing_x": 3.125,
  "spacing_y": 3.125,
  "spacing_z": 4.0,
  "summary_bg_k": 18.13012829662025,
  "summary_bg_mad": 109.4456975268787,
  "summary_bg_mean": 135.26876831054688,
  "summary_bg_median": 74.72000122070312,
  "summary_bg_n": 61811.0,
  "summary_bg_p05": 0.006666666828095913,
  "summary_bg_p95": 465.0466766357422,
  "summary_bg_stdv": 194.2151641845703,
  "summary_fg_k": 1.1074897115413815,
  "summary_fg_mad": 340.4351141739877,
  "summary_fg_mean": 2423.95068359375,
  "summary_fg_median": 2430.86328125,
  "summary_fg_n": 27284.0,
  "summary_fg_p05": 1804.9450622558593,
  "summary_fg_p95": 3032.0896972656246,
  "summary_fg_stdv": 375.64208984375,
  "tsnr": 75.67828555800952
}