{
  "aor": 0.0010550666666666667,
  "aqi": 0.0040599874,
  "bids_meta": {
    "EchoTime": 0.0036,
    "InstitutionName": "U of M FMRI",
    "Modality": "MR",
    "PatientPosition": "HFS",
    "RepetitionTime": 2.0,
    "SliceTiming": [
      0,
      0.069,
      0.138,
      0.207,
      0.276,
      0.345,
      0.414,
      0.483,
      0.552,
      0.621,
      0.69,
      0.759,
      0.828,
      0.897,
      0.966,
      1.035,
      1.104,
      1.173,
      1.242,
      1.311,
      1.38,
      1.449,
      1.518,
      1.587,
      1.656,
      1.725,
      1.794,
      1.863,
      1.932
    ],
    "TaskName": "reward",
    "dataset": "MLS",
    "modality": "bold",
    "run_id": 2,
    "session_id": "2",
    "subject_id": "117",
    "task_id": "reward"
  },
  "dummy_trs": 0,
  "dvars_nstd": 19.727076536912755,
  "dvars_std": 1.114186072348993,
  "dvars_vstd": 1.024208319932886,
  "efc": 0.5890362381756179,
  "fber": 535.54638671875,
  "fd_mean": 0.08032175410310938,
  "fd_num": 5,
  "fd_perc": 3.3333333333333335,
  "fwhm_avg": 2.410177266666667,
  "fwhm_x": 2.555184,
  "fwhm_y": 2.8209728000000003,
  "fwhm_z": 1.854375,
  "gcor": 0.046658,
  "gsr_x": 0.010409058071672916,
  "gsr_y": 0.037022702395915985,
  "provenance": {
    "md5sum": "7fc2d8eada429c81c79b6635ca5110db",
    "settings": {
      "fd_thres": 0.2,
      "testing": false
    },
    "software": "mriqc",
    "version": "23.1.0rc0"
  },
  "size_t": 150,
  "size_x": 64,
  "size_y": 64,
  "size_z": 29,
  "snr": 6.784591201971065,
  "spacing_tr": 1.0,
  "spacing_x": 3.125,
  "spacing_y": 3.125,
  "spacing_z": 4.0,
  "summary_bg_k": 11.719089691734098,
  "summary_bg_mad": 181.14434357448775,
  "summary_bg_mean": 194.06320190429688,
  "summary_bg_median": 122.80000305175781,
  "summary_bg_n": 62322.0,
  "summary_bg_p05": 0.013333333656191826,
  "summary_bg_p95": 649.22568359375,
  "summary_bg_stdv": 247.39175415039062,
  "summary_fg_k": 1.273776214150777,
  "summary_fg_mad": 387.28567004585375,
  "summary_fg_mean": 2917.783935546875,
  "summary_fg_median": 2914.420166015625,
  "summary_fg_n": 27109.0,
  "summary_fg_p05": 2233.89736328125,
  "summary_fg_p95": 3614.8121582031245,
  "summary_fg_stdv": 429.5566711425781,
  "tsnr": 76.59225472586695
}