{
  "aor": 0.0015366666666666666,
  "aqi": 0.004473716266666667,
  "bids_meta": {
    "EchoTime": 0.0036,
    "InstitutionName": "U of M FMRI",
    "Modality": "MR",
    "PatientPosition": "HFS",
    "RepetitionTime": 2.0,
    "SliceTiming": [
      0,
      0.069,
      0.138,
      0.207,
      0.276,
      0.345,
      0.414,
      0.483,
      0.552,
      0.621,
      0.69,
      0.759,
      0.828,
      0.897,
      0.966,
      1.035,
      1.104,
      1.173,
      1.242,
      1.311,
      1.38,
      1.449,
      1.518,
      1.587,
      1.656,
      1.725,
      1.794,
      1.863,
      1.932
    ],
    "TaskName": "reward",
    "dataset": "MLS",
    "modality": "bold",
    "run_id": 1,
    "session_id": "2",
    "subject_id": "117",
    "task_id": "reward"
  },
  "dummy_trs": 0,
  "dvars_nstd": 18.5761451975839,
  "dvars_std": 1.121180121073825,
  "dvars_vstd": 1.0221917656375838,
  "efc": 0.5888335183019364,
  "fber": 557.5643310546875,
  "fd_mean": 0.0696731859484926,
  "fd_num": 4,
  "fd_perc": 2.6666666666666665,
  "fwhm_avg": 2.4248011666666667,
  "fwhm_x": 2.5831391999999997,
  "fwhm_y": 2.8187168000000002,
  "fwhm_z": 1.8725475,
  "gcor": 0.0656426,
  "gsr_x": 0.01010994240641594,
  "gsr_y": 0.037352725863456726,
  "provenance": {
    "md5sum": "daeb21b731745c5cfa76b1554ac2af38",
    "settings": {
      "fd_thres": 0.2,
      "testing": false
    },
    "software": "mriqc",
    "version": "23.1.0rc0"
  },
  "size_t": 150,
  "size_x": 64,
  "size_y": 64,
  "size_z": 29,
  "snr": 6.92177766501005,
  "spacing_tr": 1.0,
  "spacing_x": 3.125,
  "spacing_y": 3.125,
  "spacing_z": 4.0,
  "summary_bg_k": 14.563434395665624,
  "summary_bg_mad": 178.2779829026547,
  "summary_bg_mean": 193.86480712890625,
  "summary_bg_median": 120.74000549316406,
  "summary_bg_n": 62387.0,
  "summary_bg_p05": 0.006666666828095913,
  "summary_bg_p95": 654.5400085449215,
  "summary_bg_stdv": 251.8674774169922,
  "summary_fg_k": 1.2713720378487547,
  "summary_fg_mad": 379.16556338842076,
  "summary_fg_mean": 2921.325927734375,
  "summary_fg_median": 2918.320068359375,
  "summary_fg_n": 27132.0,
  "summary_fg_p05": 2260.0486328125,
  "summary_fg_p95": 3611.5114257812497,
  "summary_fg_stdv": 421.6064758300781,
  "tsnr": 77.0845883738948
}