{
  "aor": 0.0006108666666666666,
  "aqi": 0.004848726133333333,
  "bids_meta": {
    "EchoTime": 0.0036,
    "InstitutionName": "U of M FMRI",
    "Modality": "MR",
    "PatientPosition": "HFS",
    "RepetitionTime": 2.0,
    "SliceTiming": [
      0,
      0.069,
      0.138,
      0.207,
      0.276,
      0.345,
      0.414,
      0.483,
      0.552,
      0.621,
      0.69,
      0.759,
      0.828,
      0.897,
      0.966,
      1.035,
      1.104,
      1.173,
      1.242,
      1.311,
      1.38,
      1.449,
      1.518,
      1.587,
      1.656,
      1.725,
      1.794,
      1.863,
      1.932
    ],
    "TaskName": "reward",
    "dataset": "MLS",
    "modality": "bold",
    "run_id": 1,
    "session_id": "1",
    "subject_id": "167",
    "task_id": "reward"
  },
  "dummy_trs": 0,
  "dvars_nstd": 21.688240473959723,
  "dvars_std": 1.2590198395973151,
  "dvars_vstd": 0.9780066291275165,
  "efc": 0.5298702848995089,
  "fber": 1212.8680419921875,
  "fd_mean": 0.07379624992774218,
  "fd_num": 3,
  "fd_perc": 2.0,
  "fwhm_avg": 2.5323653,
  "fwhm_x": 2.7024128000000003,
  "fwhm_y": 2.9584256,
  "fwhm_z": 1.9362575,
  "gcor": 0.0336822,
  "gsr_x": -0.0021604124922305346,
  "gsr_y": 0.029228348284959793,
  "provenance": {
    "md5sum": "7f39fb5bb77b8ec5d4727fe676f14a5d",
    "settings": {
      "fd_thres": 0.2,
      "testing": false
    },
    "software": "mriqc",
    "version": "23.1.0rc0"
  },
  "size_t": 150,
  "size_x": 64,
  "size_y": 64,
  "size_z": 29,
  "snr": 6.530786035539953,
  "spacing_tr": 1.0,
  "spacing_x": 3.125,
  "spacing_y": 3.125,
  "spacing_z": 4.0,
  "summary_bg_k": 27.00329045478857,
  "summary_bg_mad": 70.99688122492181,
  "summary_bg_mean": 83.89778900146484,
  "summary_bg_median": 51.31333541870117,
  "summary_bg_n": 68491.0,
  "summary_bg_p05": 0.006666666828095913,
  "summary_bg_p95": 295.3666687011719,
  "summary_bg_stdv": 125.93781280517578,
  "summary_fg_k": 0.9022538356375192,
  "summary_fg_mad": 247.6686825031892,
  "summary_fg_mean": 1806.8785400390625,
  "summary_fg_median": 1815.8900146484375,
  "summary_fg_n": 22634.0,
  "summary_fg_p05": 1338.9379821777343,
  "summary_fg_p95": 2253.709753417968,
  "summary_fg_stdv": 278.04461669921875,
  "tsnr": 74.19733209721744
}