{
  "aor": 0.0020283999999999996,
  "aqi": 0.0068594714,
  "bids_meta": {
    "EchoTime": 0.0036,
    "InstitutionName": "U of M FMRI",
    "Modality": "MR",
    "PatientPosition": "HFS",
    "RepetitionTime": 2.0,
    "SliceTiming": [
      0,
      0.069,
      0.138,
      0.207,
      0.276,
      0.345,
      0.414,
      0.483,
      0.552,
      0.621,
      0.69,
      0.759,
      0.828,
      0.897,
      0.966,
      1.035,
      1.104,
      1.173,
      1.242,
      1.311,
      1.38,
      1.449,
      1.518,
      1.587,
      1.656,
      1.725,
      1.794,
      1.863,
      1.932
    ],
    "TaskName": "reward",
    "dataset": "MLS",
    "modality": "bold",
    "run_id": 1,
    "session_id": "1",
    "subject_id": "112",
    "task_id": "reward"
  },
  "dummy_trs": 0,
  "dvars_nstd": 20.816010878590617,
  "dvars_std": 1.0876136013422817,
  "dvars_vstd": 1.0093111932214769,
  "efc": 0.6018309296766863,
  "fber": 874.6360473632812,
  "fd_mean": 0.08042142500441107,
  "fd_num": 7,
  "fd_perc": 4.666666666666667,
  "fwhm_avg": 2.1335204666666665,
  "fwhm_x": 2.1801472,
  "fwhm_y": 2.4843392,
  "fwhm_z": 1.736075,
  "gcor": 0.028846,
  "gsr_x": 0.015178397297859192,
  "gsr_y": 0.06320638954639435,
  "provenance": {
    "md5sum": "9510b76f8082a54ffa9cad25b9f62810",
    "settings": {
      "fd_thres": 0.2,
      "testing": false
    },
    "software": "mriqc",
    "version": "23.1.0rc0"
  },
  "size_t": 150,
  "size_x": 64,
  "size_y": 64,
  "size_z": 29,
  "snr": 7.4897669511588045,
  "spacing_tr": 1.0,
  "spacing_x": 3.125,
  "spacing_y": 3.125,
  "spacing_z": 4.0,
  "summary_bg_k": 29.97205971042932,
  "summary_bg_mad": 129.65356372553097,
  "summary_bg_mean": 176.9953155517578,
  "summary_bg_median": 87.96333312988281,
  "summary_bg_n": 59694.0,
  "summary_bg_p05": 0.013333333656191826,
  "summary_bg_p95": 660.0833465576171,
  "summary_bg_stdv": 260.7543029785156,
  "summary_fg_k": 0.526442652253452,
  "summary_fg_mad": 338.67579091152516,
  "summary_fg_mean": 2703.873779296875,
  "summary_fg_median": 2668.5068359375,
  "summary_fg_n": 29563.0,
  "summary_fg_p05": 2180.65478515625,
  "summary_fg_p95": 3335.5401367187496,
  "summary_fg_stdv": 356.281005859375,
  "tsnr": 69.44060992170125
}