{
  "aor": 0.0034973333333333336,
  "aqi": 0.009413878999999998,
  "bids_meta": {
    "EchoTime": 0.0036,
    "InstitutionName": "U of M FMRI",
    "Modality": "MR",
    "PatientPosition": "HFS",
    "RepetitionTime": 2.0,
    "SliceTiming": [
      0,
      0.069,
      0.138,
      0.207,
      0.276,
      0.345,
      0.414,
      0.483,
      0.552,
      0.621,
      0.69,
      0.759,
      0.828,
      0.897,
      0.966,
      1.035,
      1.104,
      1.173,
      1.242,
      1.311,
      1.38,
      1.449,
      1.518,
      1.587,
      1.656,
      1.725,
      1.794,
      1.863,
      1.932
    ],
    "TaskName": "reward",
    "dataset": "MLS",
    "modality": "bold",
    "run_id": 2,
    "session_id": "1",
    "subject_id": "112",
    "task_id": "reward"
  },
  "dummy_trs": 0,
  "dvars_nstd": 20.471641399597306,
  "dvars_std": 1.05901682080537,
  "dvars_vstd": 1.0117915418791943,
  "efc": 0.6011564496184987,
  "fber": 914.3411865234375,
  "fd_mean": 0.10251012482082189,
  "fd_num": 10,
  "fd_perc": 6.666666666666667,
  "fwhm_avg": 2.1543236,
  "fwhm_x": 2.1931328,
  "fwhm_y": 2.523088,
  "fwhm_z": 1.74675,
  "gcor": 0.030371,
  "gsr_x": 0.016379548236727715,
  "gsr_y": 0.0618414431810379,
  "provenance": {
    "md5sum": "ef59f09efdb33b7a9117f0eea16cd517",
    "settings": {
      "fd_thres": 0.2,
      "testing": false
    },
    "software": "mriqc",
    "version": "23.1.0rc0"
  },
  "size_t": 150,
  "size_x": 64,
  "size_y": 64,
  "size_z": 29,
  "snr": 7.301847101483101,
  "spacing_tr": 1.0,
  "spacing_x": 3.125,
  "spacing_y": 3.125,
  "spacing_z": 4.0,
  "summary_bg_k": 29.388948582762907,
  "summary_bg_mad": 126.41655400136115,
  "summary_bg_mean": 176.94100952148438,
  "summary_bg_median": 86.086669921875,
  "summary_bg_n": 59789.0,
  "summary_bg_p05": 0.006666666828095913,
  "summary_bg_p95": 661.6986938476562,
  "summary_bg_stdv": 262.6602478027344,
  "summary_fg_k": 0.563445104262104,
  "summary_fg_mad": 342.80724152725344,
  "summary_fg_mean": 2708.41015625,
  "summary_fg_median": 2668.066650390625,
  "summary_fg_n": 29595.0,
  "summary_fg_p05": 2177.6413330078126,
  "summary_fg_p95": 3359.5320068359374,
  "summary_fg_stdv": 365.38995361328125,
  "tsnr": 62.57083300780505
}