{
  "bids_meta": {
    "AcquisitionMatrixPE": 160,
    "CoilString": "HEAD",
    "EchoTime": 0.001784,
    "FlipAngle": 15,
    "ImageType": [
      "ORIGINAL",
      "PRIMARY",
      "OTHER"
    ],
    "InPlanePhaseEncodingDirectionDICOM": "ROW",
    "InstitutionName": "U of M FMRi",
    "InversionTime": 0.4,
    "MRAcquisitionType": "3D",
    "Modality": "MR",
    "PatientPosition": "HFS",
    "PercentPhaseFOV": 100,
    "PercentSampling": 100,
    "ReconMatrixPE": 256,
    "RepetitionTime": 0.008948,
    "SAR": 0.017417,
    "ScanningSequence": "GR",
    "SeriesDescription": "3d spgr IR axial",
    "dataset": "MLS",
    "modality": "T1w",
    "session_id": "1",
    "subject_id": "114"
  },
  "cjv": 0.32184603319872496,
  "cnr": 3.916252325223493,
  "efc": 0.577045419234116,
  "fber": 2916.0,
  "fwhm_avg": 4.465774713109423,
  "fwhm_x": 5.08438299161927,
  "fwhm_y": 5.10857448104233,
  "fwhm_z": 3.2043666666666666,
  "icvs_csf": 0.1975450626639199,
  "icvs_gm": 0.4331845129517535,
  "icvs_wm": 0.3692704243843266,
  "inu_med": 0.7136068940162659,
  "inu_range": 0.4377996325492859,
  "provenance": {
    "md5sum": "6d846ec95fd66d31c69c10ec20c87955",
    "settings": {
      "testing": false
    },
    "software": "mriqc",
    "version": "23.1.0rc0",
    "warnings": {
      "large_rot_frame": true,
      "small_air_mask": false
    }
  },
  "qi_1": 1.679999664000067e-05,
  "qi_2": 0.00136461992140877,
  "rpve_csf": 18.432620425493134,
  "rpve_gm": 8.599502207349055,
  "rpve_wm": 11.581550055274729,
  "size_x": 256,
  "size_y": 256,
  "size_z": 106,
  "snr_csf": 2.80030353021134,
  "snr_gm": 11.164016650367282,
  "snr_total": 10.98390700129633,
  "snr_wm": 18.987400823310367,
  "snrd_csf": 11.003125524967313,
  "snrd_gm": 27.015883527687656,
  "snrd_total": 26.25174368093488,
  "snrd_wm": 40.73622199014967,
  "spacing_x": 0.9399999976158142,
  "spacing_y": 0.9399999976158142,
  "spacing_z": 1.5,
  "summary_bg_k": 9.767946096334533,
  "summary_bg_mad": 16.082404604158377,
  "summary_bg_mean": 22.558063624504108,
  "summary_bg_median": 10.847417064011097,
  "summary_bg_n": 1474701.0,
  "summary_bg_p05": 0.0,
  "summary_bg_p95": 88.57725094258785,
  "summary_bg_stdv": 33.07672447091535,
  "summary_csf_k": 30.328744771917513,
  "summary_csf_mad": 73.30377789188209,
  "summary_csf_mean": 266.4545285417654,
  "summary_csf_median": 270.106677941978,
  "summary_csf_n": 24205.0,
  "summary_csf_p05": 109.01354496926069,
  "summary_csf_p95": 409.0614912271499,
  "summary_csf_stdv": 96.45422198224344,
  "summary_gm_k": 0.05485691352247013,
  "summary_gm_mad": 59.08728763406254,
  "summary_gm_mean": 661.2334141658586,
  "summary_gm_median": 663.1907029300928,
  "summary_gm_n": 20327.0,
  "summary_gm_p05": 560.4099279865623,
  "summary_gm_p95": 755.5255950324238,
  "summary_gm_stdv": 59.40284849525184,
  "summary_wm_k": 0.7470701259175185,
  "summary_wm_mad": 49.313450581811594,
  "summary_wm_mean": 1001.4234492090925,
  "summary_wm_median": 1000.0000062435865,
  "summary_wm_n": 145618.0,
  "summary_wm_p05": 916.9363595545292,
  "summary_wm_p95": 1089.4162839204073,
  "summary_wm_stdv": 52.66632236301419,
  "tpm_overlap_csf": 0.15663742073833972,
  "tpm_overlap_gm": 0.4494573720730527,
  "tpm_overlap_wm": 0.4559219816521642,
  "wm2max": 0.31729918041028243
}