{
  "bids_meta": {
    "AcquisitionMatrixPE": 160,
    "CoilString": "HEAD",
    "EchoTime": 0.001784,
    "FlipAngle": 15,
    "ImageType": [
      "ORIGINAL",
      "PRIMARY",
      "OTHER"
    ],
    "InPlanePhaseEncodingDirectionDICOM": "ROW",
    "InstitutionName": "U of M FMRi",
    "InversionTime": 0.4,
    "MRAcquisitionType": "3D",
    "Modality": "MR",
    "PatientPosition": "HFS",
    "PercentPhaseFOV": 100,
    "PercentSampling": 100,
    "ReconMatrixPE": 256,
    "RepetitionTime": 0.008948,
    "SAR": 0.017417,
    "ScanningSequence": "GR",
    "SeriesDescription": "3d spgr IR axial",
    "dataset": "MLS",
    "modality": "T1w",
    "session_id": "2",
    "subject_id": "123"
  },
  "cjv": 0.32043413092388756,
  "cnr": 4.298966953795041,
  "efc": 0.674364428072759,
  "fber": -1.0,
  "fwhm_avg": 5.311769069080451,
  "fwhm_x": 5.90531,
  "fwhm_y": 6.24934,
  "fwhm_z": 3.780657207241351,
  "icvs_csf": 0.214079926322318,
  "icvs_gm": 0.4416124660217241,
  "icvs_wm": 0.3443076076559579,
  "inu_med": 0.5644570589065552,
  "inu_range": 0.3185806944966316,
  "provenance": {
    "md5sum": "26bd0298a91912f847a275e27af66081",
    "settings": {
      "testing": false
    },
    "software": "mriqc",
    "version": "23.1.0rc0",
    "warnings": {
      "large_rot_frame": true,
      "small_air_mask": false
    }
  },
  "qi_1": 0.0,
  "qi_2": 0.00263667604040279,
  "rpve_csf": 12.492476735221388,
  "rpve_gm": 6.384520623628119,
  "rpve_wm": 9.537386529139537,
  "size_x": 202,
  "size_y": 187,
  "size_z": 105,
  "snr_csf": 2.6340033309899145,
  "snr_gm": 13.143637062507233,
  "snr_total": 13.42833127207952,
  "snr_wm": 24.507353422741414,
  "snrd_csf": 18.981221781194314,
  "snrd_gm": 46.354395088866546,
  "snrd_total": 43.64336531548738,
  "snrd_wm": 65.59447907640129,
  "spacing_x": 1.0,
  "spacing_y": 1.0,
  "spacing_z": 1.399999976158142,
  "summary_bg_k": 8.509449805140362,
  "summary_bg_mad": 0.0,
  "summary_bg_mean": 5.867534908670049,
  "summary_bg_median": 0.0,
  "summary_bg_n": 573262.0,
  "summary_bg_p05": 0.0,
  "summary_bg_p95": 27.028266329318285,
  "summary_bg_stdv": 9.987675591153087,
  "summary_csf_k": 55.5086933350296,
  "summary_csf_mad": 82.2533966982155,
  "summary_csf_mean": 303.9729367483818,
  "summary_csf_median": 289.37223679572344,
  "summary_csf_n": 16995.0,
  "summary_csf_p05": 149.90362923257052,
  "summary_csf_p95": 475.1422377821058,
  "summary_csf_stdv": 109.85700732186946,
  "summary_gm_k": -0.07920784424943594,
  "summary_gm_mad": 54.52944371680705,
  "summary_gm_mean": 702.4342203490614,
  "summary_gm_median": 706.6813267767429,
  "summary_gm_n": 17886.0,
  "summary_gm_p05": 609.6273653395474,
  "summary_gm_p95": 783.762363052927,
  "summary_gm_stdv": 53.764537774979175,
  "summary_wm_k": 0.4487499361117102,
  "summary_wm_mad": 39.45985945820099,
  "summary_wm_mean": 1002.5125161828062,
  "summary_wm_median": 999.9999657869339,
  "summary_wm_n": 109854.0,
  "summary_wm_p05": 940.2991601936519,
  "summary_wm_p95": 1072.9625183567405,
  "summary_wm_stdv": 40.80389249020957,
  "tpm_overlap_csf": 0.17495350866847692,
  "tpm_overlap_gm": 0.4851084739564617,
  "tpm_overlap_wm": 0.508464935361324,
  "wm2max": 0.3754595975140978
}