{
  "aor": 0.0009264,
  "aqi": 0.005570417733333333,
  "bids_meta": {
    "EchoTime": 0.0036,
    "InstitutionName": "U of M FMRI",
    "Modality": "MR",
    "PatientPosition": "HFS",
    "RepetitionTime": 2.0,
    "SliceTiming": [
      0,
      0.069,
      0.138,
      0.207,
      0.276,
      0.345,
      0.414,
      0.483,
      0.552,
      0.621,
      0.69,
      0.759,
      0.828,
      0.897,
      0.966,
      1.035,
      1.104,
      1.173,
      1.242,
      1.311,
      1.38,
      1.449,
      1.518,
      1.587,
      1.656,
      1.725,
      1.794,
      1.863,
      1.932
    ],
    "TaskName": "reward",
    "dataset": "MLS",
    "modality": "bold",
    "run_id": 2,
    "session_id": "1",
    "subject_id": "200",
    "task_id": "reward"
  },
  "dummy_trs": 0,
  "dvars_nstd": 20.658858037181204,
  "dvars_std": 1.107774204295302,
  "dvars_vstd": 0.9941334196644295,
  "efc": 0.5849218855718852,
  "fber": 754.4129638671875,
  "fd_mean": 0.13298855082804725,
  "fd_num": 23,
  "fd_perc": 15.333333333333334,
  "fwhm_avg": 2.569387166666667,
  "fwhm_x": 2.6559872,
  "fwhm_y": 3.0453568,
  "fwhm_z": 2.0068175,
  "gcor": 0.0212398,
  "gsr_x": 0.006436645984649658,
  "gsr_y": 0.04687036573886871,
  "provenance": {
    "md5sum": "38edf97f09be54d18cd75a66bf5b724f",
    "settings": {
      "fd_thres": 0.2,
      "testing": false
    },
    "software": "mriqc",
    "version": "23.1.0rc0"
  },
  "size_t": 150,
  "size_x": 64,
  "size_y": 64,
  "size_z": 29,
  "snr": 7.0156830490255615,
  "spacing_tr": 1.0,
  "spacing_x": 3.125,
  "spacing_y": 3.125,
  "spacing_z": 4.0,
  "summary_bg_k": 18.457667773085674,
  "summary_bg_mad": 337.26235808450144,
  "summary_bg_mean": 371.68658447265625,
  "summary_bg_median": 229.336669921875,
  "summary_bg_n": 61342.0,
  "summary_bg_p05": 0.08666666597127914,
  "summary_bg_p95": 1248.5946472167966,
  "summary_bg_stdv": 493.7778015136719,
  "summary_fg_k": 0.5356477958966228,
  "summary_fg_mad": 876.4546352215037,
  "summary_fg_mean": 6563.59375,
  "summary_fg_median": 6497.13330078125,
  "summary_fg_n": 28159.0,
  "summary_fg_p05": 5171.3953125,
  "summary_fg_p95": 8187.432763671874,
  "summary_fg_stdv": 926.0706176757812,
  "tsnr": 71.3797952318564
}