{
  "aor": 0.0003816,
  "aqi": 0.005968909933333334,
  "bids_meta": {
    "EchoTime": 0.0036,
    "InstitutionName": "U of M FMRI",
    "Modality": "MR",
    "PatientPosition": "HFS",
    "RepetitionTime": 2.0,
    "SliceTiming": [
      0,
      0.069,
      0.138,
      0.207,
      0.276,
      0.345,
      0.414,
      0.483,
      0.552,
      0.621,
      0.69,
      0.759,
      0.828,
      0.897,
      0.966,
      1.035,
      1.104,
      1.173,
      1.242,
      1.311,
      1.38,
      1.449,
      1.518,
      1.587,
      1.656,
      1.725,
      1.794,
      1.863,
      1.932
    ],
    "TaskName": "reward",
    "dataset": "MLS",
    "modality": "bold",
    "run_id": 1,
    "session_id": "1",
    "subject_id": "164",
    "task_id": "reward"
  },
  "dummy_trs": 0,
  "dvars_nstd": 16.978788401140946,
  "dvars_std": 1.177180685503356,
  "dvars_vstd": 0.9698840512751679,
  "efc": 0.5404575485416179,
  "fber": 1114.91552734375,
  "fd_mean": 0.09174040129547313,
  "fd_num": 3,
  "fd_perc": 2.0,
  "fwhm_avg": 2.3309549333333335,
  "fwhm_x": 2.439232,
  "fwhm_y": 2.6822528,
  "fwhm_z": 1.87138,
  "gcor": 0.0270864,
  "gsr_x": -0.004336619284003973,
  "gsr_y": 0.037447310984134674,
  "provenance": {
    "md5sum": "fad3d065c58da19d98ac3729888809aa",
    "settings": {
      "fd_thres": 0.2,
      "testing": false
    },
    "software": "mriqc",
    "version": "23.1.0rc0"
  },
  "size_t": 150,
  "size_x": 64,
  "size_y": 64,
  "size_z": 29,
  "snr": 8.918623171252419,
  "spacing_tr": 1.0,
  "spacing_x": 3.125,
  "spacing_y": 3.125,
  "spacing_z": 4.0,
  "summary_bg_k": 43.18547350515835,
  "summary_bg_mad": 335.71057728403616,
  "summary_bg_mean": 379.98529052734375,
  "summary_bg_median": 231.83334350585938,
  "summary_bg_n": 67633.0,
  "summary_bg_p05": 0.06666667014360428,
  "summary_bg_p95": 1268.7480712890608,
  "summary_bg_stdv": 563.5746459960938,
  "summary_fg_k": 1.9868281048736085,
  "summary_fg_mad": 829.5753032567736,
  "summary_fg_mean": 7804.203125,
  "summary_fg_median": 7874.1337890625,
  "summary_fg_n": 23278.0,
  "summary_fg_p05": 6308.0939453125,
  "summary_fg_p95": 9088.3634765625,
  "summary_fg_stdv": 882.8677368164062,
  "tsnr": 87.25421931780875
}