{
  "aor": 0.001108,
  "aqi": 0.005775239800000001,
  "bids_meta": {
    "EchoTime": 0.0036,
    "InstitutionName": "U of M FMRI",
    "Modality": "MR",
    "PatientPosition": "HFS",
    "RepetitionTime": 2.0,
    "SliceTiming": [
      0,
      0.069,
      0.138,
      0.207,
      0.276,
      0.345,
      0.414,
      0.483,
      0.552,
      0.621,
      0.69,
      0.759,
      0.828,
      0.897,
      0.966,
      1.035,
      1.104,
      1.173,
      1.242,
      1.311,
      1.38,
      1.449,
      1.518,
      1.587,
      1.656,
      1.725,
      1.794,
      1.863,
      1.932
    ],
    "TaskName": "reward",
    "dataset": "MLS",
    "modality": "bold",
    "run_id": 2,
    "session_id": "1",
    "subject_id": "34",
    "task_id": "reward"
  },
  "dummy_trs": 0,
  "dvars_nstd": 20.171747079798656,
  "dvars_std": 1.0571472749664435,
  "dvars_vstd": 1.0064859423489936,
  "efc": 0.6064771188389736,
  "fber": 701.0484619140625,
  "fd_mean": 0.11570881404839618,
  "fd_num": 16,
  "fd_perc": 10.666666666666666,
  "fwhm_avg": 2.1864068,
  "fwhm_x": 2.2654784,
  "fwhm_y": 2.5959519999999996,
  "fwhm_z": 1.69779,
  "gcor": 0.00906427,
  "gsr_x": 0.0029022954404354095,
  "gsr_y": 0.05368524417281151,
  "provenance": {
    "md5sum": "c3364ba2fd1019930d62bbe08ed3c3e0",
    "settings": {
      "fd_thres": 0.2,
      "testing": false
    },
    "software": "mriqc",
    "version": "23.1.0rc0"
  },
  "size_t": 150,
  "size_x": 64,
  "size_y": 64,
  "size_z": 29,
  "snr": 6.565414556228131,
  "spacing_tr": 1.0,
  "spacing_x": 3.125,
  "spacing_y": 3.125,
  "spacing_z": 4.0,
  "summary_bg_k": 18.25599661934223,
  "summary_bg_mad": 132.82139778395043,
  "summary_bg_mean": 172.34080505371094,
  "summary_bg_median": 90.4866714477539,
  "summary_bg_n": 59533.0,
  "summary_bg_p05": 0.06000000238418579,
  "summary_bg_p95": 619.7293579101548,
  "summary_bg_stdv": 240.39804077148438,
  "summary_fg_k": 1.4763075359874316,
  "summary_fg_mad": 324.35887029393206,
  "summary_fg_mean": 2507.639404296875,
  "summary_fg_median": 2481.593505859375,
  "summary_fg_n": 29886.0,
  "summary_fg_p05": 1957.2433471679688,
  "summary_fg_p95": 3172.9234008789062,
  "summary_fg_stdv": 377.973388671875,
  "tsnr": 68.40283374744467
}