{
  "aor": 0.0015634,
  "aqi": 0.011650110333333333,
  "bids_meta": {
    "EchoTime": 0.0036,
    "InstitutionName": "U of M FMRI",
    "Modality": "MR",
    "PatientPosition": "HFS",
    "RepetitionTime": 2.0,
    "SliceTiming": [
      0,
      0.069,
      0.138,
      0.207,
      0.276,
      0.345,
      0.414,
      0.483,
      0.552,
      0.621,
      0.69,
      0.759,
      0.828,
      0.897,
      0.966,
      1.035,
      1.104,
      1.173,
      1.242,
      1.311,
      1.38,
      1.449,
      1.518,
      1.587,
      1.656,
      1.725,
      1.794,
      1.863,
      1.932
    ],
    "TaskName": "reward",
    "dataset": "MLS",
    "modality": "bold",
    "run_id": 2,
    "session_id": "2",
    "subject_id": "53",
    "task_id": "reward"
  },
  "dummy_trs": 0,
  "dvars_nstd": 21.951186980201346,
  "dvars_std": 1.036913082080537,
  "dvars_vstd": 0.9983716150335569,
  "efc": 0.5383843377282119,
  "fber": 836.162841796875,
  "fd_mean": 0.2354654072864204,
  "fd_num": 76,
  "fd_perc": 50.666666666666664,
  "fwhm_avg": 2.3417220666666667,
  "fwhm_x": 2.442352,
  "fwhm_y": 2.7609792,
  "fwhm_z": 1.821835,
  "gcor": 0.0198562,
  "gsr_x": 0.014382291585206985,
  "gsr_y": 0.026376236230134964,
  "provenance": {
    "md5sum": "818270944d2eac2cf688b3138d3369de",
    "settings": {
      "fd_thres": 0.2,
      "testing": false
    },
    "software": "mriqc",
    "version": "23.1.0rc0"
  },
  "size_t": 150,
  "size_x": 64,
  "size_y": 64,
  "size_z": 29,
  "snr": 8.572196242026726,
  "spacing_tr": 1.0,
  "spacing_x": 3.125,
  "spacing_y": 3.125,
  "spacing_z": 4.0,
  "summary_bg_k": 15.049477143145314,
  "summary_bg_mad": 395.4297567806734,
  "summary_bg_mean": 439.3107604980469,
  "summary_bg_median": 294.96002197265625,
  "summary_bg_n": 68405.0,
  "summary_bg_p05": 0.2866666615009308,
  "summary_bg_p95": 1446.162744140625,
  "summary_bg_stdv": 592.2334594726562,
  "summary_fg_k": 1.5504576841921285,
  "summary_fg_mad": 939.4167264080701,
  "summary_fg_mean": 8581.7744140625,
  "summary_fg_median": 8567.4072265625,
  "summary_fg_n": 22507.0,
  "summary_fg_p05": 7033.142919921875,
  "summary_fg_p95": 10217.436328125,
  "summary_fg_stdv": 999.4191284179688,
  "tsnr": 58.277331940829754
}