{
  "bids_meta": {
    "AcquisitionMatrixPE": 160,
    "CoilString": "HEAD",
    "EchoTime": 0.001784,
    "FlipAngle": 15,
    "ImageType": [
      "ORIGINAL",
      "PRIMARY",
      "OTHER"
    ],
    "InPlanePhaseEncodingDirectionDICOM": "ROW",
    "InstitutionName": "U of M FMRi",
    "InversionTime": 0.4,
    "MRAcquisitionType": "3D",
    "Modality": "MR",
    "PatientPosition": "HFS",
    "PercentPhaseFOV": 100,
    "PercentSampling": 100,
    "ReconMatrixPE": 256,
    "RepetitionTime": 0.008948,
    "SAR": 0.017417,
    "ScanningSequence": "GR",
    "SeriesDescription": "3d spgr IR axial",
    "dataset": "MLS",
    "modality": "T1w",
    "session_id": "2",
    "subject_id": "27"
  },
  "cjv": 0.3050666367154905,
  "cnr": 4.558479278543006,
  "efc": 0.6918167777622809,
  "fber": 8941.876776573536,
  "fwhm_avg": 5.150418592749639,
  "fwhm_x": 5.65032,
  "fwhm_y": 6.045,
  "fwhm_z": 3.755935778248919,
  "icvs_csf": 0.19153705851338404,
  "icvs_gm": 0.4609817963750216,
  "icvs_wm": 0.34748114511159434,
  "inu_med": 0.5673797130584717,
  "inu_range": 0.29360233098268507,
  "provenance": {
    "md5sum": "dd24a39f699d4d6eae337b3ba9eea43d",
    "settings": {
      "testing": false
    },
    "software": "mriqc",
    "version": "23.1.0rc0",
    "warnings": {
      "large_rot_frame": true,
      "small_air_mask": false
    }
  },
  "qi_1": 0.0,
  "qi_2": 0.002792059463153223,
  "rpve_csf": 15.728087243517495,
  "rpve_gm": 7.189557375265248,
  "rpve_wm": 10.734368928144328,
  "size_x": 202,
  "size_y": 197,
  "size_z": 109,
  "snr_csf": 2.776150325595432,
  "snr_gm": 13.601950099934529,
  "snr_total": 13.38081348183884,
  "snr_wm": 23.764340019986562,
  "snrd_csf": 16.985369807884336,
  "snrd_gm": 41.69014497189427,
  "snrd_total": 39.572274002549605,
  "snrd_wm": 60.04130722787021,
  "spacing_x": 1.0,
  "spacing_y": 1.0,
  "spacing_z": 1.399999976158142,
  "summary_bg_k": 8.99600013896186,
  "summary_bg_mad": 0.0,
  "summary_bg_mean": 7.636933084733496,
  "summary_bg_median": 0.0,
  "summary_bg_n": 679707.0,
  "summary_bg_p05": 0.0,
  "summary_bg_p95": 29.17890064418316,
  "summary_bg_stdv": 10.911833070032078,
  "summary_csf_k": 4.893449124814827,
  "summary_csf_mad": 79.5225403588527,
  "summary_csf_mean": 287.69726363168724,
  "summary_csf_median": 282.90523923933506,
  "summary_csf_n": 10379.0,
  "summary_csf_p05": 117.08359126001596,
  "summary_csf_p95": 461.3165606558324,
  "summary_csf_stdv": 101.90068151924942,
  "summary_gm_k": -0.03725750166697628,
  "summary_gm_mad": 52.46393515012319,
  "summary_gm_mean": 692.7936575268797,
  "summary_gm_median": 694.3834941834211,
  "summary_gm_n": 25190.0,
  "summary_gm_p05": 607.235224749893,
  "summary_gm_p95": 772.7390643209219,
  "summary_gm_stdv": 51.049276465900064,
  "summary_wm_k": 0.3916635338613257,
  "summary_wm_mad": 40.780789927616766,
  "summary_wm_mean": 1002.5706389941362,
  "summary_wm_median": 1000.0371247529984,
  "summary_wm_n": 107084.0,
  "summary_wm_p05": 938.33397179842,
  "summary_wm_p95": 1075.1161087863145,
  "summary_wm_stdv": 42.08122146443212,
  "tpm_overlap_csf": 0.1572129640256539,
  "tpm_overlap_gm": 0.4972628320962548,
  "tpm_overlap_wm": 0.5186425341016855,
  "wm2max": 0.47834048707556975
}