{
  "aor": 0.0007164,
  "aqi": 0.0049220438,
  "bids_meta": {
    "EchoTime": 0.0036,
    "InstitutionName": "U of M FMRI",
    "Modality": "MR",
    "PatientPosition": "HFS",
    "RepetitionTime": 2.0,
    "SliceTiming": [
      0,
      0.069,
      0.138,
      0.207,
      0.276,
      0.345,
      0.414,
      0.483,
      0.552,
      0.621,
      0.69,
      0.759,
      0.828,
      0.897,
      0.966,
      1.035,
      1.104,
      1.173,
      1.242,
      1.311,
      1.38,
      1.449,
      1.518,
      1.587,
      1.656,
      1.725,
      1.794,
      1.863,
      1.932
    ],
    "TaskName": "reward",
    "dataset": "MLS",
    "modality": "bold",
    "run_id": 1,
    "session_id": "2",
    "subject_id": "60",
    "task_id": "reward"
  },
  "dummy_trs": 0,
  "dvars_nstd": 20.985363249932874,
  "dvars_std": 1.1365011150335569,
  "dvars_vstd": 0.9834237473825503,
  "efc": 0.599363312314784,
  "fber": 564.843994140625,
  "fd_mean": 0.07101559789760867,
  "fd_num": 3,
  "fd_perc": 2.0,
  "fwhm_avg": 2.5405699,
  "fwhm_x": 2.7287776000000004,
  "fwhm_y": 2.9578496000000003,
  "fwhm_z": 1.9350825,
  "gcor": 0.0599649,
  "gsr_x": 0.010771634057164192,
  "gsr_y": 0.04645784944295883,
  "provenance": {
    "md5sum": "fae0287fac5961111c08380fa1b81420",
    "settings": {
      "fd_thres": 0.2,
      "testing": false
    },
    "software": "mriqc",
    "version": "23.1.0rc0"
  },
  "size_t": 150,
  "size_x": 64,
  "size_y": 64,
  "size_z": 29,
  "snr": 6.376786249915524,
  "spacing_tr": 1.0,
  "spacing_x": 3.125,
  "spacing_y": 3.125,
  "spacing_z": 4.0,
  "summary_bg_k": 15.083070166933439,
  "summary_bg_mad": 128.87767319274337,
  "summary_bg_mean": 160.8205108642578,
  "summary_bg_median": 87.40666961669922,
  "summary_bg_n": 61382.0,
  "summary_bg_p05": 0.006666666828095913,
  "summary_bg_p95": 586.7763610839842,
  "summary_bg_stdv": 222.74374389648438,
  "summary_fg_k": 0.9766027404870576,
  "summary_fg_mad": 300.8792073523031,
  "summary_fg_mean": 2136.280517578125,
  "summary_fg_median": 2135.71337890625,
  "summary_fg_n": 27407.0,
  "summary_fg_p05": 1599.720068359375,
  "summary_fg_p95": 2695.406127929687,
  "summary_fg_stdv": 334.9139099121094,
  "tsnr": 68.97851181961596
}