{
  "aor": 0.002707733333333333,
  "aqi": 0.0106494754,
  "bids_meta": {
    "EchoTime": 0.0036,
    "InstitutionName": "U of M FMRI",
    "Modality": "MR",
    "PatientPosition": "HFS",
    "RepetitionTime": 2.0,
    "SliceTiming": [
      0,
      0.069,
      0.138,
      0.207,
      0.276,
      0.345,
      0.414,
      0.483,
      0.552,
      0.621,
      0.69,
      0.759,
      0.828,
      0.897,
      0.966,
      1.035,
      1.104,
      1.173,
      1.242,
      1.311,
      1.38,
      1.449,
      1.518,
      1.587,
      1.656,
      1.725,
      1.794,
      1.863,
      1.932
    ],
    "TaskName": "reward",
    "dataset": "MLS",
    "modality": "bold",
    "run_id": 2,
    "session_id": "2",
    "subject_id": "102",
    "task_id": "reward"
  },
  "dummy_trs": 0,
  "dvars_nstd": 23.188008493959728,
  "dvars_std": 1.0880600876510063,
  "dvars_vstd": 0.9900347191946306,
  "efc": 0.5608238030758974,
  "fber": 601.0797729492188,
  "fd_mean": 0.18344468891544485,
  "fd_num": 33,
  "fd_perc": 22.0,
  "fwhm_avg": 2.4217193333333333,
  "fwhm_x": 2.5300352,
  "fwhm_y": 2.7618527999999998,
  "fwhm_z": 1.97327,
  "gcor": 0.0526553,
  "gsr_x": 0.0037735786754637957,
  "gsr_y": 0.03378761559724808,
  "provenance": {
    "md5sum": "c40c0fbd54c95d6b10fcbd60e610718a",
    "settings": {
      "fd_thres": 0.2,
      "testing": false
    },
    "software": "mriqc",
    "version": "23.1.0rc0"
  },
  "size_t": 150,
  "size_x": 64,
  "size_y": 64,
  "size_z": 29,
  "snr": 7.740098611397081,
  "spacing_tr": 1.0,
  "spacing_x": 3.125,
  "spacing_y": 3.125,
  "spacing_z": 4.0,
  "summary_bg_k": 15.171802801128717,
  "summary_bg_mad": 439.00843469755245,
  "summary_bg_mean": 452.9686279296875,
  "summary_bg_median": 333.933349609375,
  "summary_bg_n": 65455.0,
  "summary_bg_p05": 0.6399999856948853,
  "summary_bg_p95": 1439.8713378906239,
  "summary_bg_stdv": 550.5322265625,
  "summary_fg_k": 0.648651140527793,
  "summary_fg_mad": 1029.0142587203572,
  "summary_fg_mean": 8378.2451171875,
  "summary_fg_median": 8410.447265625,
  "summary_fg_n": 24243.0,
  "summary_fg_p05": 6570.508251953125,
  "summary_fg_p95": 10094.18388671875,
  "summary_fg_stdv": 1086.5848388671875,
  "tsnr": 53.90208102017641
}