{
  "aor": 0.0013623333333333332,
  "aqi": 0.0042176736,
  "bids_meta": {
    "EchoTime": 0.0036,
    "InstitutionName": "U of M FMRI",
    "Modality": "MR",
    "PatientPosition": "HFS",
    "RepetitionTime": 2.0,
    "SliceTiming": [
      0,
      0.069,
      0.138,
      0.207,
      0.276,
      0.345,
      0.414,
      0.483,
      0.552,
      0.621,
      0.69,
      0.759,
      0.828,
      0.897,
      0.966,
      1.035,
      1.104,
      1.173,
      1.242,
      1.311,
      1.38,
      1.449,
      1.518,
      1.587,
      1.656,
      1.725,
      1.794,
      1.863,
      1.932
    ],
    "TaskName": "reward",
    "dataset": "MLS",
    "modality": "bold",
    "run_id": 2,
    "session_id": "2",
    "subject_id": "30",
    "task_id": "reward"
  },
  "dummy_trs": 0,
  "dvars_nstd": 18.312182432751676,
  "dvars_std": 1.1710973513422818,
  "dvars_vstd": 1.0276831840939598,
  "efc": 0.5743186177292224,
  "fber": 706.8070068359375,
  "fd_mean": 0.05709972920454483,
  "fd_num": 2,
  "fd_perc": 1.3333333333333333,
  "fwhm_avg": 2.4353146999999997,
  "fwhm_x": 2.5984832,
  "fwhm_y": 2.8768383999999996,
  "fwhm_z": 1.8306225,
  "gcor": 0.0723535,
  "gsr_x": 0.007010952569544315,
  "gsr_y": 0.031512752175331116,
  "provenance": {
    "md5sum": "523436aa78e15abb437777df7f47a9a3",
    "settings": {
      "fd_thres": 0.2,
      "testing": false
    },
    "software": "mriqc",
    "version": "23.1.0rc0"
  },
  "size_t": 150,
  "size_x": 64,
  "size_y": 64,
  "size_z": 29,
  "snr": 6.972461810171648,
  "spacing_tr": 1.0,
  "spacing_x": 3.125,
  "spacing_y": 3.125,
  "spacing_z": 4.0,
  "summary_bg_k": 20.108201345879436,
  "summary_bg_mad": 152.85628964697534,
  "summary_bg_mean": 158.31504821777344,
  "summary_bg_median": 104.86000061035156,
  "summary_bg_n": 62633.0,
  "summary_bg_p05": 0.0,
  "summary_bg_p95": 512.1426757812492,
  "summary_bg_stdv": 208.83372497558594,
  "summary_fg_k": 1.453096913586993,
  "summary_fg_mad": 369.98852350881094,
  "summary_fg_mean": 2844.493896484375,
  "summary_fg_median": 2857.966796875,
  "summary_fg_n": 26617.0,
  "summary_fg_p05": 2173.85732421875,
  "summary_fg_p95": 3475.9667968749995,
  "summary_fg_stdv": 409.88580322265625,
  "tsnr": 79.75356558337808
}