{
  "aor": 0.0009527516778523491,
  "aqi": 0.00979300610738255,
  "bids_meta": {
    "EchoTime": 0.0036,
    "InstitutionName": "U of M FMRI",
    "Modality": "MR",
    "PatientPosition": "HFS",
    "RepetitionTime": 2.0,
    "SliceTiming": [
      0,
      0.069,
      0.138,
      0.207,
      0.276,
      0.345,
      0.414,
      0.483,
      0.552,
      0.621,
      0.69,
      0.759,
      0.828,
      0.897,
      0.966,
      1.035,
      1.104,
      1.173,
      1.242,
      1.311,
      1.38,
      1.449,
      1.518,
      1.587,
      1.656,
      1.725,
      1.794,
      1.863,
      1.932
    ],
    "TaskName": "reward",
    "dataset": "MLS",
    "modality": "bold",
    "run_id": 2,
    "session_id": "2",
    "subject_id": "88",
    "task_id": "reward"
  },
  "dummy_trs": 1,
  "dvars_nstd": 21.125908342702704,
  "dvars_std": 1.0097421189189184,
  "dvars_vstd": 0.9718938985810818,
  "efc": 0.573561449301507,
  "fber": 904.36083984375,
  "fd_mean": 0.08489854822114021,
  "fd_num": 3,
  "fd_perc": 2.0134228187919465,
  "fwhm_avg": 2.1392057333333336,
  "fwhm_x": 2.1332352,
  "fwhm_y": 2.524352,
  "fwhm_z": 1.76003,
  "gcor": 0.00873011,
  "gsr_x": 0.007835096679627895,
  "gsr_y": 0.0352490060031414,
  "provenance": {
    "md5sum": "9b8600cde1df4c24d95fed1ede406126",
    "settings": {
      "fd_thres": 0.2,
      "testing": false
    },
    "software": "mriqc",
    "version": "23.1.0rc0"
  },
  "size_t": 149,
  "size_x": 64,
  "size_y": 64,
  "size_z": 29,
  "snr": 7.939973665960225,
  "spacing_tr": 1.0,
  "spacing_x": 3.125,
  "spacing_y": 3.125,
  "spacing_z": 4.0,
  "summary_bg_k": 36.560775606212765,
  "summary_bg_mad": 144.73282563731627,
  "summary_bg_mean": 165.44534301757812,
  "summary_bg_median": 100.94295501708984,
  "summary_bg_n": 62500.0,
  "summary_bg_p05": 0.00671140942722559,
  "summary_bg_p95": 544.2754821777338,
  "summary_bg_stdv": 253.40878295898438,
  "summary_fg_k": 2.0403723284414914,
  "summary_fg_mad": 344.47118742531745,
  "summary_fg_mean": 3100.7705078125,
  "summary_fg_median": 3094.543701171875,
  "summary_fg_n": 27045.0,
  "summary_fg_p05": 2484.136865234375,
  "summary_fg_p95": 3735.292724609375,
  "summary_fg_stdv": 389.735107421875,
  "tsnr": 59.675749596906826
}