{
  "aor": 0.0008105333333333333,
  "aqi": 0.018805883800000003,
  "bids_meta": {
    "EchoTime": 0.0036,
    "InstitutionName": "U of M FMRI",
    "Modality": "MR",
    "PatientPosition": "HFS",
    "RepetitionTime": 2.0,
    "SliceTiming": [
      0,
      0.069,
      0.138,
      0.207,
      0.276,
      0.345,
      0.414,
      0.483,
      0.552,
      0.621,
      0.69,
      0.759,
      0.828,
      0.897,
      0.966,
      1.035,
      1.104,
      1.173,
      1.242,
      1.311,
      1.38,
      1.449,
      1.518,
      1.587,
      1.656,
      1.725,
      1.794,
      1.863,
      1.932
    ],
    "TaskName": "reward",
    "dataset": "MLS",
    "modality": "bold",
    "run_id": 1,
    "session_id": "2",
    "subject_id": "88",
    "task_id": "reward"
  },
  "dummy_trs": 0,
  "dvars_nstd": 20.07157828812081,
  "dvars_std": 0.9695407485906041,
  "dvars_vstd": 0.938367813020134,
  "efc": 0.5735480518457403,
  "fber": 921.528076171875,
  "fd_mean": 0.08850752525663702,
  "fd_num": 7,
  "fd_perc": 4.666666666666667,
  "fwhm_avg": 2.1445394666666666,
  "fwhm_x": 2.202192,
  "fwhm_y": 2.5471264,
  "fwhm_z": 1.6843,
  "gcor": 0.0123503,
  "gsr_x": 0.004704978317022324,
  "gsr_y": 0.033921416848897934,
  "provenance": {
    "md5sum": "072b6c90efd497a82a7da5e5e1ce0e01",
    "settings": {
      "fd_thres": 0.2,
      "testing": false
    },
    "software": "mriqc",
    "version": "23.1.0rc0"
  },
  "size_t": 150,
  "size_x": 64,
  "size_y": 64,
  "size_z": 29,
  "snr": 8.28243252330122,
  "spacing_tr": 1.0,
  "spacing_x": 3.125,
  "spacing_y": 3.125,
  "spacing_z": 4.0,
  "summary_bg_k": 32.57085502771658,
  "summary_bg_mad": 145.93747988308237,
  "summary_bg_mean": 163.2866973876953,
  "summary_bg_median": 102.07333374023438,
  "summary_bg_n": 62285.0,
  "summary_bg_p05": 0.02666666731238365,
  "summary_bg_p95": 524.677355957031,
  "summary_bg_stdv": 246.6457977294922,
  "summary_fg_k": 1.9602454894947838,
  "summary_fg_mad": 334.13912223339037,
  "summary_fg_mean": 3146.375,
  "summary_fg_median": 3131.916748046875,
  "summary_fg_n": 27236.0,
  "summary_fg_p05": 2564.3334350585938,
  "summary_fg_p95": 3778.9284057617188,
  "summary_fg_stdv": 378.1327819824219,
  "tsnr": 51.34864545031451
}