{
  "aor": 0.002929666666666667,
  "aqi": 0.012032325133333334,
  "bids_meta": {
    "EchoTime": 0.0036,
    "InstitutionName": "U of M FMRI",
    "Modality": "MR",
    "PatientPosition": "HFS",
    "RepetitionTime": 2.0,
    "SliceTiming": [
      0,
      0.069,
      0.138,
      0.207,
      0.276,
      0.345,
      0.414,
      0.483,
      0.552,
      0.621,
      0.69,
      0.759,
      0.828,
      0.897,
      0.966,
      1.035,
      1.104,
      1.173,
      1.242,
      1.311,
      1.38,
      1.449,
      1.518,
      1.587,
      1.656,
      1.725,
      1.794,
      1.863,
      1.932
    ],
    "TaskName": "reward",
    "dataset": "MLS",
    "modality": "bold",
    "run_id": 1,
    "session_id": "2",
    "subject_id": "197",
    "task_id": "reward"
  },
  "dummy_trs": 0,
  "dvars_nstd": 15.979129273221487,
  "dvars_std": 1.049675345302014,
  "dvars_vstd": 0.9587787989261745,
  "efc": 0.5535448623005391,
  "fber": 1300.13330078125,
  "fd_mean": 0.10069567104806855,
  "fd_num": 14,
  "fd_perc": 9.333333333333334,
  "fwhm_avg": 2.200587966666667,
  "fwhm_x": 2.2725056,
  "fwhm_y": 2.5854208,
  "fwhm_z": 1.7438375,
  "gcor": 0.0173389,
  "gsr_x": 0.003646611701697111,
  "gsr_y": 0.026026073843240738,
  "provenance": {
    "md5sum": "10044b90ba9a9eaf714a1f36efba65f0",
    "settings": {
      "fd_thres": 0.2,
      "testing": false
    },
    "software": "mriqc",
    "version": "23.1.0rc0"
  },
  "size_t": 150,
  "size_x": 64,
  "size_y": 64,
  "size_z": 29,
  "snr": 8.516293138983604,
  "spacing_tr": 1.0,
  "spacing_x": 3.125,
  "spacing_y": 3.125,
  "spacing_z": 4.0,
  "summary_bg_k": 16.288446175162044,
  "summary_bg_mad": 321.67527764897216,
  "summary_bg_mean": 380.7080993652344,
  "summary_bg_median": 224.5533447265625,
  "summary_bg_n": 64700.0,
  "summary_bg_p05": 0.019999999552965164,
  "summary_bg_p95": 1357.1879821777343,
  "summary_bg_stdv": 542.7634887695312,
  "summary_fg_k": 2.3393328384561745,
  "summary_fg_mad": 866.847401802662,
  "summary_fg_mean": 8073.20556640625,
  "summary_fg_median": 8128.4267578125,
  "summary_fg_n": 25103.0,
  "summary_fg_p05": 6479.985986328125,
  "summary_fg_p95": 9511.972265625,
  "summary_fg_stdv": 954.4369506835938,
  "tsnr": 68.27402978204191
}