{
  "bids_meta": {
    "AcquisitionMatrixPE": 160,
    "CoilString": "HEAD",
    "EchoTime": 0.001784,
    "FlipAngle": 15,
    "ImageType": [
      "ORIGINAL",
      "PRIMARY",
      "OTHER"
    ],
    "InPlanePhaseEncodingDirectionDICOM": "ROW",
    "InstitutionName": "U of M FMRi",
    "InversionTime": 0.4,
    "MRAcquisitionType": "3D",
    "Modality": "MR",
    "PatientPosition": "HFS",
    "PercentPhaseFOV": 100,
    "PercentSampling": 100,
    "ReconMatrixPE": 256,
    "RepetitionTime": 0.008948,
    "SAR": 0.017417,
    "ScanningSequence": "GR",
    "SeriesDescription": "3d spgr IR axial",
    "dataset": "MLS",
    "modality": "T1w",
    "session_id": "1",
    "subject_id": "44"
  },
  "cjv": 0.516524767933572,
  "cnr": 2.192855126068673,
  "efc": 0.5397413688784385,
  "fber": 1548.5935916824199,
  "fwhm_avg": 2.9271228712300617,
  "fwhm_x": 3.603117030415426,
  "fwhm_y": 3.472159583274759,
  "fwhm_z": 1.706092,
  "icvs_csf": 0.282791811562381,
  "icvs_gm": 0.3432740278446869,
  "icvs_wm": 0.3739341605929321,
  "inu_med": 0.9384068548679352,
  "inu_range": 0.5904865592718123,
  "provenance": {
    "md5sum": "6c66985028dcc522cbce9e8534c11422",
    "settings": {
      "testing": false
    },
    "software": "mriqc",
    "version": "23.1.0rc0",
    "warnings": {
      "large_rot_frame": true,
      "small_air_mask": false
    }
  },
  "qi_1": 6.48615433633555e-05,
  "qi_2": 0.0011536302564655804,
  "rpve_csf": 15.061793247719217,
  "rpve_gm": 10.759652134798813,
  "rpve_wm": 12.650456537143823,
  "size_x": 256,
  "size_y": 256,
  "size_z": 60,
  "snr_csf": 0.9219901681687446,
  "snr_gm": 4.735367922854408,
  "snr_total": 3.9580953532376775,
  "snr_wm": 6.216927968689879,
  "snrd_csf": 5.246097012004277,
  "snrd_gm": 18.01832550661469,
  "snrd_total": 18.629697581475188,
  "snrd_wm": 32.624670225806604,
  "spacing_x": 0.9399999976158142,
  "spacing_y": 0.9399999976158142,
  "spacing_z": 2.5,
  "summary_bg_k": 75.73943962219757,
  "summary_bg_mad": 19.879378004675416,
  "summary_bg_mean": 26.68793153199681,
  "summary_bg_median": 13.408436704427004,
  "summary_bg_n": 878738.0,
  "summary_bg_p05": 0.0,
  "summary_bg_p95": 104.1449809782207,
  "summary_bg_stdv": 46.52267028129472,
  "summary_csf_k": 81.42764099079255,
  "summary_csf_mad": 92.95197751957821,
  "summary_csf_mean": 182.27413220373134,
  "summary_csf_median": 159.18691977858543,
  "summary_csf_n": 126956.0,
  "summary_csf_p05": 36.857894502580166,
  "summary_csf_p95": 360.068567391485,
  "summary_csf_stdv": 172.655087153655,
  "summary_gm_k": 0.46777098046349286,
  "summary_gm_mad": 106.7495366826406,
  "summary_gm_mean": 543.0299955253881,
  "summary_gm_median": 546.7458437010646,
  "summary_gm_n": 114774.0,
  "summary_gm_p05": 342.98658638447523,
  "summary_gm_p95": 726.2597086206079,
  "summary_gm_stdv": 115.45955261901567,
  "summary_wm_k": 4.337874751832963,
  "summary_wm_mad": 122.18101732553933,
  "summary_wm_mean": 1016.6887780142753,
  "summary_wm_median": 989.9589638076723,
  "summary_wm_n": 189817.0,
  "summary_wm_p05": 817.6697360165417,
  "summary_wm_p95": 1318.1289215050638,
  "summary_wm_stdv": 159.23561622768696,
  "tpm_overlap_csf": 0.12709421641034557,
  "tpm_overlap_gm": 0.3566571119699503,
  "tpm_overlap_wm": 0.4048401787064255,
  "wm2max": 0.2792529006512081
}