{
  "aor": 0.007028800000000001,
  "aqi": 0.0113264006,
  "bids_meta": {
    "EchoTime": 0.0036,
    "InstitutionName": "U of M FMRI",
    "Modality": "MR",
    "PatientPosition": "HFS",
    "RepetitionTime": 2.0,
    "SliceTiming": [
      0,
      0.069,
      0.138,
      0.207,
      0.276,
      0.345,
      0.414,
      0.483,
      0.552,
      0.621,
      0.69,
      0.759,
      0.828,
      0.897,
      0.966,
      1.035,
      1.104,
      1.173,
      1.242,
      1.311,
      1.38,
      1.449,
      1.518,
      1.587,
      1.656,
      1.725,
      1.794,
      1.863,
      1.932
    ],
    "TaskName": "reward",
    "dataset": "MLS",
    "modality": "bold",
    "run_id": 1,
    "session_id": "1",
    "subject_id": "169",
    "task_id": "reward"
  },
  "dummy_trs": 0,
  "dvars_nstd": 35.82669328516778,
  "dvars_std": 1.1891771715436237,
  "dvars_vstd": 1.0848039791946305,
  "efc": 0.570745376845729,
  "fber": 668.898681640625,
  "fd_mean": 0.24578035625732142,
  "fd_num": 67,
  "fd_perc": 44.666666666666664,
  "fwhm_avg": 2.2468275,
  "fwhm_x": 2.3037696,
  "fwhm_y": 2.6675104,
  "fwhm_z": 1.7692025,
  "gcor": 0.0150441,
  "gsr_x": -0.0022677602246403694,
  "gsr_y": 0.03443825617432594,
  "provenance": {
    "md5sum": "7acd2e1b701dde793a0b07de9b66588a",
    "settings": {
      "fd_thres": 0.2,
      "testing": false
    },
    "software": "mriqc",
    "version": "23.1.0rc0"
  },
  "size_t": 150,
  "size_x": 64,
  "size_y": 64,
  "size_z": 29,
  "snr": 5.209329137996395,
  "spacing_tr": 1.0,
  "spacing_x": 3.125,
  "spacing_y": 3.125,
  "spacing_z": 4.0,
  "summary_bg_k": 27.20368878318025,
  "summary_bg_mad": 120.39718174435536,
  "summary_bg_mean": 141.78855895996094,
  "summary_bg_median": 99.23333740234375,
  "summary_bg_n": 61917.0,
  "summary_bg_p05": 0.07999999821186066,
  "summary_bg_p95": 455.65067138671867,
  "summary_bg_stdv": 207.85720825195312,
  "summary_fg_k": 1.0356813594868752,
  "summary_fg_mad": 461.3857380062569,
  "summary_fg_mean": 2617.99951171875,
  "summary_fg_median": 2618.239990234375,
  "summary_fg_n": 27464.0,
  "summary_fg_p05": 1798.606689453125,
  "summary_fg_p95": 3438.1698364257804,
  "summary_fg_stdv": 502.5968322753906,
  "tsnr": 41.49894568155287
}