{
  "aor": 0.0026578523489932883,
  "aqi": 0.0043762651006711405,
  "bids_meta": {
    "EchoTime": 0.0036,
    "InstitutionName": "U of M FMRI",
    "Modality": "MR",
    "PatientPosition": "HFS",
    "RepetitionTime": 2.0,
    "SliceTiming": [
      0,
      0.069,
      0.138,
      0.207,
      0.276,
      0.345,
      0.414,
      0.483,
      0.552,
      0.621,
      0.69,
      0.759,
      0.828,
      0.897,
      0.966,
      1.035,
      1.104,
      1.173,
      1.242,
      1.311,
      1.38,
      1.449,
      1.518,
      1.587,
      1.656,
      1.725,
      1.794,
      1.863,
      1.932
    ],
    "TaskName": "reward",
    "dataset": "MLS",
    "modality": "bold",
    "run_id": 1,
    "session_id": "1",
    "subject_id": "176",
    "task_id": "reward"
  },
  "dummy_trs": 1,
  "dvars_nstd": 19.782547957162155,
  "dvars_std": 1.191956940608108,
  "dvars_vstd": 1.0205054506081082,
  "efc": 0.5615084676253465,
  "fber": 1245.802490234375,
  "fd_mean": 0.12770552303491686,
  "fd_num": 17,
  "fd_perc": 11.409395973154362,
  "fwhm_avg": 2.575117533333333,
  "fwhm_x": 2.7587104,
  "fwhm_y": 2.9937472,
  "fwhm_z": 1.972895,
  "gcor": 0.0308332,
  "gsr_x": 0.011268389411270618,
  "gsr_y": 0.034403469413518906,
  "provenance": {
    "md5sum": "d3f8fe9866833865767564329735b2ce",
    "settings": {
      "fd_thres": 0.2,
      "testing": false
    },
    "software": "mriqc",
    "version": "23.1.0rc0"
  },
  "size_t": 149,
  "size_x": 64,
  "size_y": 64,
  "size_z": 29,
  "snr": 6.313371940395322,
  "spacing_tr": 1.0,
  "spacing_x": 3.125,
  "spacing_y": 3.125,
  "spacing_z": 4.0,
  "summary_bg_k": 17.724883334251793,
  "summary_bg_mad": 113.5782749482038,
  "summary_bg_mean": 140.75979614257812,
  "summary_bg_median": 79.42617797851562,
  "summary_bg_n": 63812.0,
  "summary_bg_p05": 0.00671140942722559,
  "summary_bg_p95": 486.9694686889644,
  "summary_bg_stdv": 198.3899383544922,
  "summary_fg_k": 1.349566870006849,
  "summary_fg_mad": 397.4568424921446,
  "summary_fg_mean": 2804.967529296875,
  "summary_fg_median": 2822.859130859375,
  "summary_fg_n": 26059.0,
  "summary_fg_p05": 2055.25849609375,
  "summary_fg_p95": 3513.648999023437,
  "summary_fg_stdv": 447.1152648925781,
  "tsnr": 80.21190945454873
}