{
  "aor": 0.0004671333333333334,
  "aqi": 0.0031712012666666664,
  "bids_meta": {
    "EchoTime": 0.0036,
    "InstitutionName": "U of M FMRI",
    "Modality": "MR",
    "PatientPosition": "HFS",
    "RepetitionTime": 2.0,
    "SliceTiming": [
      0,
      0.069,
      0.138,
      0.207,
      0.276,
      0.345,
      0.414,
      0.483,
      0.552,
      0.621,
      0.69,
      0.759,
      0.828,
      0.897,
      0.966,
      1.035,
      1.104,
      1.173,
      1.242,
      1.311,
      1.38,
      1.449,
      1.518,
      1.587,
      1.656,
      1.725,
      1.794,
      1.863,
      1.932
    ],
    "TaskName": "reward",
    "dataset": "MLS",
    "modality": "bold",
    "run_id": 2,
    "session_id": "2",
    "subject_id": "37",
    "task_id": "reward"
  },
  "dummy_trs": 0,
  "dvars_nstd": 18.87919504046981,
  "dvars_std": 1.0638617183221475,
  "dvars_vstd": 0.9964155424832216,
  "efc": 0.5984326438037922,
  "fber": 593.323974609375,
  "fd_mean": 0.07453901640223354,
  "fd_num": 0,
  "fd_perc": 0.0,
  "fwhm_avg": 2.6391215333333338,
  "fwhm_x": 2.7777152000000003,
  "fwhm_y": 3.0571744,
  "fwhm_z": 2.082475,
  "gcor": 0.0135771,
  "gsr_x": -9.501854219706729e-05,
  "gsr_y": 0.04407882317900658,
  "provenance": {
    "md5sum": "125ec671eff6c30a4efd434d1a52cde0",
    "settings": {
      "fd_thres": 0.2,
      "testing": false
    },
    "software": "mriqc",
    "version": "23.1.0rc0"
  },
  "size_t": 150,
  "size_x": 64,
  "size_y": 64,
  "size_z": 29,
  "snr": 5.796950036820407,
  "spacing_tr": 1.0,
  "spacing_x": 3.125,
  "spacing_y": 3.125,
  "spacing_z": 4.0,
  "summary_bg_k": 12.194568922037307,
  "summary_bg_mad": 113.53767981255493,
  "summary_bg_mean": 129.23692321777344,
  "summary_bg_median": 77.11333465576172,
  "summary_bg_n": 60119.0,
  "summary_bg_p05": 0.006666666828095913,
  "summary_bg_p95": 464.7666778564452,
  "summary_bg_stdv": 169.08822631835938,
  "summary_fg_k": 0.7577416636874048,
  "summary_fg_mad": 319.70836411635395,
  "summary_fg_mean": 1970.1346435546875,
  "summary_fg_median": 1962.686767578125,
  "summary_fg_n": 28379.0,
  "summary_fg_p05": 1431.5787109375,
  "summary_fg_p95": 2539.3607666015623,
  "summary_fg_stdv": 338.56634521484375,
  "tsnr": 76.6472586011514
}