{
  "aor": 0.0006136000000000001,
  "aqi": 0.0025900531999999998,
  "bids_meta": {
    "EchoTime": 0.0036,
    "InstitutionName": "U of M FMRI",
    "Modality": "MR",
    "PatientPosition": "HFS",
    "RepetitionTime": 2.0,
    "SliceTiming": [
      0,
      0.069,
      0.138,
      0.207,
      0.276,
      0.345,
      0.414,
      0.483,
      0.552,
      0.621,
      0.69,
      0.759,
      0.828,
      0.897,
      0.966,
      1.035,
      1.104,
      1.173,
      1.242,
      1.311,
      1.38,
      1.449,
      1.518,
      1.587,
      1.656,
      1.725,
      1.794,
      1.863,
      1.932
    ],
    "TaskName": "reward",
    "dataset": "MLS",
    "modality": "bold",
    "run_id": 1,
    "session_id": "2",
    "subject_id": "37",
    "task_id": "reward"
  },
  "dummy_trs": 0,
  "dvars_nstd": 18.567790306577184,
  "dvars_std": 1.0790687740939597,
  "dvars_vstd": 1.0141621466442952,
  "efc": 0.5979661577308322,
  "fber": 591.5675048828125,
  "fd_mean": 0.07142722045523575,
  "fd_num": 0,
  "fd_perc": 0.0,
  "fwhm_avg": 2.5969657666666666,
  "fwhm_x": 2.7256256000000003,
  "fwhm_y": 2.9902591999999997,
  "fwhm_z": 2.0750125,
  "gcor": 0.0154286,
  "gsr_x": -0.00085354846669361,
  "gsr_y": 0.042677100747823715,
  "provenance": {
    "md5sum": "0730557b9ff05f34a859788035ddefb4",
    "settings": {
      "fd_thres": 0.2,
      "testing": false
    },
    "software": "mriqc",
    "version": "23.1.0rc0"
  },
  "size_t": 150,
  "size_x": 64,
  "size_y": 64,
  "size_z": 29,
  "snr": 5.759136110837586,
  "spacing_tr": 1.0,
  "spacing_x": 3.125,
  "spacing_y": 3.125,
  "spacing_z": 4.0,
  "summary_bg_k": 11.922550981967717,
  "summary_bg_mad": 113.75513405018188,
  "summary_bg_mean": 128.7245635986328,
  "summary_bg_median": 76.95333862304688,
  "summary_bg_n": 60067.0,
  "summary_bg_p05": 0.0,
  "summary_bg_p95": 465.4026763916015,
  "summary_bg_stdv": 169.42234802246094,
  "summary_fg_k": 0.7231081565902113,
  "summary_fg_mad": 320.419984224162,
  "summary_fg_mean": 1966.103271484375,
  "summary_fg_median": 1957.086669921875,
  "summary_fg_n": 28451.0,
  "summary_fg_p05": 1425.166748046875,
  "summary_fg_p95": 2547.9766845703125,
  "summary_fg_stdv": 339.8169860839844,
  "tsnr": 81.46681433496997
}