{
  "aor": 0.0013401333333333335,
  "aqi": 0.0059787290666666664,
  "bids_meta": {
    "EchoTime": 0.0036,
    "InstitutionName": "U of M FMRI",
    "Modality": "MR",
    "PatientPosition": "HFS",
    "RepetitionTime": 2.0,
    "SliceTiming": [
      0,
      0.069,
      0.138,
      0.207,
      0.276,
      0.345,
      0.414,
      0.483,
      0.552,
      0.621,
      0.69,
      0.759,
      0.828,
      0.897,
      0.966,
      1.035,
      1.104,
      1.173,
      1.242,
      1.311,
      1.38,
      1.449,
      1.518,
      1.587,
      1.656,
      1.725,
      1.794,
      1.863,
      1.932
    ],
    "TaskName": "reward",
    "dataset": "MLS",
    "modality": "bold",
    "run_id": 1,
    "session_id": "1",
    "subject_id": "78",
    "task_id": "reward"
  },
  "dummy_trs": 0,
  "dvars_nstd": 19.42237810483221,
  "dvars_std": 1.014685985973154,
  "dvars_vstd": 0.9846904781879191,
  "efc": 0.588106782104062,
  "fber": 924.9351196289062,
  "fd_mean": 0.10310644281113403,
  "fd_num": 10,
  "fd_perc": 6.666666666666667,
  "fwhm_avg": 2.3016839333333334,
  "fwhm_x": 2.3549952,
  "fwhm_y": 2.7465216,
  "fwhm_z": 1.803535,
  "gcor": 0.0899265,
  "gsr_x": -0.01141201239079237,
  "gsr_y": 0.04565996676683426,
  "provenance": {
    "md5sum": "01aabda92a6a542b52e9d2fc70c5fc64",
    "settings": {
      "fd_thres": 0.2,
      "testing": false
    },
    "software": "mriqc",
    "version": "23.1.0rc0"
  },
  "size_t": 150,
  "size_x": 64,
  "size_y": 64,
  "size_z": 29,
  "snr": 5.824169517923709,
  "spacing_tr": 1.0,
  "spacing_x": 3.125,
  "spacing_y": 3.125,
  "spacing_z": 4.0,
  "summary_bg_k": 25.35244377939178,
  "summary_bg_mad": 123.61937977641584,
  "summary_bg_mean": 137.59033203125,
  "summary_bg_median": 84.20000457763672,
  "summary_bg_n": 59002.0,
  "summary_bg_p05": 0.046666666865348816,
  "summary_bg_p95": 476.5546646118161,
  "summary_bg_stdv": 206.381103515625,
  "summary_fg_k": 2.80552255182503,
  "summary_fg_mad": 397.66334263024453,
  "summary_fg_mean": 2632.973388671875,
  "summary_fg_median": 2619.45654296875,
  "summary_fg_n": 29804.0,
  "summary_fg_p05": 1920.1420104980468,
  "summary_fg_p95": 3362.565698242187,
  "summary_fg_stdv": 449.7486877441406,
  "tsnr": 59.55085849727038
}