{
  "aor": 0.0011227333333333333,
  "aqi": 0.009281241933333333,
  "bids_meta": {
    "EchoTime": 0.0036,
    "InstitutionName": "U of M FMRI",
    "Modality": "MR",
    "PatientPosition": "HFS",
    "RepetitionTime": 2.0,
    "SliceTiming": [
      0,
      0.069,
      0.138,
      0.207,
      0.276,
      0.345,
      0.414,
      0.483,
      0.552,
      0.621,
      0.69,
      0.759,
      0.828,
      0.897,
      0.966,
      1.035,
      1.104,
      1.173,
      1.242,
      1.311,
      1.38,
      1.449,
      1.518,
      1.587,
      1.656,
      1.725,
      1.794,
      1.863,
      1.932
    ],
    "TaskName": "reward",
    "dataset": "MLS",
    "modality": "bold",
    "run_id": 2,
    "session_id": "1",
    "subject_id": "78",
    "task_id": "reward"
  },
  "dummy_trs": 0,
  "dvars_nstd": 21.722964510604033,
  "dvars_std": 0.9801904483892614,
  "dvars_vstd": 0.9584472553020136,
  "efc": 0.5875945870643687,
  "fber": 892.891357421875,
  "fd_mean": 0.1453431788144719,
  "fd_num": 25,
  "fd_perc": 16.666666666666668,
  "fwhm_avg": 2.2982257333333336,
  "fwhm_x": 2.3919136,
  "fwhm_y": 2.7512736,
  "fwhm_z": 1.75149,
  "gcor": 0.0162894,
  "gsr_x": -0.010006505995988846,
  "gsr_y": 0.043424684554338455,
  "provenance": {
    "md5sum": "6976cf1e238f390bcb84193f385a71d9",
    "settings": {
      "fd_thres": 0.2,
      "testing": false
    },
    "software": "mriqc",
    "version": "23.1.0rc0"
  },
  "size_t": 150,
  "size_x": 64,
  "size_y": 64,
  "size_z": 29,
  "snr": 5.7148878787036095,
  "spacing_tr": 1.0,
  "spacing_x": 3.125,
  "spacing_y": 3.125,
  "spacing_z": 4.0,
  "summary_bg_k": 26.89940163494974,
  "summary_bg_mad": 120.5849781997495,
  "summary_bg_mean": 133.17041015625,
  "summary_bg_median": 83.49333190917969,
  "summary_bg_n": 58984.0,
  "summary_bg_p05": 0.019999999552965164,
  "summary_bg_p95": 440.51600799560526,
  "summary_bg_stdv": 200.77024841308594,
  "summary_fg_k": 1.1955316183326037,
  "summary_fg_mad": 400.8263600829817,
  "summary_fg_mean": 2563.02392578125,
  "summary_fg_median": 2546.046630859375,
  "summary_fg_n": 29863.0,
  "summary_fg_p05": 1868.8006835937501,
  "summary_fg_p95": 3299.791992187499,
  "summary_fg_stdv": 445.5037536621094,
  "tsnr": 56.133942655520514
}