{
  "aor": 0.0024344,
  "aqi": 0.0064160374666666665,
  "bids_meta": {
    "EchoTime": 0.0036,
    "InstitutionName": "U of M FMRI",
    "Modality": "MR",
    "PatientPosition": "HFS",
    "RepetitionTime": 2.0,
    "SliceTiming": [
      0,
      0.069,
      0.138,
      0.207,
      0.276,
      0.345,
      0.414,
      0.483,
      0.552,
      0.621,
      0.69,
      0.759,
      0.828,
      0.897,
      0.966,
      1.035,
      1.104,
      1.173,
      1.242,
      1.311,
      1.38,
      1.449,
      1.518,
      1.587,
      1.656,
      1.725,
      1.794,
      1.863,
      1.932
    ],
    "TaskName": "reward",
    "dataset": "MLS",
    "modality": "bold",
    "run_id": 1,
    "session_id": "1",
    "subject_id": "116",
    "task_id": "reward"
  },
  "dummy_trs": 0,
  "dvars_nstd": 25.421240556979868,
  "dvars_std": 1.202435730201342,
  "dvars_vstd": 1.0211905681879196,
  "efc": 0.5714216755630704,
  "fber": 1001.7075805664062,
  "fd_mean": 0.15591709924039213,
  "fd_num": 27,
  "fd_perc": 18.0,
  "fwhm_avg": 2.3468687666666668,
  "fwhm_x": 2.4819136,
  "fwhm_y": 2.7136352,
  "fwhm_z": 1.8450575,
  "gcor": 0.100779,
  "gsr_x": 0.0014146906323730946,
  "gsr_y": 0.0338786244392395,
  "provenance": {
    "md5sum": "bb2e6665b62971a36b0b11ac71d932b7",
    "settings": {
      "fd_thres": 0.2,
      "testing": false
    },
    "software": "mriqc",
    "version": "23.1.0rc0"
  },
  "size_t": 150,
  "size_x": 64,
  "size_y": 64,
  "size_z": 29,
  "snr": 6.2628382224809265,
  "spacing_tr": 1.0,
  "spacing_x": 3.125,
  "spacing_y": 3.125,
  "spacing_z": 4.0,
  "summary_bg_k": 16.778701526950197,
  "summary_bg_mad": 120.59486768405208,
  "summary_bg_mean": 149.12965393066406,
  "summary_bg_median": 82.65333557128906,
  "summary_bg_n": 62714.0,
  "summary_bg_p05": 0.046666666865348816,
  "summary_bg_p95": 533.1026580810546,
  "summary_bg_stdv": 209.49771118164062,
  "summary_fg_k": 1.0212560007359262,
  "summary_fg_mad": 403.4308679597534,
  "summary_fg_mean": 2731.73193359375,
  "summary_fg_median": 2724.34326171875,
  "summary_fg_n": 26282.0,
  "summary_fg_p05": 2047.5480834960938,
  "summary_fg_p95": 3449.961791992187,
  "summary_fg_stdv": 434.99310302734375,
  "tsnr": 57.794373058655765
}