{
  "aor": 0.0019491333333333334,
  "aqi": 0.0059984842,
  "bids_meta": {
    "EchoTime": 0.0036,
    "InstitutionName": "U of M FMRI",
    "Modality": "MR",
    "PatientPosition": "HFS",
    "RepetitionTime": 2.0,
    "SliceTiming": [
      0,
      0.069,
      0.138,
      0.207,
      0.276,
      0.345,
      0.414,
      0.483,
      0.552,
      0.621,
      0.69,
      0.759,
      0.828,
      0.897,
      0.966,
      1.035,
      1.104,
      1.173,
      1.242,
      1.311,
      1.38,
      1.449,
      1.518,
      1.587,
      1.656,
      1.725,
      1.794,
      1.863,
      1.932
    ],
    "TaskName": "reward",
    "dataset": "MLS",
    "modality": "bold",
    "run_id": 2,
    "session_id": "1",
    "subject_id": "116",
    "task_id": "reward"
  },
  "dummy_trs": 0,
  "dvars_nstd": 24.762526813020127,
  "dvars_std": 1.203636647449665,
  "dvars_vstd": 1.0143722224832221,
  "efc": 0.5725045052232669,
  "fber": 950.3493041992188,
  "fd_mean": 0.11759873790759678,
  "fd_num": 10,
  "fd_perc": 6.666666666666667,
  "fwhm_avg": 2.3635340333333335,
  "fwhm_x": 2.5108576,
  "fwhm_y": 2.732352,
  "fwhm_z": 1.8473925,
  "gcor": 0.0401336,
  "gsr_x": 0.00042472040513530374,
  "gsr_y": 0.037916507571935654,
  "provenance": {
    "md5sum": "1a499cf4464946a857c77970710cd6ed",
    "settings": {
      "fd_thres": 0.2,
      "testing": false
    },
    "software": "mriqc",
    "version": "23.1.0rc0"
  },
  "size_t": 150,
  "size_x": 64,
  "size_y": 64,
  "size_z": 29,
  "snr": 6.357484071079212,
  "spacing_tr": 1.0,
  "spacing_x": 3.125,
  "spacing_y": 3.125,
  "spacing_z": 4.0,
  "summary_bg_k": 16.105746681909213,
  "summary_bg_mad": 126.0903750198639,
  "summary_bg_mean": 154.43722534179688,
  "summary_bg_median": 86.17333221435547,
  "summary_bg_n": 62864.0,
  "summary_bg_p05": 0.03333333507180214,
  "summary_bg_p95": 552.2467041015625,
  "summary_bg_stdv": 215.79202270507812,
  "summary_fg_k": 0.9540134731665755,
  "summary_fg_mad": 407.87378810893483,
  "summary_fg_mean": 2776.849365234375,
  "summary_fg_median": 2768.73681640625,
  "summary_fg_n": 26174.0,
  "summary_fg_p05": 2091.356970214844,
  "summary_fg_p95": 3501.805078125,
  "summary_fg_stdv": 435.49993896484375,
  "tsnr": 61.61623245512601
}