{
  "aor": 0.0012919333333333335,
  "aqi": 0.008801998933333334,
  "bids_meta": {
    "EchoTime": 0.0036,
    "InstitutionName": "U of M FMRI",
    "Modality": "MR",
    "PatientPosition": "HFS",
    "RepetitionTime": 2.0,
    "SliceTiming": [
      0,
      0.069,
      0.138,
      0.207,
      0.276,
      0.345,
      0.414,
      0.483,
      0.552,
      0.621,
      0.69,
      0.759,
      0.828,
      0.897,
      0.966,
      1.035,
      1.104,
      1.173,
      1.242,
      1.311,
      1.38,
      1.449,
      1.518,
      1.587,
      1.656,
      1.725,
      1.794,
      1.863,
      1.932
    ],
    "TaskName": "reward",
    "dataset": "MLS",
    "modality": "bold",
    "run_id": 2,
    "session_id": "1",
    "subject_id": "229",
    "task_id": "reward"
  },
  "dummy_trs": 0,
  "dvars_nstd": 23.284148593892624,
  "dvars_std": 1.1019842508053694,
  "dvars_vstd": 1.0157213068456374,
  "efc": 0.5446364029233401,
  "fber": 1349.62890625,
  "fd_mean": 0.22199873921522625,
  "fd_num": 60,
  "fd_perc": 40.0,
  "fwhm_avg": 2.2594444333333334,
  "fwhm_x": 2.3458432,
  "fwhm_y": 2.6379775999999997,
  "fwhm_z": 1.7945125,
  "gcor": 0.0462447,
  "gsr_x": 0.0011059034150093794,
  "gsr_y": 0.02133474312722683,
  "provenance": {
    "md5sum": "5002db2211ac68cc66e0da90889b201a",
    "settings": {
      "fd_thres": 0.2,
      "testing": false
    },
    "software": "mriqc",
    "version": "23.1.0rc0"
  },
  "size_t": 150,
  "size_x": 64,
  "size_y": 64,
  "size_z": 29,
  "snr": 7.600433214698904,
  "spacing_tr": 1.0,
  "spacing_x": 3.125,
  "spacing_y": 3.125,
  "spacing_z": 4.0,
  "summary_bg_k": 35.0503382757371,
  "summary_bg_mad": 126.19910773912477,
  "summary_bg_mean": 153.28521728515625,
  "summary_bg_median": 105.56000518798828,
  "summary_bg_n": 64513.0,
  "summary_bg_p05": 0.07999999821186066,
  "summary_bg_p95": 483.21068115234357,
  "summary_bg_stdv": 222.3048553466797,
  "summary_fg_k": 1.863449413224,
  "summary_fg_mad": 459.0333376600489,
  "summary_fg_mean": 3942.363037109375,
  "summary_fg_median": 3951.97998046875,
  "summary_fg_n": 25471.0,
  "summary_fg_p05": 3101.573486328125,
  "summary_fg_p95": 4749.223388671875,
  "summary_fg_stdv": 519.95751953125,
  "tsnr": 61.842611195286736
}