{
  "aor": 0.0009282312925170067,
  "aqi": 0.010176736122448979,
  "bids_meta": {
    "EchoTime": 0.0036,
    "InstitutionName": "U of M FMRI",
    "Modality": "MR",
    "PatientPosition": "HFS",
    "RepetitionTime": 2.0,
    "SliceTiming": [
      0,
      0.069,
      0.138,
      0.207,
      0.276,
      0.345,
      0.414,
      0.483,
      0.552,
      0.621,
      0.69,
      0.759,
      0.828,
      0.897,
      0.966,
      1.035,
      1.104,
      1.173,
      1.242,
      1.311,
      1.38,
      1.449,
      1.518,
      1.587,
      1.656,
      1.725,
      1.794,
      1.863,
      1.932
    ],
    "TaskName": "reward",
    "dataset": "MLS",
    "modality": "bold",
    "run_id": 1,
    "session_id": "2",
    "subject_id": "176",
    "task_id": "reward"
  },
  "dummy_trs": 3,
  "dvars_nstd": 18.312906291301356,
  "dvars_std": 1.0256629449315073,
  "dvars_vstd": 0.9493517625342468,
  "efc": 0.5750097082076817,
  "fber": 1017.0025024414062,
  "fd_mean": 0.10545636594968735,
  "fd_num": 11,
  "fd_perc": 7.482993197278912,
  "fwhm_avg": 2.4030807666666667,
  "fwhm_x": 2.501536,
  "fwhm_y": 2.8178688,
  "fwhm_z": 1.8898375,
  "gcor": 0.0106073,
  "gsr_x": 0.01485940907150507,
  "gsr_y": 0.022345490753650665,
  "provenance": {
    "md5sum": "017abe7397f248d7e78a55fb68018527",
    "settings": {
      "fd_thres": 0.2,
      "testing": false
    },
    "software": "mriqc",
    "version": "23.1.0rc0"
  },
  "size_t": 147,
  "size_x": 64,
  "size_y": 64,
  "size_z": 29,
  "snr": 7.76487770914162,
  "spacing_tr": 1.0,
  "spacing_x": 3.125,
  "spacing_y": 3.125,
  "spacing_z": 4.0,
  "summary_bg_k": 16.47362943747668,
  "summary_bg_mad": 186.0413548027278,
  "summary_bg_mean": 215.52154541015625,
  "summary_bg_median": 129.94557189941406,
  "summary_bg_n": 62489.0,
  "summary_bg_p05": 0.1047619014978415,
  "summary_bg_p95": 757.8013183593747,
  "summary_bg_stdv": 304.2816162109375,
  "summary_fg_k": 1.5619871587525136,
  "summary_fg_mad": 499.00206377621726,
  "summary_fg_mean": 4174.87939453125,
  "summary_fg_median": 4179.7412109375,
  "summary_fg_n": 27371.0,
  "summary_fg_p05": 3312.135986328125,
  "summary_fg_p95": 5031.18017578125,
  "summary_fg_stdv": 538.2782592773438,
  "tsnr": 68.96855815383606
}