{
  "aor": 0.008022600000000001,
  "aqi": 0.020052321066666667,
  "bids_meta": {
    "EchoTime": 0.0036,
    "InstitutionName": "U of M FMRI",
    "Modality": "MR",
    "PatientPosition": "HFS",
    "RepetitionTime": 2.0,
    "SliceTiming": [
      0,
      0.069,
      0.138,
      0.207,
      0.276,
      0.345,
      0.414,
      0.483,
      0.552,
      0.621,
      0.69,
      0.759,
      0.828,
      0.897,
      0.966,
      1.035,
      1.104,
      1.173,
      1.242,
      1.311,
      1.38,
      1.449,
      1.518,
      1.587,
      1.656,
      1.725,
      1.794,
      1.863,
      1.932
    ],
    "TaskName": "reward",
    "dataset": "MLS",
    "modality": "bold",
    "run_id": 2,
    "session_id": "1",
    "subject_id": "241",
    "task_id": "reward"
  },
  "dummy_trs": 0,
  "dvars_nstd": 20.983016961409408,
  "dvars_std": 1.0320967476510063,
  "dvars_vstd": 0.9097784224161071,
  "efc": 0.5519668723747239,
  "fber": 1499.1968994140625,
  "fd_mean": 0.20855628791928532,
  "fd_num": 33,
  "fd_perc": 22.0,
  "fwhm_avg": 2.382774266666667,
  "fwhm_x": 2.4388256,
  "fwhm_y": 2.8472672,
  "fwhm_z": 1.86223,
  "gcor": 0.145808,
  "gsr_x": -0.011140575632452965,
  "gsr_y": 0.03036692552268505,
  "provenance": {
    "md5sum": "7165b227fb2fa0a6e19bd4ba49317fd6",
    "settings": {
      "fd_thres": 0.2,
      "testing": false
    },
    "software": "mriqc",
    "version": "23.1.0rc0"
  },
  "size_t": 150,
  "size_x": 64,
  "size_y": 64,
  "size_z": 29,
  "snr": 9.110749109014419,
  "spacing_tr": 1.0,
  "spacing_x": 3.125,
  "spacing_y": 3.125,
  "spacing_z": 4.0,
  "summary_bg_k": 21.244595812427818,
  "summary_bg_mad": 164.2525580824768,
  "summary_bg_mean": 182.99935913085938,
  "summary_bg_median": 120.25333404541016,
  "summary_bg_n": 64219.0,
  "summary_bg_p05": 0.09333333373069763,
  "summary_bg_p95": 618.8420227050781,
  "summary_bg_stdv": 262.42083740234375,
  "summary_fg_k": 2.4444782559225997,
  "summary_fg_mad": 465.6011641382677,
  "summary_fg_mean": 4731.94775390625,
  "summary_fg_median": 4780.83984375,
  "summary_fg_n": 26102.0,
  "summary_fg_p05": 3811.9950561523438,
  "summary_fg_p95": 5481.571582031249,
  "summary_fg_stdv": 524.7371215820312,
  "tsnr": 45.82279826689046
}