{
  "aor": 0.005911400000000001,
  "aqi": 0.012790073933333333,
  "bids_meta": {
    "EchoTime": 0.0036,
    "InstitutionName": "U of M FMRI",
    "Modality": "MR",
    "PatientPosition": "HFS",
    "RepetitionTime": 2.0,
    "SliceTiming": [
      0,
      0.069,
      0.138,
      0.207,
      0.276,
      0.345,
      0.414,
      0.483,
      0.552,
      0.621,
      0.69,
      0.759,
      0.828,
      0.897,
      0.966,
      1.035,
      1.104,
      1.173,
      1.242,
      1.311,
      1.38,
      1.449,
      1.518,
      1.587,
      1.656,
      1.725,
      1.794,
      1.863,
      1.932
    ],
    "TaskName": "reward",
    "dataset": "MLS",
    "modality": "bold",
    "run_id": 1,
    "session_id": "1",
    "subject_id": "241",
    "task_id": "reward"
  },
  "dummy_trs": 0,
  "dvars_nstd": 20.164268845637586,
  "dvars_std": 1.2216779504697985,
  "dvars_vstd": 0.9926649867785237,
  "efc": 0.5489575370728644,
  "fber": 1570.9114990234375,
  "fd_mean": 0.1804934248125323,
  "fd_num": 26,
  "fd_perc": 17.333333333333332,
  "fwhm_avg": 2.2311257666666666,
  "fwhm_x": 2.2777344,
  "fwhm_y": 2.6466304000000003,
  "fwhm_z": 1.7690125,
  "gcor": 0.118894,
  "gsr_x": -0.012016556225717068,
  "gsr_y": 0.03164767473936081,
  "provenance": {
    "md5sum": "41f7025a48dc18447c4351deac4ed961",
    "settings": {
      "fd_thres": 0.2,
      "testing": false
    },
    "software": "mriqc",
    "version": "23.1.0rc0"
  },
  "size_t": 150,
  "size_x": 64,
  "size_y": 64,
  "size_z": 29,
  "snr": 9.028268792271227,
  "spacing_tr": 1.0,
  "spacing_x": 3.125,
  "spacing_y": 3.125,
  "spacing_z": 4.0,
  "summary_bg_k": 22.408548846602905,
  "summary_bg_mad": 160.93647817116533,
  "summary_bg_mean": 184.5173797607422,
  "summary_bg_median": 118.28666687011719,
  "summary_bg_n": 64398.0,
  "summary_bg_p05": 0.1066666692495346,
  "summary_bg_p95": 618.2253204345699,
  "summary_bg_stdv": 270.5796813964844,
  "summary_fg_k": 3.6631290071137563,
  "summary_fg_mad": 458.3217175522408,
  "summary_fg_mean": 4708.17529296875,
  "summary_fg_median": 4749.36669921875,
  "summary_fg_n": 25883.0,
  "summary_fg_p05": 3820.686669921875,
  "summary_fg_p95": 5469.713916015624,
  "summary_fg_stdv": 526.044921875,
  "tsnr": 62.81356103019789
}