{
  "aor": 0.0007465333333333333,
  "aqi": 0.0034225789333333333,
  "bids_meta": {
    "EchoTime": 0.0036,
    "InstitutionName": "U of M FMRI",
    "Modality": "MR",
    "PatientPosition": "HFS",
    "RepetitionTime": 2.0,
    "SliceTiming": [
      0,
      0.069,
      0.138,
      0.207,
      0.276,
      0.345,
      0.414,
      0.483,
      0.552,
      0.621,
      0.69,
      0.759,
      0.828,
      0.897,
      0.966,
      1.035,
      1.104,
      1.173,
      1.242,
      1.311,
      1.38,
      1.449,
      1.518,
      1.587,
      1.656,
      1.725,
      1.794,
      1.863,
      1.932
    ],
    "TaskName": "reward",
    "dataset": "MLS",
    "modality": "bold",
    "run_id": 2,
    "session_id": "2",
    "subject_id": "144",
    "task_id": "reward"
  },
  "dummy_trs": 0,
  "dvars_nstd": 17.998934336241614,
  "dvars_std": 1.0900567038255038,
  "dvars_vstd": 1.011169753489933,
  "efc": 0.5671303674236691,
  "fber": 845.2919311523438,
  "fd_mean": 0.0750659026317632,
  "fd_num": 1,
  "fd_perc": 0.6666666666666666,
  "fwhm_avg": 2.633628433333333,
  "fwhm_x": 2.7825664,
  "fwhm_y": 3.0428864,
  "fwhm_z": 2.0754325,
  "gcor": 0.0191214,
  "gsr_x": -0.003558612894266844,
  "gsr_y": 0.034761663526296616,
  "provenance": {
    "md5sum": "c34f7a1e8801ca414ce16416bd4e07a9",
    "settings": {
      "fd_thres": 0.2,
      "testing": false
    },
    "software": "mriqc",
    "version": "23.1.0rc0"
  },
  "size_t": 150,
  "size_x": 64,
  "size_y": 64,
  "size_z": 29,
  "snr": 6.400412729762173,
  "spacing_tr": 1.0,
  "spacing_x": 3.125,
  "spacing_y": 3.125,
  "spacing_z": 4.0,
  "summary_bg_k": 22.619632413567725,
  "summary_bg_mad": 115.38599102485487,
  "summary_bg_mean": 126.13555908203125,
  "summary_bg_median": 79.2933349609375,
  "summary_bg_n": 64233.0,
  "summary_bg_p05": 0.0,
  "summary_bg_p95": 406.97601928710935,
  "summary_bg_stdv": 171.27734375,
  "summary_fg_k": 1.522688087481792,
  "summary_fg_mad": 324.7789288570609,
  "summary_fg_mean": 2373.2587890625,
  "summary_fg_median": 2384.4267578125,
  "summary_fg_n": 25673.0,
  "summary_fg_p05": 1746.229345703125,
  "summary_fg_p95": 2952.6307128906246,
  "summary_fg_stdv": 372.535400390625,
  "tsnr": 82.05436577601358
}