{
  "aor": 0.0008512666666666667,
  "aqi": 0.0038502987333333336,
  "bids_meta": {
    "EchoTime": 0.0036,
    "InstitutionName": "U of M FMRI",
    "Modality": "MR",
    "PatientPosition": "HFS",
    "RepetitionTime": 2.0,
    "SliceTiming": [
      0,
      0.069,
      0.138,
      0.207,
      0.276,
      0.345,
      0.414,
      0.483,
      0.552,
      0.621,
      0.69,
      0.759,
      0.828,
      0.897,
      0.966,
      1.035,
      1.104,
      1.173,
      1.242,
      1.311,
      1.38,
      1.449,
      1.518,
      1.587,
      1.656,
      1.725,
      1.794,
      1.863,
      1.932
    ],
    "TaskName": "reward",
    "dataset": "MLS",
    "modality": "bold",
    "run_id": 1,
    "session_id": "2",
    "subject_id": "144",
    "task_id": "reward"
  },
  "dummy_trs": 0,
  "dvars_nstd": 18.605477230738256,
  "dvars_std": 1.080504522348993,
  "dvars_vstd": 1.0045154138255028,
  "efc": 0.5681414206692607,
  "fber": 846.119873046875,
  "fd_mean": 0.08918021582550706,
  "fd_num": 4,
  "fd_perc": 2.6666666666666665,
  "fwhm_avg": 2.5942294333333336,
  "fwhm_x": 2.7071359999999998,
  "fwhm_y": 2.9732448,
  "fwhm_z": 2.1023075,
  "gcor": 0.0256228,
  "gsr_x": -0.004323738161474466,
  "gsr_y": 0.03504449501633644,
  "provenance": {
    "md5sum": "6c6562391db06da0b53c6b5d372560fd",
    "settings": {
      "fd_thres": 0.2,
      "testing": false
    },
    "software": "mriqc",
    "version": "23.1.0rc0"
  },
  "size_t": 150,
  "size_x": 64,
  "size_y": 64,
  "size_z": 29,
  "snr": 6.52168535614478,
  "spacing_tr": 1.0,
  "spacing_x": 3.125,
  "spacing_y": 3.125,
  "spacing_z": 4.0,
  "summary_bg_k": 18.620276266644318,
  "summary_bg_mad": 115.0795872120537,
  "summary_bg_mean": 129.8603057861328,
  "summary_bg_median": 78.86666870117188,
  "summary_bg_n": 64305.0,
  "summary_bg_p05": 0.006666666828095913,
  "summary_bg_p95": 449.7933471679686,
  "summary_bg_stdv": 175.8749542236328,
  "summary_fg_k": 1.1027457666660592,
  "summary_fg_mad": 321.6360003748138,
  "summary_fg_mean": 2375.56982421875,
  "summary_fg_median": 2383.93994140625,
  "summary_fg_n": 25575.0,
  "summary_fg_p05": 1766.18798828125,
  "summary_fg_p95": 2959.752001953125,
  "summary_fg_stdv": 365.5333251953125,
  "tsnr": 77.93566984892823
}