{
  "aor": 0.0011032666666666668,
  "aqi": 0.0036511435999999997,
  "bids_meta": {
    "EchoTime": 0.0036,
    "InstitutionName": "U of M FMRI",
    "Modality": "MR",
    "PatientPosition": "HFS",
    "RepetitionTime": 2.0,
    "SliceTiming": [
      0,
      0.069,
      0.138,
      0.207,
      0.276,
      0.345,
      0.414,
      0.483,
      0.552,
      0.621,
      0.69,
      0.759,
      0.828,
      0.897,
      0.966,
      1.035,
      1.104,
      1.173,
      1.242,
      1.311,
      1.38,
      1.449,
      1.518,
      1.587,
      1.656,
      1.725,
      1.794,
      1.863,
      1.932
    ],
    "TaskName": "reward",
    "dataset": "MLS",
    "modality": "bold",
    "run_id": 2,
    "session_id": "3",
    "subject_id": "05",
    "task_id": "reward"
  },
  "dummy_trs": 0,
  "dvars_nstd": 17.91663637100671,
  "dvars_std": 1.0959318596644292,
  "dvars_vstd": 1.0070896895973158,
  "efc": 0.5336079325705095,
  "fber": 1000.345703125,
  "fd_mean": 0.06592106424973504,
  "fd_num": 4,
  "fd_perc": 2.6666666666666665,
  "fwhm_avg": 2.385827133333333,
  "fwhm_x": 2.5022848,
  "fwhm_y": 2.7846016,
  "fwhm_z": 1.870595,
  "gcor": 0.0218431,
  "gsr_x": 0.006522875279188156,
  "gsr_y": 0.026791581884026527,
  "provenance": {
    "md5sum": "d20451742efdb6209af1399bfe6efd66",
    "settings": {
      "fd_thres": 0.2,
      "testing": false
    },
    "software": "mriqc",
    "version": "23.1.0rc0"
  },
  "size_t": 150,
  "size_x": 64,
  "size_y": 64,
  "size_z": 29,
  "snr": 6.989194786378787,
  "spacing_tr": 1.0,
  "spacing_x": 3.125,
  "spacing_y": 3.125,
  "spacing_z": 4.0,
  "summary_bg_k": 17.539503330829767,
  "summary_bg_mad": 76.45285739962681,
  "summary_bg_mean": 86.84587097167969,
  "summary_bg_median": 52.366668701171875,
  "summary_bg_n": 68988.0,
  "summary_bg_p05": 0.0,
  "summary_bg_p95": 309.80333251953084,
  "summary_bg_stdv": 123.38106536865234,
  "summary_fg_k": 1.203012699819367,
  "summary_fg_mad": 213.19329441659852,
  "summary_fg_mean": 1678.4884033203125,
  "summary_fg_median": 1675.4766845703125,
  "summary_fg_n": 22050.0,
  "summary_fg_p05": 1303.8796936035155,
  "summary_fg_p95": 2079.6423828125,
  "summary_fg_stdv": 239.71841430664062,
  "tsnr": 85.02091052138712
}