{
  "aor": 0.0018843333333333338,
  "aqi": 0.0048825328,
  "bids_meta": {
    "EchoTime": 0.0036,
    "InstitutionName": "U of M FMRI",
    "Modality": "MR",
    "PatientPosition": "HFS",
    "RepetitionTime": 2.0,
    "SliceTiming": [
      0,
      0.069,
      0.138,
      0.207,
      0.276,
      0.345,
      0.414,
      0.483,
      0.552,
      0.621,
      0.69,
      0.759,
      0.828,
      0.897,
      0.966,
      1.035,
      1.104,
      1.173,
      1.242,
      1.311,
      1.38,
      1.449,
      1.518,
      1.587,
      1.656,
      1.725,
      1.794,
      1.863,
      1.932
    ],
    "TaskName": "reward",
    "dataset": "MLS",
    "modality": "bold",
    "run_id": 1,
    "session_id": "3",
    "subject_id": "05",
    "task_id": "reward"
  },
  "dummy_trs": 0,
  "dvars_nstd": 18.389178346644293,
  "dvars_std": 1.086199172550336,
  "dvars_vstd": 0.993483589865772,
  "efc": 0.5318052169952514,
  "fber": 1018.6502075195312,
  "fd_mean": 0.0894659561985063,
  "fd_num": 7,
  "fd_perc": 4.666666666666667,
  "fwhm_avg": 2.386843133333333,
  "fwhm_x": 2.4919136,
  "fwhm_y": 2.8195807999999998,
  "fwhm_z": 1.849035,
  "gcor": 0.0227724,
  "gsr_x": 0.008307616226375103,
  "gsr_y": 0.028709210455417633,
  "provenance": {
    "md5sum": "04323f8fd29f23f408b2ac634681f32d",
    "settings": {
      "fd_thres": 0.2,
      "testing": false
    },
    "software": "mriqc",
    "version": "23.1.0rc0"
  },
  "size_t": 150,
  "size_x": 64,
  "size_y": 64,
  "size_z": 29,
  "snr": 7.049200590392699,
  "spacing_tr": 1.0,
  "spacing_x": 3.125,
  "spacing_y": 3.125,
  "spacing_z": 4.0,
  "summary_bg_k": 18.62482636153951,
  "summary_bg_mad": 72.5980893869148,
  "summary_bg_mean": 85.21369934082031,
  "summary_bg_median": 52.12000274658203,
  "summary_bg_n": 69037.0,
  "summary_bg_p05": 0.019999999552965164,
  "summary_bg_p95": 293.4293334960937,
  "summary_bg_stdv": 120.1516342163086,
  "summary_fg_k": 1.22418375530716,
  "summary_fg_mad": 214.01857104213389,
  "summary_fg_mean": 1682.0067138671875,
  "summary_fg_median": 1682.056640625,
  "summary_fg_n": 21910.0,
  "summary_fg_p05": 1303.8723754882812,
  "summary_fg_p95": 2072.9214477539062,
  "summary_fg_stdv": 238.6112060546875,
  "tsnr": 76.68591357860714
}