{
  "aor": 0.0006685333333333334,
  "aqi": 0.0031464442,
  "bids_meta": {
    "EchoTime": 0.0036,
    "InstitutionName": "U of M FMRI",
    "Modality": "MR",
    "PatientPosition": "HFS",
    "RepetitionTime": 2.0,
    "SliceTiming": [
      0,
      0.069,
      0.138,
      0.207,
      0.276,
      0.345,
      0.414,
      0.483,
      0.552,
      0.621,
      0.69,
      0.759,
      0.828,
      0.897,
      0.966,
      1.035,
      1.104,
      1.173,
      1.242,
      1.311,
      1.38,
      1.449,
      1.518,
      1.587,
      1.656,
      1.725,
      1.794,
      1.863,
      1.932
    ],
    "TaskName": "reward",
    "dataset": "MLS",
    "modality": "bold",
    "run_id": 1,
    "session_id": "2",
    "subject_id": "30",
    "task_id": "reward"
  },
  "dummy_trs": 0,
  "dvars_nstd": 18.02212761255034,
  "dvars_std": 1.1475560250335572,
  "dvars_vstd": 1.0118157538255033,
  "efc": 0.5742605418802431,
  "fber": 694.9370727539062,
  "fd_mean": 0.056818720078474896,
  "fd_num": 0,
  "fd_perc": 0.0,
  "fwhm_avg": 2.4068924,
  "fwhm_x": 2.5654239999999997,
  "fwhm_y": 2.8356032,
  "fwhm_z": 1.81965,
  "gcor": 0.0272949,
  "gsr_x": 0.005792754702270031,
  "gsr_y": 0.03099222108721733,
  "provenance": {
    "md5sum": "4abc9aaa6a40e0dda65f442b1252b262",
    "settings": {
      "fd_thres": 0.2,
      "testing": false
    },
    "software": "mriqc",
    "version": "23.1.0rc0"
  },
  "size_t": 150,
  "size_x": 64,
  "size_y": 64,
  "size_z": 29,
  "snr": 6.948471915496782,
  "spacing_tr": 1.0,
  "spacing_x": 3.125,
  "spacing_y": 3.125,
  "spacing_z": 4.0,
  "summary_bg_k": 15.56279736499732,
  "summary_bg_mad": 157.11630347026713,
  "summary_bg_mean": 160.8675994873047,
  "summary_bg_median": 106.90666961669922,
  "summary_bg_n": 62751.0,
  "summary_bg_p05": 0.006666666828095913,
  "summary_bg_p95": 528.5666809082031,
  "summary_bg_stdv": 207.4357452392578,
  "summary_fg_k": 1.3968912661624726,
  "summary_fg_mad": 377.47066961689916,
  "summary_fg_mean": 2880.23095703125,
  "summary_fg_median": 2890.17333984375,
  "summary_fg_n": 26599.0,
  "summary_fg_p05": 2201.377392578125,
  "summary_fg_p95": 3526.2040039062495,
  "summary_fg_stdv": 415.9359130859375,
  "tsnr": 89.8283519083634
}