{
  "aor": 0.0011038666666666668,
  "aqi": 0.009529996200000002,
  "bids_meta": {
    "EchoTime": 0.0036,
    "InstitutionName": "U of M FMRI",
    "Modality": "MR",
    "PatientPosition": "HFS",
    "RepetitionTime": 2.0,
    "SliceTiming": [
      0,
      0.069,
      0.138,
      0.207,
      0.276,
      0.345,
      0.414,
      0.483,
      0.552,
      0.621,
      0.69,
      0.759,
      0.828,
      0.897,
      0.966,
      1.035,
      1.104,
      1.173,
      1.242,
      1.311,
      1.38,
      1.449,
      1.518,
      1.587,
      1.656,
      1.725,
      1.794,
      1.863,
      1.932
    ],
    "TaskName": "reward",
    "dataset": "MLS",
    "modality": "bold",
    "run_id": 1,
    "session_id": "1",
    "subject_id": "154",
    "task_id": "reward"
  },
  "dummy_trs": 0,
  "dvars_nstd": 18.382089109731545,
  "dvars_std": 1.069961098389262,
  "dvars_vstd": 0.9587962438255039,
  "efc": 0.5612142691962269,
  "fber": 1979.43115234375,
  "fd_mean": 0.16349837760963337,
  "fd_num": 43,
  "fd_perc": 28.666666666666668,
  "fwhm_avg": 2.090641133333333,
  "fwhm_x": 2.147424,
  "fwhm_y": 2.5042144,
  "fwhm_z": 1.620285,
  "gcor": 0.116513,
  "gsr_x": -0.0027530291117727757,
  "gsr_y": 0.03545667976140976,
  "provenance": {
    "md5sum": "037675d6bb70298d2bf0cfb43603b540",
    "settings": {
      "fd_thres": 0.2,
      "testing": false
    },
    "software": "mriqc",
    "version": "23.1.0rc0"
  },
  "size_t": 150,
  "size_x": 64,
  "size_y": 64,
  "size_z": 29,
  "snr": 8.31840299916868,
  "spacing_tr": 1.0,
  "spacing_x": 3.125,
  "spacing_y": 3.125,
  "spacing_z": 4.0,
  "summary_bg_k": 30.459411388741152,
  "summary_bg_mad": 125.68513133016361,
  "summary_bg_mean": 149.06344604492188,
  "summary_bg_median": 88.03333282470703,
  "summary_bg_n": 61753.0,
  "summary_bg_p05": 0.013333333656191826,
  "summary_bg_p95": 505.8986694335931,
  "summary_bg_stdv": 229.3334503173828,
  "summary_fg_k": 2.802862841543086,
  "summary_fg_mad": 429.094618251593,
  "summary_fg_mean": 3957.17236328125,
  "summary_fg_median": 3963.010009765625,
  "summary_fg_n": 27580.0,
  "summary_fg_p05": 3217.1663452148437,
  "summary_fg_p95": 4688.7529296875,
  "summary_fg_stdv": 476.4061279296875,
  "tsnr": 70.97875335719436
}