{
  "aor": 0.006202533333333333,
  "aqi": 0.026344862666666666,
  "bids_meta": {
    "EchoTime": 0.0036,
    "InstitutionName": "U of M FMRI",
    "Modality": "MR",
    "PatientPosition": "HFS",
    "RepetitionTime": 2.0,
    "SliceTiming": [
      0,
      0.069,
      0.138,
      0.207,
      0.276,
      0.345,
      0.414,
      0.483,
      0.552,
      0.621,
      0.69,
      0.759,
      0.828,
      0.897,
      0.966,
      1.035,
      1.104,
      1.173,
      1.242,
      1.311,
      1.38,
      1.449,
      1.518,
      1.587,
      1.656,
      1.725,
      1.794,
      1.863,
      1.932
    ],
    "TaskName": "reward",
    "dataset": "MLS",
    "modality": "bold",
    "run_id": 2,
    "session_id": "1",
    "subject_id": "154",
    "task_id": "reward"
  },
  "dummy_trs": 0,
  "dvars_nstd": 21.50412667026847,
  "dvars_std": 0.9751922508724833,
  "dvars_vstd": 0.9309379112080542,
  "efc": 0.5610207032402865,
  "fber": 1906.8126220703125,
  "fd_mean": 0.22097002481803107,
  "fd_num": 43,
  "fd_perc": 28.666666666666668,
  "fwhm_avg": 2.1290520666666666,
  "fwhm_x": 2.1817184,
  "fwhm_y": 2.5438528,
  "fwhm_z": 1.661585,
  "gcor": 0.0572494,
  "gsr_x": -0.0018034637905657291,
  "gsr_y": 0.033672086894512177,
  "provenance": {
    "md5sum": "dfd87f40aae50fcb90167e26381d600f",
    "settings": {
      "fd_thres": 0.2,
      "testing": false
    },
    "software": "mriqc",
    "version": "23.1.0rc0"
  },
  "size_t": 150,
  "size_x": 64,
  "size_y": 64,
  "size_z": 29,
  "snr": 8.343728746984585,
  "spacing_tr": 1.0,
  "spacing_x": 3.125,
  "spacing_y": 3.125,
  "spacing_z": 4.0,
  "summary_bg_k": 28.441477188542596,
  "summary_bg_mad": 125.01301790497824,
  "summary_bg_mean": 147.04421997070312,
  "summary_bg_median": 90.74666595458984,
  "summary_bg_n": 61649.0,
  "summary_bg_p05": 0.06666667014360428,
  "summary_bg_p95": 481.368017578125,
  "summary_bg_stdv": 221.40562438964844,
  "summary_fg_k": 2.4193558571394584,
  "summary_fg_mad": 434.39267700947056,
  "summary_fg_mean": 3983.0498046875,
  "summary_fg_median": 3985.2333984375,
  "summary_fg_n": 27705.0,
  "summary_fg_p05": 3240.76416015625,
  "summary_fg_p95": 4725.25888671875,
  "summary_fg_stdv": 477.6235656738281,
  "tsnr": 47.70784521265887
}