{
  "aor": 0.0006135333333333334,
  "aqi": 0.0040312156,
  "bids_meta": {
    "EchoTime": 0.0036,
    "InstitutionName": "U of M FMRI",
    "Modality": "MR",
    "PatientPosition": "HFS",
    "RepetitionTime": 2.0,
    "SliceTiming": [
      0,
      0.069,
      0.138,
      0.207,
      0.276,
      0.345,
      0.414,
      0.483,
      0.552,
      0.621,
      0.69,
      0.759,
      0.828,
      0.897,
      0.966,
      1.035,
      1.104,
      1.173,
      1.242,
      1.311,
      1.38,
      1.449,
      1.518,
      1.587,
      1.656,
      1.725,
      1.794,
      1.863,
      1.932
    ],
    "TaskName": "reward",
    "dataset": "MLS",
    "modality": "bold",
    "run_id": 1,
    "session_id": "1",
    "subject_id": "121",
    "task_id": "reward"
  },
  "dummy_trs": 0,
  "dvars_nstd": 19.30932768194631,
  "dvars_std": 1.0884880765771812,
  "dvars_vstd": 1.0027614614093963,
  "efc": 0.5785660961830162,
  "fber": 594.1799926757812,
  "fd_mean": 0.056695719330861455,
  "fd_num": 0,
  "fd_perc": 0.0,
  "fwhm_avg": 2.4744167000000004,
  "fwhm_x": 2.5932864,
  "fwhm_y": 2.9171712000000003,
  "fwhm_z": 1.9127925,
  "gcor": 0.0247978,
  "gsr_x": 0.008464003913104534,
  "gsr_y": 0.03135240077972412,
  "provenance": {
    "md5sum": "89e03982d35254bf1165283bdc8da511",
    "settings": {
      "fd_thres": 0.2,
      "testing": false
    },
    "software": "mriqc",
    "version": "23.1.0rc0"
  },
  "size_t": 150,
  "size_x": 64,
  "size_y": 64,
  "size_z": 29,
  "snr": 6.502792897792438,
  "spacing_tr": 1.0,
  "spacing_x": 3.125,
  "spacing_y": 3.125,
  "spacing_z": 4.0,
  "summary_bg_k": 14.273750720675228,
  "summary_bg_mad": 85.64993207892977,
  "summary_bg_mean": 93.21460723876953,
  "summary_bg_median": 58.38999938964844,
  "summary_bg_n": 63376.0,
  "summary_bg_p05": 0.006666666828095913,
  "summary_bg_p95": 318.85833740234375,
  "summary_bg_stdv": 121.31482696533203,
  "summary_fg_k": 1.1172087984940466,
  "summary_fg_mad": 203.3041819748903,
  "summary_fg_mean": 1460.3951416015625,
  "summary_fg_median": 1454.239990234375,
  "summary_fg_n": 25765.0,
  "summary_fg_p05": 1111.260009765625,
  "summary_fg_p95": 1829.9013427734374,
  "summary_fg_stdv": 223.62879943847656,
  "tsnr": 74.65632357937284
}