{
  "aor": 0.0007619333333333334,
  "aqi": 0.004110562533333334,
  "bids_meta": {
    "EchoTime": 0.0036,
    "InstitutionName": "U of M FMRI",
    "Modality": "MR",
    "PatientPosition": "HFS",
    "RepetitionTime": 2.0,
    "SliceTiming": [
      0,
      0.069,
      0.138,
      0.207,
      0.276,
      0.345,
      0.414,
      0.483,
      0.552,
      0.621,
      0.69,
      0.759,
      0.828,
      0.897,
      0.966,
      1.035,
      1.104,
      1.173,
      1.242,
      1.311,
      1.38,
      1.449,
      1.518,
      1.587,
      1.656,
      1.725,
      1.794,
      1.863,
      1.932
    ],
    "TaskName": "reward",
    "dataset": "MLS",
    "modality": "bold",
    "run_id": 2,
    "session_id": "1",
    "subject_id": "121",
    "task_id": "reward"
  },
  "dummy_trs": 0,
  "dvars_nstd": 18.718778821275166,
  "dvars_std": 1.0660302410738256,
  "dvars_vstd": 1.0075524939597318,
  "efc": 0.5802910337684619,
  "fber": 591.3483276367188,
  "fd_mean": 0.05613565422055499,
  "fd_num": 0,
  "fd_perc": 0.0,
  "fwhm_avg": 2.5533015333333333,
  "fwhm_x": 2.6930912,
  "fwhm_y": 3.0105184000000005,
  "fwhm_z": 1.956295,
  "gcor": 0.0278908,
  "gsr_x": 0.010793287307024002,
  "gsr_y": 0.031004058197140694,
  "provenance": {
    "md5sum": "5d8ea49e42fcc71146d3d114ed83beeb",
    "settings": {
      "fd_thres": 0.2,
      "testing": false
    },
    "software": "mriqc",
    "version": "23.1.0rc0"
  },
  "size_t": 150,
  "size_x": 64,
  "size_y": 64,
  "size_z": 29,
  "snr": 6.584045933624332,
  "spacing_tr": 1.0,
  "spacing_x": 3.125,
  "spacing_y": 3.125,
  "spacing_z": 4.0,
  "summary_bg_k": 13.050933060511884,
  "summary_bg_mad": 85.10136889753318,
  "summary_bg_mean": 94.05278015136719,
  "summary_bg_median": 58.380001068115234,
  "summary_bg_n": 63363.0,
  "summary_bg_p05": 0.0,
  "summary_bg_p95": 328.0140197753903,
  "summary_bg_stdv": 121.26526641845703,
  "summary_fg_k": 1.249483897277818,
  "summary_fg_mad": 200.7245590840859,
  "summary_fg_mean": 1460.3880615234375,
  "summary_fg_median": 1457.723388671875,
  "summary_fg_n": 25648.0,
  "summary_fg_p05": 1114.1046997070312,
  "summary_fg_p95": 1821.234747314453,
  "summary_fg_stdv": 221.39805603027344,
  "tsnr": 72.39976587030105
}