{
  "aor": 0.01643053333333333,
  "aqi": 0.007354967533333333,
  "bids_meta": {
    "EchoTime": 0.0036,
    "InstitutionName": "U of M FMRI",
    "Modality": "MR",
    "PatientPosition": "HFS",
    "RepetitionTime": 2.0,
    "SliceTiming": [
      0,
      0.069,
      0.138,
      0.207,
      0.276,
      0.345,
      0.414,
      0.483,
      0.552,
      0.621,
      0.69,
      0.759,
      0.828,
      0.897,
      0.966,
      1.035,
      1.104,
      1.173,
      1.242,
      1.311,
      1.38,
      1.449,
      1.518,
      1.587,
      1.656,
      1.725,
      1.794,
      1.863,
      1.932
    ],
    "TaskName": "reward",
    "dataset": "MLS",
    "modality": "bold",
    "run_id": 1,
    "session_id": "2",
    "subject_id": "16",
    "task_id": "reward"
  },
  "dummy_trs": 0,
  "dvars_nstd": 14.858484575704713,
  "dvars_std": 1.0967343065100676,
  "dvars_vstd": 1.0944767306040266,
  "efc": 0.5379294304518647,
  "fber": 1014.50830078125,
  "fd_mean": 0.11980034442763123,
  "fd_num": 18,
  "fd_perc": 12.0,
  "fwhm_avg": 2.781942166666667,
  "fwhm_x": 2.9276479999999996,
  "fwhm_y": 3.3124160000000002,
  "fwhm_z": 2.1057625,
  "gcor": 0.0160816,
  "gsr_x": 0.010740544646978378,
  "gsr_y": 0.03290631249547005,
  "provenance": {
    "md5sum": "82fc27a316aee5bc5f9ea1bf8d9b8f49",
    "settings": {
      "fd_thres": 0.2,
      "testing": false
    },
    "software": "mriqc",
    "version": "23.1.0rc0"
  },
  "size_t": 150,
  "size_x": 64,
  "size_y": 64,
  "size_z": 29,
  "snr": 5.873547874546738,
  "spacing_tr": 1.0,
  "spacing_x": 3.125,
  "spacing_y": 3.125,
  "spacing_z": 4.0,
  "summary_bg_k": 18.446473198346187,
  "summary_bg_mad": 158.67797304807513,
  "summary_bg_mean": 175.87843322753906,
  "summary_bg_median": 110.6066665649414,
  "summary_bg_n": 67549.0,
  "summary_bg_p05": 0.08666666597127914,
  "summary_bg_p95": 578.2186889648436,
  "summary_bg_stdv": 234.29531860351562,
  "summary_fg_k": 0.20241555023736435,
  "summary_fg_mad": 586.5668094529753,
  "summary_fg_mean": 3509.992431640625,
  "summary_fg_median": 3514.666748046875,
  "summary_fg_n": 23097.0,
  "summary_fg_p05": 2552.58798828125,
  "summary_fg_p95": 4519.414843750001,
  "summary_fg_stdv": 598.3760986328125,
  "tsnr": 62.67052561743185
}