{
  "aor": 0.0007365333333333333,
  "aqi": 0.004574134266666666,
  "bids_meta": {
    "EchoTime": 0.0036,
    "InstitutionName": "U of M FMRI",
    "Modality": "MR",
    "PatientPosition": "HFS",
    "RepetitionTime": 2.0,
    "SliceTiming": [
      0,
      0.069,
      0.138,
      0.207,
      0.276,
      0.345,
      0.414,
      0.483,
      0.552,
      0.621,
      0.69,
      0.759,
      0.828,
      0.897,
      0.966,
      1.035,
      1.104,
      1.173,
      1.242,
      1.311,
      1.38,
      1.449,
      1.518,
      1.587,
      1.656,
      1.725,
      1.794,
      1.863,
      1.932
    ],
    "TaskName": "reward",
    "dataset": "MLS",
    "modality": "bold",
    "run_id": 2,
    "session_id": "1",
    "subject_id": "159",
    "task_id": "reward"
  },
  "dummy_trs": 0,
  "dvars_nstd": 17.850119468791952,
  "dvars_std": 1.088193380671141,
  "dvars_vstd": 0.9832002386577189,
  "efc": 0.5547795500000813,
  "fber": 885.6124877929688,
  "fd_mean": 0.09867055588271345,
  "fd_num": 9,
  "fd_perc": 6.0,
  "fwhm_avg": 2.4694880666666665,
  "fwhm_x": 2.6220672,
  "fwhm_y": 2.868832,
  "fwhm_z": 1.917565,
  "gcor": 0.0288939,
  "gsr_x": 0.0027614657301455736,
  "gsr_y": 0.03208329901099205,
  "provenance": {
    "md5sum": "7e159dcd2a350979e0a7300831342b81",
    "settings": {
      "fd_thres": 0.2,
      "testing": false
    },
    "software": "mriqc",
    "version": "23.1.0rc0"
  },
  "size_t": 150,
  "size_x": 64,
  "size_y": 64,
  "size_z": 29,
  "snr": 6.4399648044971975,
  "spacing_tr": 1.0,
  "spacing_x": 3.125,
  "spacing_y": 3.125,
  "spacing_z": 4.0,
  "summary_bg_k": 21.189335737601308,
  "summary_bg_mad": 143.27867961235228,
  "summary_bg_mean": 150.21214294433594,
  "summary_bg_median": 99.93333435058594,
  "summary_bg_n": 64565.0,
  "summary_bg_p05": 0.03333333507180214,
  "summary_bg_p95": 508.0586853027339,
  "summary_bg_stdv": 204.25892639160156,
  "summary_fg_k": 0.8048967654181531,
  "summary_fg_mad": 434.24445298396324,
  "summary_fg_mean": 3037.07373046875,
  "summary_fg_median": 3036.93017578125,
  "summary_fg_n": 24940.0,
  "summary_fg_p05": 2274.3257568359377,
  "summary_fg_p95": 3820.442517089844,
  "summary_fg_stdv": 471.5661315917969,
  "tsnr": 78.25671326823067
}