{
  "aor": 0.0005918,
  "aqi": 0.004056291266666667,
  "bids_meta": {
    "EchoTime": 0.0036,
    "InstitutionName": "U of M FMRI",
    "Modality": "MR",
    "PatientPosition": "HFS",
    "RepetitionTime": 2.0,
    "SliceTiming": [
      0,
      0.069,
      0.138,
      0.207,
      0.276,
      0.345,
      0.414,
      0.483,
      0.552,
      0.621,
      0.69,
      0.759,
      0.828,
      0.897,
      0.966,
      1.035,
      1.104,
      1.173,
      1.242,
      1.311,
      1.38,
      1.449,
      1.518,
      1.587,
      1.656,
      1.725,
      1.794,
      1.863,
      1.932
    ],
    "TaskName": "reward",
    "dataset": "MLS",
    "modality": "bold",
    "run_id": 2,
    "session_id": "2",
    "subject_id": "168",
    "task_id": "reward"
  },
  "dummy_trs": 0,
  "dvars_nstd": 15.446445900201342,
  "dvars_std": 1.069835081073825,
  "dvars_vstd": 1.0052267971140936,
  "efc": 0.5457385709925391,
  "fber": 1092.852294921875,
  "fd_mean": 0.04857386083890928,
  "fd_num": 0,
  "fd_perc": 0.0,
  "fwhm_avg": 2.1516155666666665,
  "fwhm_x": 2.1388576,
  "fwhm_y": 2.5766816,
  "fwhm_z": 1.7393075,
  "gcor": 0.0325693,
  "gsr_x": 0.0024494160898029804,
  "gsr_y": 0.0324535109102726,
  "provenance": {
    "md5sum": "c59d2e8bf6c5e3785da82ed184a78e37",
    "settings": {
      "fd_thres": 0.2,
      "testing": false
    },
    "software": "mriqc",
    "version": "23.1.0rc0"
  },
  "size_t": 150,
  "size_x": 64,
  "size_y": 64,
  "size_z": 29,
  "snr": 8.240649907415051,
  "spacing_tr": 1.0,
  "spacing_x": 3.125,
  "spacing_y": 3.125,
  "spacing_z": 4.0,
  "summary_bg_k": 12.23144914169339,
  "summary_bg_mad": 370.68515111953354,
  "summary_bg_mean": 485.6872253417969,
  "summary_bg_median": 251.43667602539062,
  "summary_bg_n": 68146.0,
  "summary_bg_p05": 0.013333333656191826,
  "summary_bg_p95": 1913.8933715820312,
  "summary_bg_stdv": 712.2802734375,
  "summary_fg_k": 3.492174858069185,
  "summary_fg_mad": 906.9971096349566,
  "summary_fg_mean": 8283.7958984375,
  "summary_fg_median": 8359.8935546875,
  "summary_fg_n": 22685.0,
  "summary_fg_p05": 6590.56962890625,
  "summary_fg_p95": 9749.5599609375,
  "summary_fg_stdv": 1014.4478149414062,
  "tsnr": 92.32702473993413
}