{
  "aor": 0.0007850666666666667,
  "aqi": 0.0021378819333333333,
  "bids_meta": {
    "EchoTime": 0.0036,
    "InstitutionName": "U of M FMRI",
    "Modality": "MR",
    "PatientPosition": "HFS",
    "RepetitionTime": 2.0,
    "SliceTiming": [
      0,
      0.069,
      0.138,
      0.207,
      0.276,
      0.345,
      0.414,
      0.483,
      0.552,
      0.621,
      0.69,
      0.759,
      0.828,
      0.897,
      0.966,
      1.035,
      1.104,
      1.173,
      1.242,
      1.311,
      1.38,
      1.449,
      1.518,
      1.587,
      1.656,
      1.725,
      1.794,
      1.863,
      1.932
    ],
    "TaskName": "reward",
    "dataset": "MLS",
    "modality": "bold",
    "run_id": 1,
    "session_id": "1",
    "subject_id": "168",
    "task_id": "reward"
  },
  "dummy_trs": 0,
  "dvars_nstd": 14.359339343087255,
  "dvars_std": 1.1499479622818785,
  "dvars_vstd": 1.006971363959732,
  "efc": 0.5426574592760748,
  "fber": 1057.1876220703125,
  "fd_mean": 0.036606433418453314,
  "fd_num": 0,
  "fd_perc": 0.0,
  "fwhm_avg": 2.5799374,
  "fwhm_x": 2.6683808,
  "fwhm_y": 3.0504064,
  "fwhm_z": 2.021025,
  "gcor": 0.0434973,
  "gsr_x": -0.002835398307070136,
  "gsr_y": 0.03800278529524803,
  "provenance": {
    "md5sum": "efb6445476c7865ab0e851b2265b11b1",
    "settings": {
      "fd_thres": 0.2,
      "testing": false
    },
    "software": "mriqc",
    "version": "23.1.0rc0"
  },
  "size_t": 150,
  "size_x": 64,
  "size_y": 64,
  "size_z": 29,
  "snr": 6.440702649421654,
  "spacing_tr": 1.0,
  "spacing_x": 3.125,
  "spacing_y": 3.125,
  "spacing_z": 4.0,
  "summary_bg_k": 16.7821664711381,
  "summary_bg_mad": 153.8792834951798,
  "summary_bg_mean": 203.5213623046875,
  "summary_bg_median": 104.28333282470703,
  "summary_bg_n": 68684.0,
  "summary_bg_p05": 0.0,
  "summary_bg_p95": 810.3846771240233,
  "summary_bg_stdv": 296.09246826171875,
  "summary_fg_k": 0.7094944971270447,
  "summary_fg_mad": 515.0907953946855,
  "summary_fg_mean": 3396.258056640625,
  "summary_fg_median": 3423.9033203125,
  "summary_fg_n": 22218.0,
  "summary_fg_p05": 2521.4267822265624,
  "summary_fg_p95": 4238.015722656249,
  "summary_fg_stdv": 531.592041015625,
  "tsnr": 103.94452654570341
}