{
  "aor": 0.0008314666666666666,
  "aqi": 0.004474881866666666,
  "bids_meta": {
    "EchoTime": 0.0036,
    "InstitutionName": "U of M FMRI",
    "Modality": "MR",
    "PatientPosition": "HFS",
    "RepetitionTime": 2.0,
    "SliceTiming": [
      0,
      0.069,
      0.138,
      0.207,
      0.276,
      0.345,
      0.414,
      0.483,
      0.552,
      0.621,
      0.69,
      0.759,
      0.828,
      0.897,
      0.966,
      1.035,
      1.104,
      1.173,
      1.242,
      1.311,
      1.38,
      1.449,
      1.518,
      1.587,
      1.656,
      1.725,
      1.794,
      1.863,
      1.932
    ],
    "TaskName": "reward",
    "dataset": "MLS",
    "modality": "bold",
    "run_id": 1,
    "session_id": "2",
    "subject_id": "136",
    "task_id": "reward"
  },
  "dummy_trs": 0,
  "dvars_nstd": 20.882651956040267,
  "dvars_std": 1.3115944806711408,
  "dvars_vstd": 1.0046890181879196,
  "efc": 0.5391676342257709,
  "fber": 1058.251220703125,
  "fd_mean": 0.07986635651273641,
  "fd_num": 2,
  "fd_perc": 1.3333333333333333,
  "fwhm_avg": 2.3723389,
  "fwhm_x": 2.3934336,
  "fwhm_y": 2.7973056,
  "fwhm_z": 1.9262775,
  "gcor": 0.0173248,
  "gsr_x": 0.009790230542421341,
  "gsr_y": 0.035433195531368256,
  "provenance": {
    "md5sum": "a18b8ad0a7a90192fbaf38ed2aee4a60",
    "settings": {
      "fd_thres": 0.2,
      "testing": false
    },
    "software": "mriqc",
    "version": "23.1.0rc0"
  },
  "size_t": 150,
  "size_x": 64,
  "size_y": 64,
  "size_z": 29,
  "snr": 8.430772160633664,
  "spacing_tr": 1.0,
  "spacing_x": 3.125,
  "spacing_y": 3.125,
  "spacing_z": 4.0,
  "summary_bg_k": 17.14692349297818,
  "summary_bg_mad": 386.58358859353325,
  "summary_bg_mean": 458.6727600097656,
  "summary_bg_median": 264.2933349609375,
  "summary_bg_n": 68625.0,
  "summary_bg_p05": 0.07333333790302277,
  "summary_bg_p95": 1714.6374023437486,
  "summary_bg_stdv": 641.0379028320312,
  "summary_fg_k": 1.0912924073395853,
  "summary_fg_mad": 961.8678702569539,
  "summary_fg_mean": 8672.3037109375,
  "summary_fg_median": 8675.103515625,
  "summary_fg_n": 22122.0,
  "summary_fg_p05": 7016.967578125,
  "summary_fg_p95": 10338.081591796876,
  "summary_fg_stdv": 1028.9576416015625,
  "tsnr": 90.01775279524736
}