{
  "aor": 0.00043673333333333323,
  "aqi": 0.003921936666666667,
  "bids_meta": {
    "EchoTime": 0.0036,
    "InstitutionName": "U of M FMRI",
    "Modality": "MR",
    "PatientPosition": "HFS",
    "RepetitionTime": 2.0,
    "SliceTiming": [
      0,
      0.069,
      0.138,
      0.207,
      0.276,
      0.345,
      0.414,
      0.483,
      0.552,
      0.621,
      0.69,
      0.759,
      0.828,
      0.897,
      0.966,
      1.035,
      1.104,
      1.173,
      1.242,
      1.311,
      1.38,
      1.449,
      1.518,
      1.587,
      1.656,
      1.725,
      1.794,
      1.863,
      1.932
    ],
    "TaskName": "reward",
    "dataset": "MLS",
    "modality": "bold",
    "run_id": 1,
    "session_id": "1",
    "subject_id": "33",
    "task_id": "reward"
  },
  "dummy_trs": 0,
  "dvars_nstd": 18.408477667718124,
  "dvars_std": 1.0377100696644297,
  "dvars_vstd": 1.0006729785906043,
  "efc": 0.6070802468363588,
  "fber": 706.00048828125,
  "fd_mean": 0.049327809774096225,
  "fd_num": 0,
  "fd_perc": 0.0,
  "fwhm_avg": 2.4586295,
  "fwhm_x": 2.634624,
  "fwhm_y": 2.827552,
  "fwhm_z": 1.9137125,
  "gcor": 0.0171756,
  "gsr_x": 0.012467595748603344,
  "gsr_y": 0.05071134865283966,
  "provenance": {
    "md5sum": "c3a855e1c129e797c8d278a9995f7ca4",
    "settings": {
      "fd_thres": 0.2,
      "testing": false
    },
    "software": "mriqc",
    "version": "23.1.0rc0"
  },
  "size_t": 150,
  "size_x": 64,
  "size_y": 64,
  "size_z": 29,
  "snr": 6.31595311923442,
  "spacing_tr": 1.0,
  "spacing_x": 3.125,
  "spacing_y": 3.125,
  "spacing_z": 4.0,
  "summary_bg_k": 13.314198778765611,
  "summary_bg_mad": 106.25316140834755,
  "summary_bg_mean": 134.23793029785156,
  "summary_bg_median": 71.7933349609375,
  "summary_bg_n": 59151.0,
  "summary_bg_p05": 0.0,
  "summary_bg_p95": 482.4366760253906,
  "summary_bg_stdv": 183.36029052734375,
  "summary_fg_k": 0.8481731571061046,
  "summary_fg_mad": 292.19118006966625,
  "summary_fg_mean": 1978.556396484375,
  "summary_fg_median": 1970.320068359375,
  "summary_fg_n": 29878.0,
  "summary_fg_p05": 1504.0967163085938,
  "summary_fg_p95": 2503.519006347656,
  "summary_fg_stdv": 311.95404052734375,
  "tsnr": 74.33929139922839
}