{
  "aor": 0.0007737333333333335,
  "aqi": 0.003726767666666667,
  "bids_meta": {
    "EchoTime": 0.0036,
    "InstitutionName": "U of M FMRI",
    "Modality": "MR",
    "PatientPosition": "HFS",
    "RepetitionTime": 2.0,
    "SliceTiming": [
      0,
      0.069,
      0.138,
      0.207,
      0.276,
      0.345,
      0.414,
      0.483,
      0.552,
      0.621,
      0.69,
      0.759,
      0.828,
      0.897,
      0.966,
      1.035,
      1.104,
      1.173,
      1.242,
      1.311,
      1.38,
      1.449,
      1.518,
      1.587,
      1.656,
      1.725,
      1.794,
      1.863,
      1.932
    ],
    "TaskName": "reward",
    "dataset": "MLS",
    "modality": "bold",
    "run_id": 2,
    "session_id": "1",
    "subject_id": "33",
    "task_id": "reward"
  },
  "dummy_trs": 0,
  "dvars_nstd": 18.03574248456375,
  "dvars_std": 1.0312415860402686,
  "dvars_vstd": 1.0065058218120808,
  "efc": 0.6062979809123203,
  "fber": 696.0748901367188,
  "fd_mean": 0.05163902646133069,
  "fd_num": 2,
  "fd_perc": 1.3333333333333333,
  "fwhm_avg": 2.3978751999999997,
  "fwhm_x": 2.5695104,
  "fwhm_y": 2.7602751999999997,
  "fwhm_z": 1.86384,
  "gcor": 0.0160175,
  "gsr_x": 0.012539182789623737,
  "gsr_y": 0.046735674142837524,
  "provenance": {
    "md5sum": "147105ff9d391b82f690abef13a1e209",
    "settings": {
      "fd_thres": 0.2,
      "testing": false
    },
    "software": "mriqc",
    "version": "23.1.0rc0"
  },
  "size_t": 150,
  "size_x": 64,
  "size_y": 64,
  "size_z": 29,
  "snr": 6.1707461624062745,
  "spacing_tr": 1.0,
  "spacing_x": 3.125,
  "spacing_y": 3.125,
  "spacing_z": 4.0,
  "summary_bg_k": 15.833233037090082,
  "summary_bg_mad": 106.8956265731653,
  "summary_bg_mean": 134.37510681152344,
  "summary_bg_median": 72.30667114257812,
  "summary_bg_n": 59098.0,
  "summary_bg_p05": 0.0,
  "summary_bg_p95": 473.1203521728505,
  "summary_bg_stdv": 186.28427124023438,
  "summary_fg_k": 1.05871238416941,
  "summary_fg_mad": 296.29810766285937,
  "summary_fg_mean": 1979.39990234375,
  "summary_fg_median": 1971.726806640625,
  "summary_fg_n": 29944.0,
  "summary_fg_p05": 1487.7707153320312,
  "summary_fg_p95": 2515.7846435546876,
  "summary_fg_stdv": 319.52276611328125,
  "tsnr": 75.32215306488797
}