{
  "aor": 0.0011108000000000001,
  "aqi": 0.0031185307333333333,
  "bids_meta": {
    "EchoTime": 0.0036,
    "InstitutionName": "U of M FMRI",
    "Modality": "MR",
    "PatientPosition": "HFS",
    "RepetitionTime": 2.0,
    "SliceTiming": [
      0,
      0.069,
      0.138,
      0.207,
      0.276,
      0.345,
      0.414,
      0.483,
      0.552,
      0.621,
      0.69,
      0.759,
      0.828,
      0.897,
      0.966,
      1.035,
      1.104,
      1.173,
      1.242,
      1.311,
      1.38,
      1.449,
      1.518,
      1.587,
      1.656,
      1.725,
      1.794,
      1.863,
      1.932
    ],
    "TaskName": "reward",
    "dataset": "MLS",
    "modality": "bold",
    "run_id": 2,
    "session_id": "1",
    "subject_id": "41",
    "task_id": "reward"
  },
  "dummy_trs": 0,
  "dvars_nstd": 16.241767333154367,
  "dvars_std": 1.144180039463087,
  "dvars_vstd": 1.0104262076510069,
  "efc": 0.5256811247825817,
  "fber": 1929.227783203125,
  "fd_mean": 0.09258295446178626,
  "fd_num": 4,
  "fd_perc": 2.6666666666666665,
  "fwhm_avg": 2.4042269,
  "fwhm_x": 2.5086752000000003,
  "fwhm_y": 2.806048,
  "fwhm_z": 1.8979575,
  "gcor": 0.0391496,
  "gsr_x": -0.0005859803641214967,
  "gsr_y": 0.03783663734793663,
  "provenance": {
    "md5sum": "eda877a45e3ccab00336a45a476fde70",
    "settings": {
      "fd_thres": 0.2,
      "testing": false
    },
    "software": "mriqc",
    "version": "23.1.0rc0"
  },
  "size_t": 150,
  "size_x": 64,
  "size_y": 64,
  "size_z": 29,
  "snr": 6.51168021368436,
  "spacing_tr": 1.0,
  "spacing_x": 3.125,
  "spacing_y": 3.125,
  "spacing_z": 4.0,
  "summary_bg_k": 32.54615658785364,
  "summary_bg_mad": 115.81594640699451,
  "summary_bg_mean": 144.7765350341797,
  "summary_bg_median": 79.01000213623047,
  "summary_bg_n": 67628.0,
  "summary_bg_p05": 0.0,
  "summary_bg_p95": 531.3500061035121,
  "summary_bg_stdv": 234.57272338867188,
  "summary_fg_k": 1.1581103053575816,
  "summary_fg_mad": 474.04721886644387,
  "summary_fg_mean": 3487.76318359375,
  "summary_fg_median": 3489.626708984375,
  "summary_fg_n": 22975.0,
  "summary_fg_p05": 2616.590087890625,
  "summary_fg_p95": 4370.22412109375,
  "summary_fg_stdv": 535.8909912109375,
  "tsnr": 95.18968343618326
}