{
  "aor": 0.0010064,
  "aqi": 0.004475717533333333,
  "bids_meta": {
    "EchoTime": 0.0036,
    "InstitutionName": "U of M FMRI",
    "Modality": "MR",
    "PatientPosition": "HFS",
    "RepetitionTime": 2.0,
    "SliceTiming": [
      0,
      0.069,
      0.138,
      0.207,
      0.276,
      0.345,
      0.414,
      0.483,
      0.552,
      0.621,
      0.69,
      0.759,
      0.828,
      0.897,
      0.966,
      1.035,
      1.104,
      1.173,
      1.242,
      1.311,
      1.38,
      1.449,
      1.518,
      1.587,
      1.656,
      1.725,
      1.794,
      1.863,
      1.932
    ],
    "TaskName": "reward",
    "dataset": "MLS",
    "modality": "bold",
    "run_id": 1,
    "session_id": "2",
    "subject_id": "110",
    "task_id": "reward"
  },
  "dummy_trs": 0,
  "dvars_nstd": 20.443402028255033,
  "dvars_std": 1.0788630536241606,
  "dvars_vstd": 1.0179286731543624,
  "efc": 0.6178231877020365,
  "fber": 776.2672119140625,
  "fd_mean": 0.08297434479232207,
  "fd_num": 8,
  "fd_perc": 5.333333333333333,
  "fwhm_avg": 2.4283310333333334,
  "fwhm_x": 2.5308128,
  "fwhm_y": 2.8686528,
  "fwhm_z": 1.8855275,
  "gcor": 0.0570503,
  "gsr_x": 0.016163254156708717,
  "gsr_y": 0.04457457736134529,
  "provenance": {
    "md5sum": "f154570acdec3916ddac20a4bff8d5f5",
    "settings": {
      "fd_thres": 0.2,
      "testing": false
    },
    "software": "mriqc",
    "version": "23.1.0rc0"
  },
  "size_t": 150,
  "size_x": 64,
  "size_y": 64,
  "size_z": 29,
  "snr": 5.982472239189169,
  "spacing_tr": 1.0,
  "spacing_x": 3.125,
  "spacing_y": 3.125,
  "spacing_z": 4.0,
  "summary_bg_k": 10.529183475816179,
  "summary_bg_mad": 77.45114039490673,
  "summary_bg_mean": 92.67691802978516,
  "summary_bg_median": 52.62666702270508,
  "summary_bg_n": 55521.0,
  "summary_bg_p05": 0.0,
  "summary_bg_p95": 333.9266662597656,
  "summary_bg_stdv": 124.80554962158203,
  "summary_fg_k": 1.560450771707492,
  "summary_fg_mad": 222.95372885814106,
  "summary_fg_mean": 1552.262939453125,
  "summary_fg_median": 1548.96337890625,
  "summary_fg_n": 32596.0,
  "summary_fg_p05": 1140.2733764648438,
  "summary_fg_p95": 1978.481689453125,
  "summary_fg_stdv": 258.9129638671875,
  "tsnr": 67.87891867337748
}