{
  "aor": 0.0006248666666666667,
  "aqi": 0.004296052266666667,
  "bids_meta": {
    "EchoTime": 0.0036,
    "InstitutionName": "U of M FMRI",
    "Modality": "MR",
    "PatientPosition": "HFS",
    "RepetitionTime": 2.0,
    "SliceTiming": [
      0,
      0.069,
      0.138,
      0.207,
      0.276,
      0.345,
      0.414,
      0.483,
      0.552,
      0.621,
      0.69,
      0.759,
      0.828,
      0.897,
      0.966,
      1.035,
      1.104,
      1.173,
      1.242,
      1.311,
      1.38,
      1.449,
      1.518,
      1.587,
      1.656,
      1.725,
      1.794,
      1.863,
      1.932
    ],
    "TaskName": "reward",
    "dataset": "MLS",
    "modality": "bold",
    "run_id": 2,
    "session_id": "2",
    "subject_id": "110",
    "task_id": "reward"
  },
  "dummy_trs": 0,
  "dvars_nstd": 20.899402874765105,
  "dvars_std": 1.0710337532214766,
  "dvars_vstd": 1.0073710716107382,
  "efc": 0.6189265075886995,
  "fber": 729.5025634765625,
  "fd_mean": 0.08056889975814216,
  "fd_num": 6,
  "fd_perc": 4.0,
  "fwhm_avg": 2.3818418666666665,
  "fwhm_x": 2.4751808,
  "fwhm_y": 2.8071648,
  "fwhm_z": 1.86318,
  "gcor": 0.0451274,
  "gsr_x": 0.015544644556939602,
  "gsr_y": 0.0437534898519516,
  "provenance": {
    "md5sum": "d271b938b635adf8d86a54b9c7e922f1",
    "settings": {
      "fd_thres": 0.2,
      "testing": false
    },
    "software": "mriqc",
    "version": "23.1.0rc0"
  },
  "size_t": 150,
  "size_x": 64,
  "size_y": 64,
  "size_z": 29,
  "snr": 5.976433335917944,
  "spacing_tr": 1.0,
  "spacing_x": 3.125,
  "spacing_y": 3.125,
  "spacing_z": 4.0,
  "summary_bg_k": 9.65213862326145,
  "summary_bg_mad": 79.7046979921913,
  "summary_bg_mean": 94.35725402832031,
  "summary_bg_median": 54.08000183105469,
  "summary_bg_n": 55511.0,
  "summary_bg_p05": 0.0,
  "summary_bg_p95": 340.10333251953125,
  "summary_bg_stdv": 125.83047485351562,
  "summary_fg_k": 1.4217186187297122,
  "summary_fg_mad": 227.37683150940666,
  "summary_fg_mean": 1553.4581298828125,
  "summary_fg_median": 1548.570068359375,
  "summary_fg_n": 32520.0,
  "summary_fg_p05": 1145.1386840820312,
  "summary_fg_p95": 1982.1609924316406,
  "summary_fg_stdv": 259.1087646484375,
  "tsnr": 68.9765600238461
}