{
  "bids_meta": {
    "AcquisitionMatrixPE": 160,
    "CoilString": "HEAD",
    "EchoTime": 0.001784,
    "FlipAngle": 15,
    "ImageType": [
      "ORIGINAL",
      "PRIMARY",
      "OTHER"
    ],
    "InPlanePhaseEncodingDirectionDICOM": "ROW",
    "InstitutionName": "U of M FMRi",
    "InversionTime": 0.4,
    "MRAcquisitionType": "3D",
    "Modality": "MR",
    "PatientPosition": "HFS",
    "PercentPhaseFOV": 100,
    "PercentSampling": 100,
    "ReconMatrixPE": 256,
    "RepetitionTime": 0.008948,
    "SAR": 0.017417,
    "ScanningSequence": "GR",
    "SeriesDescription": "3d spgr IR axial",
    "dataset": "MLS",
    "modality": "T1w",
    "session_id": "2",
    "subject_id": "11"
  },
  "cjv": 0.31038434238507034,
  "cnr": 4.462744172024786,
  "efc": 0.6756998824722187,
  "fber": 12266.634297606659,
  "fwhm_avg": 5.2267314507254214,
  "fwhm_x": 5.84309,
  "fwhm_y": 5.93444,
  "fwhm_z": 3.9026643521762634,
  "icvs_csf": 0.2103413757623315,
  "icvs_gm": 0.44216845857297027,
  "icvs_wm": 0.34749016566469826,
  "inu_med": 0.532755970954895,
  "inu_range": 0.2713047578930855,
  "provenance": {
    "md5sum": "019ac27feed9f9a32cf367a7d7f72aef",
    "settings": {
      "testing": false
    },
    "software": "mriqc",
    "version": "23.1.0rc0",
    "warnings": {
      "large_rot_frame": true,
      "small_air_mask": false
    }
  },
  "qi_1": 0.0,
  "qi_2": 0.0028861558507852804,
  "rpve_csf": 12.605407272985593,
  "rpve_gm": 6.378013126788397,
  "rpve_wm": 9.531988912428174,
  "size_x": 202,
  "size_y": 187,
  "size_z": 105,
  "snr_csf": 2.152066695417701,
  "snr_gm": 12.911500393695794,
  "snr_total": 13.506083955526805,
  "snr_wm": 25.45468477746692,
  "snrd_csf": 20.017188823315315,
  "snrd_gm": 48.552242800207736,
  "snrd_total": 46.02152302936016,
  "snrd_wm": 69.49513746455743,
  "spacing_x": 1.0,
  "spacing_y": 1.0,
  "spacing_z": 1.399999976158142,
  "summary_bg_k": 9.339248254593267,
  "summary_bg_mad": 0.0,
  "summary_bg_mean": 5.867272639872777,
  "summary_bg_median": 0.0,
  "summary_bg_n": 579973.0,
  "summary_bg_p05": 0.0,
  "summary_bg_p95": 25.063150878995657,
  "summary_bg_stdv": 9.427454527068369,
  "summary_csf_k": 49.14996649071356,
  "summary_csf_mad": 83.15352547926008,
  "summary_csf_mean": 306.30543915327524,
  "summary_csf_median": 288.0486222282052,
  "summary_csf_n": 12107.0,
  "summary_csf_p05": 152.5813049890101,
  "summary_csf_p95": 488.8853733032941,
  "summary_csf_stdv": 133.84191421306045,
  "summary_gm_k": -0.04320481777555951,
  "summary_gm_mad": 55.62098942155997,
  "summary_gm_mean": 695.6973635813449,
  "summary_gm_median": 698.6698665898293,
  "summary_gm_n": 19352.0,
  "summary_gm_p05": 602.2260726168752,
  "summary_gm_p95": 777.826006885618,
  "summary_gm_stdv": 54.11081543076308,
  "summary_wm_k": 0.48403528782588134,
  "summary_wm_mad": 37.91941204121079,
  "summary_wm_mean": 1003.0061565422089,
  "summary_wm_median": 1000.0394548363984,
  "summary_wm_n": 108460.0,
  "summary_wm_p05": 943.7953760921955,
  "summary_wm_p95": 1071.0846069343388,
  "summary_wm_stdv": 39.28686814989245,
  "tpm_overlap_csf": 0.1639793459478829,
  "tpm_overlap_gm": 0.4861145294650133,
  "tpm_overlap_wm": 0.5183639706376489,
  "wm2max": 0.43025842055694596
}