{
  "aor": 0.0011021333333333335,
  "aqi": 0.009964516800000002,
  "bids_meta": {
    "EchoTime": 0.0036,
    "InstitutionName": "U of M FMRI",
    "Modality": "MR",
    "PatientPosition": "HFS",
    "RepetitionTime": 2.0,
    "SliceTiming": [
      0,
      0.069,
      0.138,
      0.207,
      0.276,
      0.345,
      0.414,
      0.483,
      0.552,
      0.621,
      0.69,
      0.759,
      0.828,
      0.897,
      0.966,
      1.035,
      1.104,
      1.173,
      1.242,
      1.311,
      1.38,
      1.449,
      1.518,
      1.587,
      1.656,
      1.725,
      1.794,
      1.863,
      1.932
    ],
    "TaskName": "reward",
    "dataset": "MLS",
    "modality": "bold",
    "run_id": 1,
    "session_id": "1",
    "subject_id": "37",
    "task_id": "reward"
  },
  "dummy_trs": 0,
  "dvars_nstd": 18.03618041932886,
  "dvars_std": 0.9564706646979868,
  "dvars_vstd": 0.9481337229530205,
  "efc": 0.6002808258578964,
  "fber": 789.29150390625,
  "fd_mean": 0.10618569047171755,
  "fd_num": 9,
  "fd_perc": 6.0,
  "fwhm_avg": 2.1088551,
  "fwhm_x": 2.185664,
  "fwhm_y": 2.4797888,
  "fwhm_z": 1.6611125,
  "gcor": 0.0514952,
  "gsr_x": -0.001615174114704132,
  "gsr_y": 0.044118985533714294,
  "provenance": {
    "md5sum": "36bbdf471fa63e1d5b2cfbde42a9fa76",
    "settings": {
      "fd_thres": 0.2,
      "testing": false
    },
    "software": "mriqc",
    "version": "23.1.0rc0"
  },
  "size_t": 150,
  "size_x": 64,
  "size_y": 64,
  "size_z": 29,
  "snr": 7.199563083211297,
  "spacing_tr": 1.0,
  "spacing_x": 3.125,
  "spacing_y": 3.125,
  "spacing_z": 4.0,
  "summary_bg_k": 21.944128608190233,
  "summary_bg_mad": 147.86980611304529,
  "summary_bg_mean": 170.9226531982422,
  "summary_bg_median": 100.71333312988281,
  "summary_bg_n": 58392.0,
  "summary_bg_p05": 0.03999999910593033,
  "summary_bg_p95": 621.0066528320312,
  "summary_bg_stdv": 248.33189392089844,
  "summary_fg_k": 1.620953794547681,
  "summary_fg_mad": 383.44541901137245,
  "summary_fg_mean": 2972.653564453125,
  "summary_fg_median": 2950.796630859375,
  "summary_fg_n": 30070.0,
  "summary_fg_p05": 2374.340673828125,
  "summary_fg_p95": 3639.8814086914062,
  "summary_fg_stdv": 409.8509216308594,
  "tsnr": 61.202920477837324
}