{
  "aor": 0.0007240666666666666,
  "aqi": 0.01106758,
  "bids_meta": {
    "EchoTime": 0.0036,
    "InstitutionName": "U of M FMRI",
    "Modality": "MR",
    "PatientPosition": "HFS",
    "RepetitionTime": 2.0,
    "SliceTiming": [
      0,
      0.069,
      0.138,
      0.207,
      0.276,
      0.345,
      0.414,
      0.483,
      0.552,
      0.621,
      0.69,
      0.759,
      0.828,
      0.897,
      0.966,
      1.035,
      1.104,
      1.173,
      1.242,
      1.311,
      1.38,
      1.449,
      1.518,
      1.587,
      1.656,
      1.725,
      1.794,
      1.863,
      1.932
    ],
    "TaskName": "reward",
    "dataset": "MLS",
    "modality": "bold",
    "run_id": 1,
    "session_id": "1",
    "subject_id": "08",
    "task_id": "reward"
  },
  "dummy_trs": 0,
  "dvars_nstd": 20.58283705979865,
  "dvars_std": 0.9930939706040273,
  "dvars_vstd": 0.95797640295302,
  "efc": 0.5786605452150724,
  "fber": 807.9262084960938,
  "fd_mean": 0.09892707011017766,
  "fd_num": 12,
  "fd_perc": 8.0,
  "fwhm_avg": 2.4088306,
  "fwhm_x": 2.4999936,
  "fwhm_y": 2.8614432,
  "fwhm_z": 1.865055,
  "gcor": 0.0288132,
  "gsr_x": 0.0037941141054034233,
  "gsr_y": 0.04433672875165939,
  "provenance": {
    "md5sum": "87f291e132cb29fc1143516681d08312",
    "settings": {
      "fd_thres": 0.2,
      "testing": false
    },
    "software": "mriqc",
    "version": "23.1.0rc0"
  },
  "size_t": 150,
  "size_x": 64,
  "size_y": 64,
  "size_z": 29,
  "snr": 6.664761717358649,
  "spacing_tr": 1.0,
  "spacing_x": 3.125,
  "spacing_y": 3.125,
  "spacing_z": 4.0,
  "summary_bg_k": 11.887342406929355,
  "summary_bg_mad": 146.94564860694078,
  "summary_bg_mean": 170.12765502929688,
  "summary_bg_median": 100.96666717529297,
  "summary_bg_n": 62721.0,
  "summary_bg_p05": 0.0533333346247673,
  "summary_bg_p95": 617.2200317382812,
  "summary_bg_stdv": 226.50247192382812,
  "summary_fg_k": 0.899297246557194,
  "summary_fg_mad": 400.77713305619534,
  "summary_fg_mean": 2894.00537109375,
  "summary_fg_median": 2892.14013671875,
  "summary_fg_n": 27001.0,
  "summary_fg_p05": 2210.79345703125,
  "summary_fg_p95": 3616.766845703125,
  "summary_fg_stdv": 433.9369812011719,
  "tsnr": 56.58431195723824
}