{
  "aor": 0.0043218,
  "aqi": 0.005285929733333333,
  "bids_meta": {
    "EchoTime": 0.0036,
    "InstitutionName": "U of M FMRI",
    "Modality": "MR",
    "PatientPosition": "HFS",
    "RepetitionTime": 2.0,
    "SliceTiming": [
      0,
      0.069,
      0.138,
      0.207,
      0.276,
      0.345,
      0.414,
      0.483,
      0.552,
      0.621,
      0.69,
      0.759,
      0.828,
      0.897,
      0.966,
      1.035,
      1.104,
      1.173,
      1.242,
      1.311,
      1.38,
      1.449,
      1.518,
      1.587,
      1.656,
      1.725,
      1.794,
      1.863,
      1.932
    ],
    "TaskName": "reward",
    "dataset": "MLS",
    "modality": "bold",
    "run_id": 2,
    "session_id": "1",
    "subject_id": "08",
    "task_id": "reward"
  },
  "dummy_trs": 0,
  "dvars_nstd": 21.001140812147657,
  "dvars_std": 1.1249002369127514,
  "dvars_vstd": 1.05774786033557,
  "efc": 0.5800135670035577,
  "fber": 815.3880615234375,
  "fd_mean": 0.08918298514115916,
  "fd_num": 5,
  "fd_perc": 3.3333333333333335,
  "fwhm_avg": 2.4262105000000003,
  "fwhm_x": 2.5087264,
  "fwhm_y": 2.8457376,
  "fwhm_z": 1.9241675,
  "gcor": 0.0865205,
  "gsr_x": 0.006651297211647034,
  "gsr_y": 0.04664549231529236,
  "provenance": {
    "md5sum": "9b7f67ffc90174b11fa5b625b526bed5",
    "settings": {
      "fd_thres": 0.2,
      "testing": false
    },
    "software": "mriqc",
    "version": "23.1.0rc0"
  },
  "size_t": 150,
  "size_x": 64,
  "size_y": 64,
  "size_z": 29,
  "snr": 6.741972029389394,
  "spacing_tr": 1.0,
  "spacing_x": 3.125,
  "spacing_y": 3.125,
  "spacing_z": 4.0,
  "summary_bg_k": 10.254648707126561,
  "summary_bg_mad": 146.45145160843467,
  "summary_bg_mean": 173.52720642089844,
  "summary_bg_median": 99.30000305175781,
  "summary_bg_n": 62747.0,
  "summary_bg_p05": 0.013333333656191826,
  "summary_bg_p95": 647.0380249023438,
  "summary_bg_stdv": 231.1074676513672,
  "summary_fg_k": 0.9965053005723821,
  "summary_fg_mad": 392.4449158274625,
  "summary_fg_mean": 2896.936279296875,
  "summary_fg_median": 2899.916748046875,
  "summary_fg_n": 26846.0,
  "summary_fg_p05": 2208.13671875,
  "summary_fg_p95": 3605.7518310546875,
  "summary_fg_stdv": 430.120849609375,
  "tsnr": 65.43832136981655
}