{
  "aor": 0.0009416666666666666,
  "aqi": 0.0038242641333333335,
  "bids_meta": {
    "EchoTime": 0.0036,
    "InstitutionName": "U of M FMRI",
    "Modality": "MR",
    "PatientPosition": "HFS",
    "RepetitionTime": 2.0,
    "SliceTiming": [
      0,
      0.069,
      0.138,
      0.207,
      0.276,
      0.345,
      0.414,
      0.483,
      0.552,
      0.621,
      0.69,
      0.759,
      0.828,
      0.897,
      0.966,
      1.035,
      1.104,
      1.173,
      1.242,
      1.311,
      1.38,
      1.449,
      1.518,
      1.587,
      1.656,
      1.725,
      1.794,
      1.863,
      1.932
    ],
    "TaskName": "reward",
    "dataset": "MLS",
    "modality": "bold",
    "run_id": 1,
    "session_id": "1",
    "subject_id": "16",
    "task_id": "reward"
  },
  "dummy_trs": 0,
  "dvars_nstd": 17.15226262389262,
  "dvars_std": 1.050301856912752,
  "dvars_vstd": 0.9810300009395971,
  "efc": 0.5411153575575619,
  "fber": 923.0228271484375,
  "fd_mean": 0.07185564394247779,
  "fd_num": 6,
  "fd_perc": 4.0,
  "fwhm_avg": 2.679592833333334,
  "fwhm_x": 2.8259744,
  "fwhm_y": 3.1556416,
  "fwhm_z": 2.0571625,
  "gcor": 0.00958318,
  "gsr_x": 0.008435088209807873,
  "gsr_y": 0.03072725050151348,
  "provenance": {
    "md5sum": "9801e98b082937583442ce6913ba623e",
    "settings": {
      "fd_thres": 0.2,
      "testing": false
    },
    "software": "mriqc",
    "version": "23.1.0rc0"
  },
  "size_t": 150,
  "size_x": 64,
  "size_y": 64,
  "size_z": 29,
  "snr": 5.696019563531854,
  "spacing_tr": 1.0,
  "spacing_x": 3.125,
  "spacing_y": 3.125,
  "spacing_z": 4.0,
  "summary_bg_k": 18.792230196353714,
  "summary_bg_mad": 133.71095888529183,
  "summary_bg_mean": 151.1497802734375,
  "summary_bg_median": 94.59333801269531,
  "summary_bg_n": 67541.0,
  "summary_bg_p05": 0.02666666731238365,
  "summary_bg_p95": 498.8600158691406,
  "summary_bg_stdv": 203.18418884277344,
  "summary_fg_k": 0.29851559998106714,
  "summary_fg_mad": 487.8452649039033,
  "summary_fg_mean": 2930.830078125,
  "summary_fg_median": 2932.32666015625,
  "summary_fg_n": 23094.0,
  "summary_fg_p05": 2097.15810546875,
  "summary_fg_p95": 3798.3335205078124,
  "summary_fg_stdv": 514.7916259765625,
  "tsnr": 71.66744503681548
}