{
  "aor": 0.0008659333333333332,
  "aqi": 0.0034381018666666666,
  "bids_meta": {
    "EchoTime": 0.0036,
    "InstitutionName": "U of M FMRI",
    "Modality": "MR",
    "PatientPosition": "HFS",
    "RepetitionTime": 2.0,
    "SliceTiming": [
      0,
      0.069,
      0.138,
      0.207,
      0.276,
      0.345,
      0.414,
      0.483,
      0.552,
      0.621,
      0.69,
      0.759,
      0.828,
      0.897,
      0.966,
      1.035,
      1.104,
      1.173,
      1.242,
      1.311,
      1.38,
      1.449,
      1.518,
      1.587,
      1.656,
      1.725,
      1.794,
      1.863,
      1.932
    ],
    "TaskName": "reward",
    "dataset": "MLS",
    "modality": "bold",
    "run_id": 2,
    "session_id": "1",
    "subject_id": "102",
    "task_id": "reward"
  },
  "dummy_trs": 0,
  "dvars_nstd": 18.501151795234893,
  "dvars_std": 1.1157300683221476,
  "dvars_vstd": 0.9945656519463089,
  "efc": 0.5442714586531362,
  "fber": 1004.9805908203125,
  "fd_mean": 0.11725970802109184,
  "fd_num": 13,
  "fd_perc": 8.666666666666666,
  "fwhm_avg": 2.8082204,
  "fwhm_x": 2.9936512,
  "fwhm_y": 3.30992,
  "fwhm_z": 2.12109,
  "gcor": 0.0238943,
  "gsr_x": 0.00139244319871068,
  "gsr_y": 0.03790362551808357,
  "provenance": {
    "md5sum": "46e2a43b0a1405f1f0777cd3c9ad4d54",
    "settings": {
      "fd_thres": 0.2,
      "testing": false
    },
    "software": "mriqc",
    "version": "23.1.0rc0"
  },
  "size_t": 150,
  "size_x": 64,
  "size_y": 64,
  "size_z": 29,
  "snr": 5.859364685664865,
  "spacing_tr": 1.0,
  "spacing_x": 3.125,
  "spacing_y": 3.125,
  "spacing_z": 4.0,
  "summary_bg_k": 23.25064888737313,
  "summary_bg_mad": 143.2737422049092,
  "summary_bg_mean": 161.6572723388672,
  "summary_bg_median": 98.59000396728516,
  "summary_bg_n": 66206.0,
  "summary_bg_p05": 0.03999999910593033,
  "summary_bg_p95": 551.4416656494141,
  "summary_bg_stdv": 232.6503143310547,
  "summary_fg_k": 0.5008493546636545,
  "summary_fg_mad": 525.9531370148622,
  "summary_fg_mean": 3187.021240234375,
  "summary_fg_median": 3192.3701171875,
  "summary_fg_n": 23672.0,
  "summary_fg_p05": 2306.7273559570312,
  "summary_fg_p95": 4075.048388671875,
  "summary_fg_stdv": 544.8206176757812,
  "tsnr": 77.89011956984177
}