{
  "aor": 0.0008882000000000001,
  "aqi": 0.004396528,
  "bids_meta": {
    "EchoTime": 0.0036,
    "InstitutionName": "U of M FMRI",
    "Modality": "MR",
    "PatientPosition": "HFS",
    "RepetitionTime": 2.0,
    "SliceTiming": [
      0,
      0.069,
      0.138,
      0.207,
      0.276,
      0.345,
      0.414,
      0.483,
      0.552,
      0.621,
      0.69,
      0.759,
      0.828,
      0.897,
      0.966,
      1.035,
      1.104,
      1.173,
      1.242,
      1.311,
      1.38,
      1.449,
      1.518,
      1.587,
      1.656,
      1.725,
      1.794,
      1.863,
      1.932
    ],
    "TaskName": "reward",
    "dataset": "MLS",
    "modality": "bold",
    "run_id": 1,
    "session_id": "2",
    "subject_id": "160",
    "task_id": "reward"
  },
  "dummy_trs": 0,
  "dvars_nstd": 17.427369847181215,
  "dvars_std": 1.1619443307382546,
  "dvars_vstd": 1.0100677603355706,
  "efc": 0.5791474002705553,
  "fber": 1233.9990234375,
  "fd_mean": 0.08244226578941152,
  "fd_num": 2,
  "fd_perc": 1.3333333333333333,
  "fwhm_avg": 2.300240433333333,
  "fwhm_x": 2.3421312,
  "fwhm_y": 2.7186976,
  "fwhm_z": 1.8398925,
  "gcor": 0.0228337,
  "gsr_x": -0.0012095223646610975,
  "gsr_y": 0.04341306909918785,
  "provenance": {
    "md5sum": "172c98b818940d0461a23335caa241cf",
    "settings": {
      "fd_thres": 0.2,
      "testing": false
    },
    "software": "mriqc",
    "version": "23.1.0rc0"
  },
  "size_t": 150,
  "size_x": 64,
  "size_y": 64,
  "size_z": 29,
  "snr": 8.236924855037053,
  "spacing_tr": 1.0,
  "spacing_x": 3.125,
  "spacing_y": 3.125,
  "spacing_z": 4.0,
  "summary_bg_k": 12.971740350445858,
  "summary_bg_mad": 263.9723977777009,
  "summary_bg_mean": 342.4017333984375,
  "summary_bg_median": 180.5933380126953,
  "summary_bg_n": 61571.0,
  "summary_bg_p05": 0.006666666828095913,
  "summary_bg_p95": 1285.2999877929688,
  "summary_bg_stdv": 492.441650390625,
  "summary_fg_k": 2.555670033507954,
  "summary_fg_mad": 707.2707552061646,
  "summary_fg_mean": 6532.92138671875,
  "summary_fg_median": 6580.43994140625,
  "summary_fg_n": 27687.0,
  "summary_fg_p05": 5192.598095703125,
  "summary_fg_p95": 7717.89482421875,
  "summary_fg_stdv": 798.8807983398438,
  "tsnr": 93.6078862985596
}