{
  "aor": 0.0006010666666666666,
  "aqi": 0.004897981733333333,
  "bids_meta": {
    "EchoTime": 0.0036,
    "InstitutionName": "U of M FMRI",
    "Modality": "MR",
    "PatientPosition": "HFS",
    "RepetitionTime": 2.0,
    "SliceTiming": [
      0,
      0.069,
      0.138,
      0.207,
      0.276,
      0.345,
      0.414,
      0.483,
      0.552,
      0.621,
      0.69,
      0.759,
      0.828,
      0.897,
      0.966,
      1.035,
      1.104,
      1.173,
      1.242,
      1.311,
      1.38,
      1.449,
      1.518,
      1.587,
      1.656,
      1.725,
      1.794,
      1.863,
      1.932
    ],
    "TaskName": "reward",
    "dataset": "MLS",
    "modality": "bold",
    "run_id": 2,
    "session_id": "2",
    "subject_id": "160",
    "task_id": "reward"
  },
  "dummy_trs": 0,
  "dvars_nstd": 17.653584839127504,
  "dvars_std": 1.161572531543624,
  "dvars_vstd": 1.0021372154362411,
  "efc": 0.5796888757226254,
  "fber": 1200.7506103515625,
  "fd_mean": 0.08285195950875307,
  "fd_num": 3,
  "fd_perc": 2.0,
  "fwhm_avg": 2.2174178666666666,
  "fwhm_x": 2.2465791999999998,
  "fwhm_y": 2.6227744,
  "fwhm_z": 1.7829,
  "gcor": 0.0221765,
  "gsr_x": -0.00029124136199243367,
  "gsr_y": 0.04366240277886391,
  "provenance": {
    "md5sum": "71ec987d459dc5e6a29a734218de80ae",
    "settings": {
      "fd_thres": 0.2,
      "testing": false
    },
    "software": "mriqc",
    "version": "23.1.0rc0"
  },
  "size_t": 150,
  "size_x": 64,
  "size_y": 64,
  "size_z": 29,
  "snr": 8.361991098934885,
  "spacing_tr": 1.0,
  "spacing_x": 3.125,
  "spacing_y": 3.125,
  "spacing_z": 4.0,
  "summary_bg_k": 14.813982760764333,
  "summary_bg_mad": 268.3460750999482,
  "summary_bg_mean": 343.6957092285156,
  "summary_bg_median": 183.32000732421875,
  "summary_bg_n": 61448.0,
  "summary_bg_p05": 0.02666666731238365,
  "summary_bg_p95": 1268.2103637695309,
  "summary_bg_stdv": 490.249755859375,
  "summary_fg_k": 2.532215888106614,
  "summary_fg_mad": 696.4770056563997,
  "summary_fg_mean": 6534.3212890625,
  "summary_fg_median": 6576.02685546875,
  "summary_fg_n": 27850.0,
  "summary_fg_p05": 5239.14658203125,
  "summary_fg_p95": 7707.2086181640625,
  "summary_fg_stdv": 786.4046630859375,
  "tsnr": 91.95608940301463
}