{
  "aor": 0.005324066666666667,
  "aqi": 0.0148319544,
  "bids_meta": {
    "EchoTime": 0.0036,
    "InstitutionName": "U of M FMRI",
    "Modality": "MR",
    "PatientPosition": "HFS",
    "RepetitionTime": 2.0,
    "SliceTiming": [
      0,
      0.069,
      0.138,
      0.207,
      0.276,
      0.345,
      0.414,
      0.483,
      0.552,
      0.621,
      0.69,
      0.759,
      0.828,
      0.897,
      0.966,
      1.035,
      1.104,
      1.173,
      1.242,
      1.311,
      1.38,
      1.449,
      1.518,
      1.587,
      1.656,
      1.725,
      1.794,
      1.863,
      1.932
    ],
    "TaskName": "reward",
    "dataset": "MLS",
    "modality": "bold",
    "run_id": 1,
    "session_id": "1",
    "subject_id": "247",
    "task_id": "reward"
  },
  "dummy_trs": 0,
  "dvars_nstd": 19.651419761140936,
  "dvars_std": 1.133435761610739,
  "dvars_vstd": 1.0056671800000005,
  "efc": 0.5214451645034289,
  "fber": 2277.423583984375,
  "fd_mean": 0.19975941983494583,
  "fd_num": 57,
  "fd_perc": 38.0,
  "fwhm_avg": 2.2900145666666667,
  "fwhm_x": 2.4040832,
  "fwhm_y": 2.622128,
  "fwhm_z": 1.8438325,
  "gcor": 0.07657,
  "gsr_x": -0.0012035463005304337,
  "gsr_y": 0.02100844494998455,
  "provenance": {
    "md5sum": "0001de143c1648bb07ebb61124da7a57",
    "settings": {
      "fd_thres": 0.2,
      "testing": false
    },
    "software": "mriqc",
    "version": "23.1.0rc0"
  },
  "size_t": 150,
  "size_x": 64,
  "size_y": 64,
  "size_z": 29,
  "snr": 8.941124727287146,
  "spacing_tr": 1.0,
  "spacing_x": 3.125,
  "spacing_y": 3.125,
  "spacing_z": 4.0,
  "summary_bg_k": 24.124470305737447,
  "summary_bg_mad": 160.63500504968883,
  "summary_bg_mean": 209.3758544921875,
  "summary_bg_median": 132.2933349609375,
  "summary_bg_n": 67349.0,
  "summary_bg_p05": 0.08666666597127914,
  "summary_bg_p95": 726.9466918945312,
  "summary_bg_stdv": 319.1170654296875,
  "summary_fg_k": 2.02121107965673,
  "summary_fg_mad": 633.4465033811377,
  "summary_fg_mean": 6255.73876953125,
  "summary_fg_median": 6293.806640625,
  "summary_fg_n": 23582.0,
  "summary_fg_p05": 5048.428271484375,
  "summary_fg_p95": 7315.416064453125,
  "summary_fg_stdv": 703.9017333984375,
  "tsnr": 56.4846948669292
}