{
  "aor": 0.0005889333333333333,
  "aqi": 0.009333844333333334,
  "bids_meta": {
    "EchoTime": 0.0036,
    "InstitutionName": "U of M FMRI",
    "Modality": "MR",
    "PatientPosition": "HFS",
    "RepetitionTime": 2.0,
    "SliceTiming": [
      0,
      0.069,
      0.138,
      0.207,
      0.276,
      0.345,
      0.414,
      0.483,
      0.552,
      0.621,
      0.69,
      0.759,
      0.828,
      0.897,
      0.966,
      1.035,
      1.104,
      1.173,
      1.242,
      1.311,
      1.38,
      1.449,
      1.518,
      1.587,
      1.656,
      1.725,
      1.794,
      1.863,
      1.932
    ],
    "TaskName": "reward",
    "dataset": "MLS",
    "modality": "bold",
    "run_id": 1,
    "session_id": "2",
    "subject_id": "106",
    "task_id": "reward"
  },
  "dummy_trs": 0,
  "dvars_nstd": 17.377193662013433,
  "dvars_std": 1.0175654370469802,
  "dvars_vstd": 0.9857061459731551,
  "efc": 0.6324075610544272,
  "fber": 1019.8129272460938,
  "fd_mean": 0.06407351700040063,
  "fd_num": 2,
  "fd_perc": 1.3333333333333333,
  "fwhm_avg": 2.097727966666666,
  "fwhm_x": 2.1258208,
  "fwhm_y": 2.4844256,
  "fwhm_z": 1.6829375,
  "gcor": 0.0116575,
  "gsr_x": 0.008425728417932987,
  "gsr_y": 0.05584653466939926,
  "provenance": {
    "md5sum": "bf1c605ab79b2ba1a307e1d9cfea43f7",
    "settings": {
      "fd_thres": 0.2,
      "testing": false
    },
    "software": "mriqc",
    "version": "23.1.0rc0"
  },
  "size_t": 150,
  "size_x": 64,
  "size_y": 64,
  "size_z": 29,
  "snr": 7.760080715805311,
  "spacing_tr": 1.0,
  "spacing_x": 3.125,
  "spacing_y": 3.125,
  "spacing_z": 4.0,
  "summary_bg_k": 12.572799636286508,
  "summary_bg_mad": 124.64237234325563,
  "summary_bg_mean": 181.41940307617188,
  "summary_bg_median": 84.52999877929688,
  "summary_bg_n": 53864.0,
  "summary_bg_p05": 0.06000000238418579,
  "summary_bg_p95": 690.6017059326169,
  "summary_bg_stdv": 256.6326904296875,
  "summary_fg_k": 2.586260406496547,
  "summary_fg_mad": 313.2540131741463,
  "summary_fg_mean": 2836.181396484375,
  "summary_fg_median": 2824.9267578125,
  "summary_fg_n": 34119.0,
  "summary_fg_p05": 2293.692041015625,
  "summary_fg_p95": 3430.9281494140623,
  "summary_fg_stdv": 364.02783203125,
  "tsnr": 71.01756966020912
}