{
  "aor": 0.0005644,
  "aqi": 0.007291011800000001,
  "bids_meta": {
    "EchoTime": 0.0036,
    "InstitutionName": "U of M FMRI",
    "Modality": "MR",
    "PatientPosition": "HFS",
    "RepetitionTime": 2.0,
    "SliceTiming": [
      0,
      0.069,
      0.138,
      0.207,
      0.276,
      0.345,
      0.414,
      0.483,
      0.552,
      0.621,
      0.69,
      0.759,
      0.828,
      0.897,
      0.966,
      1.035,
      1.104,
      1.173,
      1.242,
      1.311,
      1.38,
      1.449,
      1.518,
      1.587,
      1.656,
      1.725,
      1.794,
      1.863,
      1.932
    ],
    "TaskName": "reward",
    "dataset": "MLS",
    "modality": "bold",
    "run_id": 2,
    "session_id": "2",
    "subject_id": "106",
    "task_id": "reward"
  },
  "dummy_trs": 0,
  "dvars_nstd": 16.965963651342282,
  "dvars_std": 1.0079816673825512,
  "dvars_vstd": 0.9893952622818792,
  "efc": 0.6339177756157761,
  "fber": 1064.8577880859375,
  "fd_mean": 0.06193553746384817,
  "fd_num": 2,
  "fd_perc": 1.3333333333333333,
  "fwhm_avg": 2.1618115,
  "fwhm_x": 2.1831487999999997,
  "fwhm_y": 2.5436832000000003,
  "fwhm_z": 1.7586025,
  "gcor": 0.00949087,
  "gsr_x": 0.008922182954847813,
  "gsr_y": 0.05971144512295723,
  "provenance": {
    "md5sum": "e7eb67cc771cc4e47ed8f8f903fa77eb",
    "settings": {
      "fd_thres": 0.2,
      "testing": false
    },
    "software": "mriqc",
    "version": "23.1.0rc0"
  },
  "size_t": 150,
  "size_x": 64,
  "size_y": 64,
  "size_z": 29,
  "snr": 7.7274873497133685,
  "spacing_tr": 1.0,
  "spacing_x": 3.125,
  "spacing_y": 3.125,
  "spacing_z": 4.0,
  "summary_bg_k": 10.78576032820098,
  "summary_bg_mad": 122.6408583850403,
  "summary_bg_mean": 184.074462890625,
  "summary_bg_median": 82.97333526611328,
  "summary_bg_n": 53881.0,
  "summary_bg_p05": 0.019999999552965164,
  "summary_bg_p95": 703.3866577148438,
  "summary_bg_stdv": 259.76641845703125,
  "summary_fg_k": 2.019466099515732,
  "summary_fg_mad": 316.6343896679509,
  "summary_fg_mean": 2850.2900390625,
  "summary_fg_median": 2836.02001953125,
  "summary_fg_n": 34091.0,
  "summary_fg_p05": 2303.420166015625,
  "summary_fg_p95": 3454.6533203125,
  "summary_fg_stdv": 366.998779296875,
  "tsnr": 73.69252517726272
}