{
  "aor": 0.0014764666666666666,
  "aqi": 0.009844803866666666,
  "bids_meta": {
    "EchoTime": 0.0036,
    "InstitutionName": "U of M FMRI",
    "Modality": "MR",
    "PatientPosition": "HFS",
    "RepetitionTime": 2.0,
    "SliceTiming": [
      0,
      0.069,
      0.138,
      0.207,
      0.276,
      0.345,
      0.414,
      0.483,
      0.552,
      0.621,
      0.69,
      0.759,
      0.828,
      0.897,
      0.966,
      1.035,
      1.104,
      1.173,
      1.242,
      1.311,
      1.38,
      1.449,
      1.518,
      1.587,
      1.656,
      1.725,
      1.794,
      1.863,
      1.932
    ],
    "TaskName": "reward",
    "dataset": "MLS",
    "modality": "bold",
    "run_id": 1,
    "session_id": "1",
    "subject_id": "81",
    "task_id": "reward"
  },
  "dummy_trs": 0,
  "dvars_nstd": 16.96206394288591,
  "dvars_std": 1.025318959395973,
  "dvars_vstd": 0.9678331125503354,
  "efc": 0.5284104471967215,
  "fber": 1292.2274169921875,
  "fd_mean": 0.13137733520445874,
  "fd_num": 18,
  "fd_perc": 12.0,
  "fwhm_avg": 2.0792972666666665,
  "fwhm_x": 2.1627647999999997,
  "fwhm_y": 2.416832,
  "fwhm_z": 1.658295,
  "gcor": 0.0428547,
  "gsr_x": 0.0010332351084798574,
  "gsr_y": 0.038436561822891235,
  "provenance": {
    "md5sum": "6c57da877b5e0afe21d499b177aa729f",
    "settings": {
      "fd_thres": 0.2,
      "testing": false
    },
    "software": "mriqc",
    "version": "23.1.0rc0"
  },
  "size_t": 150,
  "size_x": 64,
  "size_y": 64,
  "size_z": 29,
  "snr": 7.917650036955119,
  "spacing_tr": 1.0,
  "spacing_x": 3.125,
  "spacing_y": 3.125,
  "spacing_z": 4.0,
  "summary_bg_k": 41.78647610901049,
  "summary_bg_mad": 116.4831212759271,
  "summary_bg_mean": 147.7794189453125,
  "summary_bg_median": 88.30667114257812,
  "summary_bg_n": 68447.0,
  "summary_bg_p05": 0.02666666731238365,
  "summary_bg_p95": 525.6433227539062,
  "summary_bg_stdv": 236.44041442871094,
  "summary_fg_k": 1.3236311138658072,
  "summary_fg_mad": 384.01352061829255,
  "summary_fg_mean": 3232.3134765625,
  "summary_fg_median": 3209.266845703125,
  "summary_fg_n": 21971.0,
  "summary_fg_p05": 2633.376708984375,
  "summary_fg_p95": 3906.1800537109375,
  "summary_fg_stdv": 405.3215026855469,
  "tsnr": 67.39306456595659
}