{
  "aor": 0.009222666666666669,
  "aqi": 0.016690866199999998,
  "bids_meta": {
    "EchoTime": 0.0036,
    "InstitutionName": "U of M FMRI",
    "Modality": "MR",
    "PatientPosition": "HFS",
    "RepetitionTime": 2.0,
    "SliceTiming": [
      0,
      0.069,
      0.138,
      0.207,
      0.276,
      0.345,
      0.414,
      0.483,
      0.552,
      0.621,
      0.69,
      0.759,
      0.828,
      0.897,
      0.966,
      1.035,
      1.104,
      1.173,
      1.242,
      1.311,
      1.38,
      1.449,
      1.518,
      1.587,
      1.656,
      1.725,
      1.794,
      1.863,
      1.932
    ],
    "TaskName": "reward",
    "dataset": "MLS",
    "modality": "bold",
    "run_id": 1,
    "session_id": "1",
    "subject_id": "150",
    "task_id": "reward"
  },
  "dummy_trs": 0,
  "dvars_nstd": 25.825299678523496,
  "dvars_std": 1.1194042080536917,
  "dvars_vstd": 1.0317642104697988,
  "efc": 0.5472938883009032,
  "fber": 1162.6396484375,
  "fd_mean": 0.41990762523563735,
  "fd_num": 100,
  "fd_perc": 66.66666666666667,
  "fwhm_avg": 2.3497219,
  "fwhm_x": 2.3917024000000002,
  "fwhm_y": 2.7834208,
  "fwhm_z": 1.8740425,
  "gcor": 0.0716275,
  "gsr_x": -0.007561531849205494,
  "gsr_y": 0.03332201763987541,
  "provenance": {
    "md5sum": "139ec21952d74523e7169a1a1ba07d6c",
    "settings": {
      "fd_thres": 0.2,
      "testing": false
    },
    "software": "mriqc",
    "version": "23.1.0rc0"
  },
  "size_t": 150,
  "size_x": 64,
  "size_y": 64,
  "size_z": 29,
  "snr": 7.519026208373544,
  "spacing_tr": 1.0,
  "spacing_x": 3.125,
  "spacing_y": 3.125,
  "spacing_z": 4.0,
  "summary_bg_k": 24.990335732606464,
  "summary_bg_mad": 130.86436109872784,
  "summary_bg_mean": 148.957275390625,
  "summary_bg_median": 97.12667083740234,
  "summary_bg_n": 65329.0,
  "summary_bg_p05": 0.30000001192092896,
  "summary_bg_p95": 468.72134399414034,
  "summary_bg_stdv": 208.0863037109375,
  "summary_fg_k": 1.7222462929013407,
  "summary_fg_mad": 384.8885672157626,
  "summary_fg_mean": 3317.73486328125,
  "summary_fg_median": 3347.686767578125,
  "summary_fg_n": 24792.0,
  "summary_fg_p05": 2543.6053100585937,
  "summary_fg_p95": 3985.4528198242188,
  "summary_fg_stdv": 445.21978759765625,
  "tsnr": 45.824563794303685
}