{
  "aor": 0.0016688,
  "aqi": 0.004073448333333333,
  "bids_meta": {
    "EchoTime": 0.0036,
    "InstitutionName": "U of M FMRI",
    "Modality": "MR",
    "PatientPosition": "HFS",
    "RepetitionTime": 2.0,
    "SliceTiming": [
      0,
      0.069,
      0.138,
      0.207,
      0.276,
      0.345,
      0.414,
      0.483,
      0.552,
      0.621,
      0.69,
      0.759,
      0.828,
      0.897,
      0.966,
      1.035,
      1.104,
      1.173,
      1.242,
      1.311,
      1.38,
      1.449,
      1.518,
      1.587,
      1.656,
      1.725,
      1.794,
      1.863,
      1.932
    ],
    "TaskName": "reward",
    "dataset": "MLS",
    "modality": "bold",
    "run_id": 1,
    "session_id": "2",
    "subject_id": "33",
    "task_id": "reward"
  },
  "dummy_trs": 0,
  "dvars_nstd": 17.151423524161075,
  "dvars_std": 1.0886113280536913,
  "dvars_vstd": 1.0132424030872478,
  "efc": 0.6077496952708874,
  "fber": 589.1015014648438,
  "fd_mean": 0.05225664859431286,
  "fd_num": 2,
  "fd_perc": 1.3333333333333333,
  "fwhm_avg": 2.5047645666666667,
  "fwhm_x": 2.6272992,
  "fwhm_y": 2.9025119999999998,
  "fwhm_z": 1.9844825,
  "gcor": 0.0489808,
  "gsr_x": 0.0037607429549098015,
  "gsr_y": 0.04871676117181778,
  "provenance": {
    "md5sum": "b2033c8916992e1badfe24ca21be22b0",
    "settings": {
      "fd_thres": 0.2,
      "testing": false
    },
    "software": "mriqc",
    "version": "23.1.0rc0"
  },
  "size_t": 150,
  "size_x": 64,
  "size_y": 64,
  "size_z": 29,
  "snr": 6.2262361047269605,
  "spacing_tr": 1.0,
  "spacing_x": 3.125,
  "spacing_y": 3.125,
  "spacing_z": 4.0,
  "summary_bg_k": 13.56061977456082,
  "summary_bg_mad": 167.64772011087712,
  "summary_bg_mean": 199.2790069580078,
  "summary_bg_median": 114.40333557128906,
  "summary_bg_n": 59340.0,
  "summary_bg_p05": 0.0,
  "summary_bg_p95": 693.4023559570311,
  "summary_bg_stdv": 264.52044677734375,
  "summary_fg_k": 0.7284613692131576,
  "summary_fg_mad": 435.63783121641865,
  "summary_fg_mean": 2878.83349609375,
  "summary_fg_median": 2867.973388671875,
  "summary_fg_n": 29779.0,
  "summary_fg_p05": 2165.924755859375,
  "summary_fg_p95": 3656.7546630859374,
  "summary_fg_stdv": 460.6194152832031,
  "tsnr": 75.69494172837585
}