{
  "aor": 0.0008435999999999999,
  "aqi": 0.0027438798666666667,
  "bids_meta": {
    "EchoTime": 0.0036,
    "InstitutionName": "U of M FMRI",
    "Modality": "MR",
    "PatientPosition": "HFS",
    "RepetitionTime": 2.0,
    "SliceTiming": [
      0,
      0.069,
      0.138,
      0.207,
      0.276,
      0.345,
      0.414,
      0.483,
      0.552,
      0.621,
      0.69,
      0.759,
      0.828,
      0.897,
      0.966,
      1.035,
      1.104,
      1.173,
      1.242,
      1.311,
      1.38,
      1.449,
      1.518,
      1.587,
      1.656,
      1.725,
      1.794,
      1.863,
      1.932
    ],
    "TaskName": "reward",
    "dataset": "MLS",
    "modality": "bold",
    "run_id": 2,
    "session_id": "2",
    "subject_id": "33",
    "task_id": "reward"
  },
  "dummy_trs": 0,
  "dvars_nstd": 15.870772137583899,
  "dvars_std": 1.0654984171812079,
  "dvars_vstd": 1.0136454155033556,
  "efc": 0.60656617251554,
  "fber": 586.3065185546875,
  "fd_mean": 0.04478720785219364,
  "fd_num": 0,
  "fd_perc": 0.0,
  "fwhm_avg": 2.4904209,
  "fwhm_x": 2.6456576000000003,
  "fwhm_y": 2.8945376,
  "fwhm_z": 1.9310675,
  "gcor": 0.0205995,
  "gsr_x": 0.007163585163652897,
  "gsr_y": 0.04696274176239967,
  "provenance": {
    "md5sum": "eaeffb0d31933caca6ea887fe8e495fd",
    "settings": {
      "fd_thres": 0.2,
      "testing": false
    },
    "software": "mriqc",
    "version": "23.1.0rc0"
  },
  "size_t": 150,
  "size_x": 64,
  "size_y": 64,
  "size_z": 29,
  "snr": 6.215430277063224,
  "spacing_tr": 1.0,
  "spacing_x": 3.125,
  "spacing_y": 3.125,
  "spacing_z": 4.0,
  "summary_bg_k": 14.490290833843378,
  "summary_bg_mad": 171.09230366838662,
  "summary_bg_mean": 198.5454559326172,
  "summary_bg_median": 116.06000518798828,
  "summary_bg_n": 59195.0,
  "summary_bg_p05": 0.0,
  "summary_bg_p95": 690.3546752929683,
  "summary_bg_stdv": 265.3516845703125,
  "summary_fg_k": 0.9108429578201656,
  "summary_fg_mad": 439.3841527402304,
  "summary_fg_mean": 2909.0400390625,
  "summary_fg_median": 2902.85009765625,
  "summary_fg_n": 29866.0,
  "summary_fg_p05": 2182.0401000976562,
  "summary_fg_p95": 3694.9967041015625,
  "summary_fg_stdv": 467.0314636230469,
  "tsnr": 87.01081791613251
}