{
  "aor": 0.0007322,
  "aqi": 0.002238889933333333,
  "bids_meta": {
    "EchoTime": 0.0036,
    "InstitutionName": "U of M FMRI",
    "Modality": "MR",
    "PatientPosition": "HFS",
    "RepetitionTime": 2.0,
    "SliceTiming": [
      0,
      0.069,
      0.138,
      0.207,
      0.276,
      0.345,
      0.414,
      0.483,
      0.552,
      0.621,
      0.69,
      0.759,
      0.828,
      0.897,
      0.966,
      1.035,
      1.104,
      1.173,
      1.242,
      1.311,
      1.38,
      1.449,
      1.518,
      1.587,
      1.656,
      1.725,
      1.794,
      1.863,
      1.932
    ],
    "TaskName": "reward",
    "dataset": "MLS",
    "modality": "bold",
    "run_id": 2,
    "session_id": "1",
    "subject_id": "168",
    "task_id": "reward"
  },
  "dummy_trs": 0,
  "dvars_nstd": 13.456579118993291,
  "dvars_std": 1.0911517188590605,
  "dvars_vstd": 1.0007327893288591,
  "efc": 0.544253514549485,
  "fber": 1029.06640625,
  "fd_mean": 0.04599162423445724,
  "fd_num": 0,
  "fd_perc": 0.0,
  "fwhm_avg": 2.5765081666666667,
  "fwhm_x": 2.6652896,
  "fwhm_y": 3.0477024,
  "fwhm_z": 2.0165325,
  "gcor": 0.020443,
  "gsr_x": -0.0030953234527260065,
  "gsr_y": 0.038328561931848526,
  "provenance": {
    "md5sum": "610856b9dc300ccd66cd030b56ef2e8a",
    "settings": {
      "fd_thres": 0.2,
      "testing": false
    },
    "software": "mriqc",
    "version": "23.1.0rc0"
  },
  "size_t": 150,
  "size_x": 64,
  "size_y": 64,
  "size_z": 29,
  "snr": 6.503491812951345,
  "spacing_tr": 1.0,
  "spacing_x": 3.125,
  "spacing_y": 3.125,
  "spacing_z": 4.0,
  "summary_bg_k": 17.884822510613983,
  "summary_bg_mad": 154.7441402387901,
  "summary_bg_mean": 207.0977020263672,
  "summary_bg_median": 105.1933364868164,
  "summary_bg_n": 68709.0,
  "summary_bg_p05": 0.0,
  "summary_bg_p95": 831.7640014648438,
  "summary_bg_stdv": 304.05120849609375,
  "summary_fg_k": 0.6035386445740065,
  "summary_fg_mad": 510.87518828095864,
  "summary_fg_mean": 3388.54638671875,
  "summary_fg_median": 3413.706787109375,
  "summary_fg_n": 22177.0,
  "summary_fg_p05": 2523.8134765625,
  "summary_fg_p95": 4227.64794921875,
  "summary_fg_stdv": 524.891845703125,
  "tsnr": 103.94147030264139
}