{
  "aor": 0.0073434,
  "aqi": 0.002686040666666666,
  "bids_meta": {
    "EchoTime": 0.0036,
    "InstitutionName": "U of M FMRI",
    "Modality": "MR",
    "PatientPosition": "HFS",
    "RepetitionTime": 2.0,
    "SliceTiming": [
      0,
      0.069,
      0.138,
      0.207,
      0.276,
      0.345,
      0.414,
      0.483,
      0.552,
      0.621,
      0.69,
      0.759,
      0.828,
      0.897,
      0.966,
      1.035,
      1.104,
      1.173,
      1.242,
      1.311,
      1.38,
      1.449,
      1.518,
      1.587,
      1.656,
      1.725,
      1.794,
      1.863,
      1.932
    ],
    "TaskName": "reward",
    "dataset": "MLS",
    "modality": "bold",
    "run_id": 2,
    "session_id": "1",
    "subject_id": "227",
    "task_id": "reward"
  },
  "dummy_trs": 0,
  "dvars_nstd": 15.189936170536907,
  "dvars_std": 1.1384068836241608,
  "dvars_vstd": 1.0834366960402677,
  "efc": 0.5400014894478066,
  "fber": 871.2307739257812,
  "fd_mean": 0.08863030308696601,
  "fd_num": 7,
  "fd_perc": 4.666666666666667,
  "fwhm_avg": 2.6977778000000003,
  "fwhm_x": 2.8391104,
  "fwhm_y": 3.207168,
  "fwhm_z": 2.047055,
  "gcor": 0.064346,
  "gsr_x": -0.0008111373754218221,
  "gsr_y": 0.02963181398808956,
  "provenance": {
    "md5sum": "00eaced5a4903664bb07756f56418a86",
    "settings": {
      "fd_thres": 0.2,
      "testing": false
    },
    "software": "mriqc",
    "version": "23.1.0rc0"
  },
  "size_t": 150,
  "size_x": 64,
  "size_y": 64,
  "size_z": 29,
  "snr": 6.025964983684833,
  "spacing_tr": 1.0,
  "spacing_x": 3.125,
  "spacing_y": 3.125,
  "spacing_z": 4.0,
  "summary_bg_k": 17.365086688350964,
  "summary_bg_mad": 170.12366645911493,
  "summary_bg_mean": 195.9063262939453,
  "summary_bg_median": 120.22666931152344,
  "summary_bg_n": 68009.0,
  "summary_bg_p05": 0.006666666828095913,
  "summary_bg_p95": 675.5173461914051,
  "summary_bg_stdv": 267.1011962890625,
  "summary_fg_k": 0.6197012646889011,
  "summary_fg_mad": 557.2854156374897,
  "summary_fg_mean": 3563.881591796875,
  "summary_fg_median": 3585.030029296875,
  "summary_fg_n": 22112.0,
  "summary_fg_p05": 2572.9986206054687,
  "summary_fg_p95": 4517.062646484375,
  "summary_fg_stdv": 594.9169921875,
  "tsnr": 84.68201652215794
}