{
  "aor": 0.0018462,
  "aqi": 0.002558578466666667,
  "bids_meta": {
    "EchoTime": 0.0036,
    "InstitutionName": "U of M FMRI",
    "Modality": "MR",
    "PatientPosition": "HFS",
    "RepetitionTime": 2.0,
    "SliceTiming": [
      0,
      0.069,
      0.138,
      0.207,
      0.276,
      0.345,
      0.414,
      0.483,
      0.552,
      0.621,
      0.69,
      0.759,
      0.828,
      0.897,
      0.966,
      1.035,
      1.104,
      1.173,
      1.242,
      1.311,
      1.38,
      1.449,
      1.518,
      1.587,
      1.656,
      1.725,
      1.794,
      1.863,
      1.932
    ],
    "TaskName": "reward",
    "dataset": "MLS",
    "modality": "bold",
    "run_id": 1,
    "session_id": "1",
    "subject_id": "227",
    "task_id": "reward"
  },
  "dummy_trs": 0,
  "dvars_nstd": 14.95876685369127,
  "dvars_std": 1.083901107852349,
  "dvars_vstd": 1.0213735998657714,
  "efc": 0.5388396087363899,
  "fber": 877.5742797851562,
  "fd_mean": 0.07847544779189591,
  "fd_num": 2,
  "fd_perc": 1.3333333333333333,
  "fwhm_avg": 2.6687895666666663,
  "fwhm_x": 2.8135392,
  "fwhm_y": 3.176112,
  "fwhm_z": 2.0167175,
  "gcor": 0.0103961,
  "gsr_x": -0.00024995533749461174,
  "gsr_y": 0.030195413157343864,
  "provenance": {
    "md5sum": "4fb649e2eb993ad2e763536dd5caeb97",
    "settings": {
      "fd_thres": 0.2,
      "testing": false
    },
    "software": "mriqc",
    "version": "23.1.0rc0"
  },
  "size_t": 150,
  "size_x": 64,
  "size_y": 64,
  "size_z": 29,
  "snr": 5.975272038085008,
  "spacing_tr": 1.0,
  "spacing_x": 3.125,
  "spacing_y": 3.125,
  "spacing_z": 4.0,
  "summary_bg_k": 18.275542720097153,
  "summary_bg_mad": 170.74636303879998,
  "summary_bg_mean": 193.95787048339844,
  "summary_bg_median": 119.66667175292969,
  "summary_bg_n": 68021.0,
  "summary_bg_p05": 0.006666666828095913,
  "summary_bg_p95": 665.739990234375,
  "summary_bg_stdv": 267.14434814453125,
  "summary_fg_k": 0.6702943970718453,
  "summary_fg_mad": 567.0855755657219,
  "summary_fg_mean": 3568.415283203125,
  "summary_fg_median": 3592.840087890625,
  "summary_fg_n": 22217.0,
  "summary_fg_p05": 2565.826806640625,
  "summary_fg_p95": 4526.85078125,
  "summary_fg_stdv": 601.271240234375,
  "tsnr": 89.7762865209952
}