{
  "aor": 0.0006811333333333333,
  "aqi": 0.008010624,
  "bids_meta": {
    "EchoTime": 0.0036,
    "InstitutionName": "U of M FMRI",
    "Modality": "MR",
    "PatientPosition": "HFS",
    "RepetitionTime": 2.0,
    "SliceTiming": [
      0,
      0.069,
      0.138,
      0.207,
      0.276,
      0.345,
      0.414,
      0.483,
      0.552,
      0.621,
      0.69,
      0.759,
      0.828,
      0.897,
      0.966,
      1.035,
      1.104,
      1.173,
      1.242,
      1.311,
      1.38,
      1.449,
      1.518,
      1.587,
      1.656,
      1.725,
      1.794,
      1.863,
      1.932
    ],
    "TaskName": "reward",
    "dataset": "MLS",
    "modality": "bold",
    "run_id": 1,
    "session_id": "1",
    "subject_id": "243",
    "task_id": "reward"
  },
  "dummy_trs": 0,
  "dvars_nstd": 21.994587303154358,
  "dvars_std": 1.1597164834228184,
  "dvars_vstd": 0.9890823424161073,
  "efc": 0.584743293242978,
  "fber": 614.8878173828125,
  "fd_mean": 0.13756693215543248,
  "fd_num": 24,
  "fd_perc": 16.0,
  "fwhm_avg": 2.289804833333333,
  "fwhm_x": 2.3262656,
  "fwhm_y": 2.6494464,
  "fwhm_z": 1.8937025,
  "gcor": 0.0684315,
  "gsr_x": 0.012902732007205486,
  "gsr_y": 0.023487858474254608,
  "provenance": {
    "md5sum": "29e1ef05f17015e1c664f221a638a348",
    "settings": {
      "fd_thres": 0.2,
      "testing": false
    },
    "software": "mriqc",
    "version": "23.1.0rc0"
  },
  "size_t": 150,
  "size_x": 64,
  "size_y": 64,
  "size_z": 29,
  "snr": 9.19241102735717,
  "spacing_tr": 1.0,
  "spacing_x": 3.125,
  "spacing_y": 3.125,
  "spacing_z": 4.0,
  "summary_bg_k": 12.290627593988143,
  "summary_bg_mad": 198.48583929223935,
  "summary_bg_mean": 199.82223510742188,
  "summary_bg_median": 148.84666442871094,
  "summary_bg_n": 61218.0,
  "summary_bg_p05": 0.0,
  "summary_bg_p95": 651.7567016601558,
  "summary_bg_stdv": 252.08470153808594,
  "summary_fg_k": 2.69605803945573,
  "summary_fg_mad": 382.11122180009033,
  "summary_fg_mean": 3810.03759765625,
  "summary_fg_median": 3821.456787109375,
  "summary_fg_n": 27798.0,
  "summary_fg_p05": 3155.6771728515623,
  "summary_fg_p95": 4450.0682373046875,
  "summary_fg_stdv": 415.711181640625,
  "tsnr": 73.339323093649
}