{
  "aor": 0.0007714000000000001,
  "aqi": 0.009757764266666667,
  "bids_meta": {
    "EchoTime": 0.0036,
    "InstitutionName": "U of M FMRI",
    "Modality": "MR",
    "PatientPosition": "HFS",
    "RepetitionTime": 2.0,
    "SliceTiming": [
      0,
      0.069,
      0.138,
      0.207,
      0.276,
      0.345,
      0.414,
      0.483,
      0.552,
      0.621,
      0.69,
      0.759,
      0.828,
      0.897,
      0.966,
      1.035,
      1.104,
      1.173,
      1.242,
      1.311,
      1.38,
      1.449,
      1.518,
      1.587,
      1.656,
      1.725,
      1.794,
      1.863,
      1.932
    ],
    "TaskName": "reward",
    "dataset": "MLS",
    "modality": "bold",
    "run_id": 2,
    "session_id": "1",
    "subject_id": "243",
    "task_id": "reward"
  },
  "dummy_trs": 0,
  "dvars_nstd": 22.686808541073816,
  "dvars_std": 1.130347250469798,
  "dvars_vstd": 0.9635530522818794,
  "efc": 0.5881323039541875,
  "fber": 513.2041015625,
  "fd_mean": 0.1404014156455392,
  "fd_num": 17,
  "fd_perc": 11.333333333333334,
  "fwhm_avg": 2.2545399666666666,
  "fwhm_x": 2.2900576,
  "fwhm_y": 2.5846848,
  "fwhm_z": 1.8888775,
  "gcor": 0.110859,
  "gsr_x": 0.013829301111400127,
  "gsr_y": 0.02285514958202839,
  "provenance": {
    "md5sum": "16633f1dd3508287e62107d0d3c7b8ed",
    "settings": {
      "fd_thres": 0.2,
      "testing": false
    },
    "software": "mriqc",
    "version": "23.1.0rc0"
  },
  "size_t": 150,
  "size_x": 64,
  "size_y": 64,
  "size_z": 29,
  "snr": 8.997326432077895,
  "spacing_tr": 1.0,
  "spacing_x": 3.125,
  "spacing_y": 3.125,
  "spacing_z": 4.0,
  "summary_bg_k": 10.219733733231758,
  "summary_bg_mad": 217.8140291018739,
  "summary_bg_mean": 213.29562377929688,
  "summary_bg_median": 162.913330078125,
  "summary_bg_n": 61383.0,
  "summary_bg_p05": 0.013333333656191826,
  "summary_bg_p95": 689.3693420410134,
  "summary_bg_stdv": 255.4904022216797,
  "summary_fg_k": 1.7701897377708535,
  "summary_fg_mad": 390.0134264713074,
  "summary_fg_mean": 3797.09228515625,
  "summary_fg_median": 3810.32666015625,
  "summary_fg_n": 27713.0,
  "summary_fg_p05": 3112.942724609375,
  "summary_fg_p95": 4453.621484374999,
  "summary_fg_stdv": 423.48779296875,
  "tsnr": 63.90540900686756
}