{
  "bids_meta": {
    "AcquisitionMatrixPE": 160,
    "CoilString": "HEAD",
    "EchoTime": 0.001784,
    "FlipAngle": 15,
    "ImageType": [
      "ORIGINAL",
      "PRIMARY",
      "OTHER"
    ],
    "InPlanePhaseEncodingDirectionDICOM": "ROW",
    "InstitutionName": "U of M FMRi",
    "InversionTime": 0.4,
    "MRAcquisitionType": "3D",
    "Modality": "MR",
    "PatientPosition": "HFS",
    "PercentPhaseFOV": 100,
    "PercentSampling": 100,
    "ReconMatrixPE": 256,
    "RepetitionTime": 0.008948,
    "SAR": 0.017417,
    "ScanningSequence": "GR",
    "SeriesDescription": "3d spgr IR axial",
    "dataset": "MLS",
    "modality": "T1w",
    "session_id": "1",
    "subject_id": "15"
  },
  "cjv": 0.3288929349752388,
  "cnr": 4.157645893845966,
  "efc": 0.7312396122716337,
  "fber": 10074.211248285323,
  "fwhm_avg": 5.012910496714748,
  "fwhm_x": 5.59366,
  "fwhm_y": 5.8295,
  "fwhm_z": 3.615571490144244,
  "icvs_csf": 0.173356793376814,
  "icvs_gm": 0.455987603332408,
  "icvs_wm": 0.370655603290778,
  "inu_med": 0.5806977152824402,
  "inu_range": 0.32942299693822863,
  "provenance": {
    "md5sum": "b52ac0706a8caba2cb4bfe716b22675b",
    "settings": {
      "testing": false
    },
    "software": "mriqc",
    "version": "23.1.0rc0",
    "warnings": {
      "large_rot_frame": true,
      "small_air_mask": false
    }
  },
  "qi_1": 0.0,
  "qi_2": 0.0029937098446662035,
  "rpve_csf": 15.66024487278748,
  "rpve_gm": 6.575034004080489,
  "rpve_wm": 9.247353146984837,
  "size_x": 202,
  "size_y": 197,
  "size_z": 119,
  "snr_csf": 1.6452653630039529,
  "snr_gm": 13.484450930219374,
  "snr_total": 11.849457166332131,
  "snr_wm": 20.418655205773067,
  "snrd_csf": 16.38731222015696,
  "snrd_gm": 40.00358128902162,
  "snrd_total": 37.85780908547601,
  "snrd_wm": 57.18253374724946,
  "spacing_x": 1.0,
  "spacing_y": 1.0,
  "spacing_z": 1.399999976158142,
  "summary_bg_k": 9.995351552157198,
  "summary_bg_mad": 0.0,
  "summary_bg_mean": 6.981287760740986,
  "summary_bg_median": 0.0,
  "summary_bg_n": 587010.0,
  "summary_bg_p05": 0.0,
  "summary_bg_p95": 30.787919908761978,
  "summary_bg_stdv": 11.456932174004294,
  "summary_csf_k": 62.01895914497182,
  "summary_csf_mad": 93.86978133468548,
  "summary_csf_mean": 309.47007981655014,
  "summary_csf_median": 286.57898510992527,
  "summary_csf_n": 11050.0,
  "summary_csf_p05": 139.53001525998116,
  "summary_csf_p95": 490.8976748228072,
  "summary_csf_stdv": 174.17616871142513,
  "summary_gm_k": -0.012995147767326909,
  "summary_gm_mad": 52.22923327983493,
  "summary_gm_mean": 696.4479582619322,
  "summary_gm_median": 699.5769393146038,
  "summary_gm_n": 21780.0,
  "summary_gm_p05": 606.7942963242531,
  "summary_gm_p95": 776.6933482289314,
  "summary_gm_stdv": 51.87907781145481,
  "summary_wm_k": 0.6207554123129961,
  "summary_wm_mad": 46.577794244799286,
  "summary_wm_mean": 1004.567407945422,
  "summary_wm_median": 1000.0000163018703,
  "summary_wm_n": 132007.0,
  "summary_wm_p05": 932.6016991138458,
  "summary_wm_p95": 1091.4841211736202,
  "summary_wm_stdv": 48.974637092357355,
  "tpm_overlap_csf": 0.1772849992139071,
  "tpm_overlap_gm": 0.490229926059802,
  "tpm_overlap_wm": 0.5241800891938877,
  "wm2max": 0.45216999644767714
}