{
  "aor": 0.002247364864864865,
  "aqi": 0.004804691824324324,
  "bids_meta": {
    "EchoTime": 0.0036,
    "InstitutionName": "U of M FMRI",
    "Modality": "MR",
    "PatientPosition": "HFS",
    "RepetitionTime": 2.0,
    "SliceTiming": [
      0,
      0.069,
      0.138,
      0.207,
      0.276,
      0.345,
      0.414,
      0.483,
      0.552,
      0.621,
      0.69,
      0.759,
      0.828,
      0.897,
      0.966,
      1.035,
      1.104,
      1.173,
      1.242,
      1.311,
      1.38,
      1.449,
      1.518,
      1.587,
      1.656,
      1.725,
      1.794,
      1.863,
      1.932
    ],
    "TaskName": "reward",
    "dataset": "MLS",
    "modality": "bold",
    "run_id": 2,
    "session_id": "1",
    "subject_id": "176",
    "task_id": "reward"
  },
  "dummy_trs": 2,
  "dvars_nstd": 21.16003081952382,
  "dvars_std": 1.1856067746938777,
  "dvars_vstd": 0.9939607492517,
  "efc": 0.5600690595270537,
  "fber": 1266.4359130859375,
  "fd_mean": 0.1346653365294385,
  "fd_num": 24,
  "fd_perc": 16.216216216216218,
  "fwhm_avg": 2.5696818333333336,
  "fwhm_x": 2.7256511999999997,
  "fwhm_y": 2.9829568,
  "fwhm_z": 2.0004375,
  "gcor": 0.0611977,
  "gsr_x": 0.012751263566315174,
  "gsr_y": 0.033928897231817245,
  "provenance": {
    "md5sum": "c22f14a8e19b436eb035b6409022212b",
    "settings": {
      "fd_thres": 0.2,
      "testing": false
    },
    "software": "mriqc",
    "version": "23.1.0rc0"
  },
  "size_t": 148,
  "size_x": 64,
  "size_y": 64,
  "size_z": 29,
  "snr": 6.25220007355206,
  "spacing_tr": 1.0,
  "spacing_x": 3.125,
  "spacing_y": 3.125,
  "spacing_z": 4.0,
  "summary_bg_k": 18.42968157135852,
  "summary_bg_mad": 115.01687810785572,
  "summary_bg_mean": 139.4122314453125,
  "summary_bg_median": 78.71959686279297,
  "summary_bg_n": 63792.0,
  "summary_bg_p05": 0.013513513840734959,
  "summary_bg_p95": 478.60407257080016,
  "summary_bg_stdv": 199.72711181640625,
  "summary_fg_k": 1.2824072767479038,
  "summary_fg_mad": 400.1722921609017,
  "summary_fg_mean": 2815.03857421875,
  "summary_fg_median": 2832.236572265625,
  "summary_fg_n": 26109.0,
  "summary_fg_p05": 2048.37578125,
  "summary_fg_p95": 3529.508154296875,
  "summary_fg_stdv": 452.9897155761719,
  "tsnr": 73.75720224692486
}