{
  "aor": 0.0006182666666666668,
  "aqi": 0.0030214225333333334,
  "bids_meta": {
    "EchoTime": 0.0036,
    "InstitutionName": "U of M FMRI",
    "Modality": "MR",
    "PatientPosition": "HFS",
    "RepetitionTime": 2.0,
    "SliceTiming": [
      0,
      0.069,
      0.138,
      0.207,
      0.276,
      0.345,
      0.414,
      0.483,
      0.552,
      0.621,
      0.69,
      0.759,
      0.828,
      0.897,
      0.966,
      1.035,
      1.104,
      1.173,
      1.242,
      1.311,
      1.38,
      1.449,
      1.518,
      1.587,
      1.656,
      1.725,
      1.794,
      1.863,
      1.932
    ],
    "TaskName": "reward",
    "dataset": "MLS",
    "modality": "bold",
    "run_id": 1,
    "session_id": "2",
    "subject_id": "75",
    "task_id": "reward"
  },
  "dummy_trs": 0,
  "dvars_nstd": 18.690662601946304,
  "dvars_std": 1.1810626206040267,
  "dvars_vstd": 1.00873805704698,
  "efc": 0.5807236927811604,
  "fber": 825.3286743164062,
  "fd_mean": 0.08150605712514061,
  "fd_num": 0,
  "fd_perc": 0.0,
  "fwhm_avg": 2.5719548666666667,
  "fwhm_x": 2.6944608,
  "fwhm_y": 3.0593088,
  "fwhm_z": 1.962095,
  "gcor": 0.0313649,
  "gsr_x": -0.0031714141368865967,
  "gsr_y": 0.04069308936595917,
  "provenance": {
    "md5sum": "7ca2e6f3de33f9bceb12d1c8abc221cd",
    "settings": {
      "fd_thres": 0.2,
      "testing": false
    },
    "software": "mriqc",
    "version": "23.1.0rc0"
  },
  "size_t": 150,
  "size_x": 64,
  "size_y": 64,
  "size_z": 29,
  "snr": 7.076309011767624,
  "spacing_tr": 1.0,
  "spacing_x": 3.125,
  "spacing_y": 3.125,
  "spacing_z": 4.0,
  "summary_bg_k": 15.799304750863907,
  "summary_bg_mad": 146.24882932173463,
  "summary_bg_mean": 169.6635284423828,
  "summary_bg_median": 99.55000305175781,
  "summary_bg_n": 62286.0,
  "summary_bg_p05": 0.013333333656191826,
  "summary_bg_p95": 591.0066833496094,
  "summary_bg_stdv": 229.791015625,
  "summary_fg_k": 1.5523607315058747,
  "summary_fg_mad": 372.2913348648004,
  "summary_fg_mean": 2926.229736328125,
  "summary_fg_median": 2948.186767578125,
  "summary_fg_n": 27043.0,
  "summary_fg_p05": 2229.1267822265627,
  "summary_fg_p95": 3564.575341796875,
  "summary_fg_stdv": 416.62005615234375,
  "tsnr": 91.32412131782621
}