{
  "aor": 0.0028088666666666665,
  "aqi": 0.007405429466666667,
  "bids_meta": {
    "EchoTime": 0.0036,
    "InstitutionName": "U of M FMRI",
    "Modality": "MR",
    "PatientPosition": "HFS",
    "RepetitionTime": 2.0,
    "SliceTiming": [
      0,
      0.069,
      0.138,
      0.207,
      0.276,
      0.345,
      0.414,
      0.483,
      0.552,
      0.621,
      0.69,
      0.759,
      0.828,
      0.897,
      0.966,
      1.035,
      1.104,
      1.173,
      1.242,
      1.311,
      1.38,
      1.449,
      1.518,
      1.587,
      1.656,
      1.725,
      1.794,
      1.863,
      1.932
    ],
    "TaskName": "reward",
    "dataset": "MLS",
    "modality": "bold",
    "run_id": 1,
    "session_id": "2",
    "subject_id": "05",
    "task_id": "reward"
  },
  "dummy_trs": 0,
  "dvars_nstd": 20.836970533892615,
  "dvars_std": 1.0814919008053694,
  "dvars_vstd": 1.0041606530872489,
  "efc": 0.5403145413101543,
  "fber": 1087.0263671875,
  "fd_mean": 0.09634530946852098,
  "fd_num": 8,
  "fd_perc": 5.333333333333333,
  "fwhm_avg": 2.1847470333333336,
  "fwhm_x": 2.2694464,
  "fwhm_y": 2.5435072,
  "fwhm_z": 1.7412875,
  "gcor": 0.031265,
  "gsr_x": 0.004679548554122448,
  "gsr_y": 0.02347973734140396,
  "provenance": {
    "md5sum": "14c00f61e1edc9973df8790cabe31663",
    "settings": {
      "fd_thres": 0.2,
      "testing": false
    },
    "software": "mriqc",
    "version": "23.1.0rc0"
  },
  "size_t": 150,
  "size_x": 64,
  "size_y": 64,
  "size_z": 29,
  "snr": 7.102804980639009,
  "spacing_tr": 1.0,
  "spacing_x": 3.125,
  "spacing_y": 3.125,
  "spacing_z": 4.0,
  "summary_bg_k": 23.650849215454866,
  "summary_bg_mad": 124.68191291576514,
  "summary_bg_mean": 144.2947998046875,
  "summary_bg_median": 88.52667236328125,
  "summary_bg_n": 66924.0,
  "summary_bg_p05": 0.02666666731238365,
  "summary_bg_p95": 493.9790130615234,
  "summary_bg_stdv": 213.0347900390625,
  "summary_fg_k": 0.9062888170618,
  "summary_fg_mad": 378.4787377757219,
  "summary_fg_mean": 2962.406494140625,
  "summary_fg_median": 2947.260009765625,
  "summary_fg_n": 23449.0,
  "summary_fg_p05": 2309.9734375,
  "summary_fg_p95": 3666.0267578124995,
  "summary_fg_stdv": 414.93426513671875,
  "tsnr": 65.93722341582179
}