{
  "aor": 0.0015448666666666665,
  "aqi": 0.0062342347999999985,
  "bids_meta": {
    "EchoTime": 0.0036,
    "InstitutionName": "U of M FMRI",
    "Modality": "MR",
    "PatientPosition": "HFS",
    "RepetitionTime": 2.0,
    "SliceTiming": [
      0,
      0.069,
      0.138,
      0.207,
      0.276,
      0.345,
      0.414,
      0.483,
      0.552,
      0.621,
      0.69,
      0.759,
      0.828,
      0.897,
      0.966,
      1.035,
      1.104,
      1.173,
      1.242,
      1.311,
      1.38,
      1.449,
      1.518,
      1.587,
      1.656,
      1.725,
      1.794,
      1.863,
      1.932
    ],
    "TaskName": "reward",
    "dataset": "MLS",
    "modality": "bold",
    "run_id": 2,
    "session_id": "2",
    "subject_id": "05",
    "task_id": "reward"
  },
  "dummy_trs": 0,
  "dvars_nstd": 20.171065516107387,
  "dvars_std": 1.0832294293288594,
  "dvars_vstd": 0.998102392281879,
  "efc": 0.5413425080858766,
  "fber": 1065.48388671875,
  "fd_mean": 0.09807633123987634,
  "fd_num": 12,
  "fd_perc": 8.0,
  "fwhm_avg": 2.1761908,
  "fwhm_x": 2.2677728,
  "fwhm_y": 2.5566496,
  "fwhm_z": 1.70415,
  "gcor": 0.0377641,
  "gsr_x": 0.0035469348076730967,
  "gsr_y": 0.02434401772916317,
  "provenance": {
    "md5sum": "eb88410365a18e83cddb5bb891ba5253",
    "settings": {
      "fd_thres": 0.2,
      "testing": false
    },
    "software": "mriqc",
    "version": "23.1.0rc0"
  },
  "size_t": 150,
  "size_x": 64,
  "size_y": 64,
  "size_z": 29,
  "snr": 6.994774968605838,
  "spacing_tr": 1.0,
  "spacing_x": 3.125,
  "spacing_y": 3.125,
  "spacing_z": 4.0,
  "summary_bg_k": 23.579782204305552,
  "summary_bg_mad": 126.73284261485605,
  "summary_bg_mean": 145.3995361328125,
  "summary_bg_median": 88.9866714477539,
  "summary_bg_n": 66855.0,
  "summary_bg_p05": 0.013333333656191826,
  "summary_bg_p95": 496.69335021972597,
  "summary_bg_stdv": 214.57656860351562,
  "summary_fg_k": 1.071094375256295,
  "summary_fg_mad": 384.5575516569678,
  "summary_fg_mean": 2961.91064453125,
  "summary_fg_median": 2953.40673828125,
  "summary_fg_n": 23511.0,
  "summary_fg_p05": 2291.3699951171875,
  "summary_fg_p95": 3670.2435302734375,
  "summary_fg_stdv": 422.221435546875,
  "tsnr": 69.5629084163811
}