{
  "aor": 0.0025243333333333337,
  "aqi": 0.009287516466666666,
  "bids_meta": {
    "EchoTime": 0.0036,
    "InstitutionName": "U of M FMRI",
    "Modality": "MR",
    "PatientPosition": "HFS",
    "RepetitionTime": 2.0,
    "SliceTiming": [
      0,
      0.069,
      0.138,
      0.207,
      0.276,
      0.345,
      0.414,
      0.483,
      0.552,
      0.621,
      0.69,
      0.759,
      0.828,
      0.897,
      0.966,
      1.035,
      1.104,
      1.173,
      1.242,
      1.311,
      1.38,
      1.449,
      1.518,
      1.587,
      1.656,
      1.725,
      1.794,
      1.863,
      1.932
    ],
    "TaskName": "reward",
    "dataset": "MLS",
    "modality": "bold",
    "run_id": 2,
    "session_id": "2",
    "subject_id": "159",
    "task_id": "reward"
  },
  "dummy_trs": 0,
  "dvars_nstd": 25.02251582859061,
  "dvars_std": 1.0693928689932883,
  "dvars_vstd": 0.9950833208724833,
  "efc": 0.5764509349651283,
  "fber": 622.0270385742188,
  "fd_mean": 0.2045661731022447,
  "fd_num": 45,
  "fd_perc": 30.0,
  "fwhm_avg": 2.4329880333333334,
  "fwhm_x": 2.4837024,
  "fwhm_y": 2.7814592,
  "fwhm_z": 2.0338025,
  "gcor": 0.026047,
  "gsr_x": 0.004796174354851246,
  "gsr_y": 0.02611839585006237,
  "provenance": {
    "md5sum": "f87bc2c5fec03856be980ece122a8423",
    "settings": {
      "fd_thres": 0.2,
      "testing": false
    },
    "software": "mriqc",
    "version": "23.1.0rc0"
  },
  "size_t": 150,
  "size_x": 64,
  "size_y": 64,
  "size_z": 29,
  "snr": 7.172512812858047,
  "spacing_tr": 1.0,
  "spacing_x": 3.125,
  "spacing_y": 3.125,
  "spacing_z": 4.0,
  "summary_bg_k": 17.529496350968216,
  "summary_bg_mad": 327.42775463156903,
  "summary_bg_mean": 354.7481994628906,
  "summary_bg_median": 244.15333557128906,
  "summary_bg_n": 63293.0,
  "summary_bg_p05": 0.35333335399627686,
  "summary_bg_p95": 1269.1093994140622,
  "summary_bg_stdv": 471.56109619140625,
  "summary_fg_k": 0.6733275257295643,
  "summary_fg_mad": 864.4758173945447,
  "summary_fg_mean": 6341.39111328125,
  "summary_fg_median": 6346.97998046875,
  "summary_fg_n": 26073.0,
  "summary_fg_p05": 4892.7373046875,
  "summary_fg_p95": 7748.0376953125,
  "summary_fg_stdv": 884.8862915039062,
  "tsnr": 53.222194651607424
}