{
  "bids_meta": {
    "AcquisitionMatrixPE": 160,
    "CoilString": "HEAD",
    "EchoTime": 0.001784,
    "FlipAngle": 15,
    "ImageType": [
      "ORIGINAL",
      "PRIMARY",
      "OTHER"
    ],
    "InPlanePhaseEncodingDirectionDICOM": "ROW",
    "InstitutionName": "U of M FMRi",
    "InversionTime": 0.4,
    "MRAcquisitionType": "3D",
    "Modality": "MR",
    "PatientPosition": "HFS",
    "PercentPhaseFOV": 100,
    "PercentSampling": 100,
    "ReconMatrixPE": 256,
    "RepetitionTime": 0.008948,
    "SAR": 0.017417,
    "ScanningSequence": "GR",
    "SeriesDescription": "3d spgr IR axial",
    "dataset": "MLS",
    "modality": "T1w",
    "session_id": "2",
    "subject_id": "48"
  },
  "cjv": 0.3427037689674333,
  "cnr": 3.906516278122482,
  "efc": 0.5966344466726172,
  "fber": 13351.384852663667,
  "fwhm_avg": 4.685000502116792,
  "fwhm_x": 5.21296,
  "fwhm_y": 4.80755,
  "fwhm_z": 4.034491506350378,
  "icvs_csf": 0.23453953289132742,
  "icvs_gm": 0.425974148711649,
  "icvs_wm": 0.33948631839702353,
  "inu_med": 0.6240480840206146,
  "inu_range": 0.41012475341558446,
  "provenance": {
    "md5sum": "7cd7fb9f1e96088f182a370b64de5bca",
    "settings": {
      "testing": false
    },
    "software": "mriqc",
    "version": "23.1.0rc0",
    "warnings": {
      "large_rot_frame": true,
      "small_air_mask": false
    }
  },
  "qi_1": 0.0,
  "qi_2": 0.0007714954744726762,
  "rpve_csf": 17.994721430567196,
  "rpve_gm": 9.99295056756134,
  "rpve_wm": 14.615778147527866,
  "size_x": 256,
  "size_y": 256,
  "size_z": 124,
  "snr_csf": 2.8598792624858036,
  "snr_gm": 12.247579425754829,
  "snr_total": 12.557465750495686,
  "snr_wm": 22.56493856324642,
  "snrd_csf": 24.093580601187302,
  "snrd_gm": 61.337091509682345,
  "snrd_total": 57.3601464286591,
  "snrd_wm": 86.64976717510766,
  "spacing_x": 1.0,
  "spacing_y": 1.0,
  "spacing_z": 1.2000000476837158,
  "summary_bg_k": 6.317358360594511,
  "summary_bg_mad": 7.5607405444039895,
  "summary_bg_mean": 11.532250222166446,
  "summary_bg_median": 5.099642001092434,
  "summary_bg_n": 1603122.0,
  "summary_bg_p05": 0.0,
  "summary_bg_p95": 46.69246683269739,
  "summary_bg_stdv": 16.960818061975854,
  "summary_csf_k": 5.142288479732766,
  "summary_csf_mad": 81.72034460760057,
  "summary_csf_mean": 284.2053610188085,
  "summary_csf_median": 278.0570759177208,
  "summary_csf_n": 33623.0,
  "summary_csf_p05": 134.51119550541043,
  "summary_csf_p95": 453.7198506347834,
  "summary_csf_stdv": 97.2254124887916,
  "summary_gm_k": 0.10468525280442842,
  "summary_gm_mad": 57.64394386690985,
  "summary_gm_mean": 705.1752175084853,
  "summary_gm_median": 707.8737109601498,
  "summary_gm_n": 19052.0,
  "summary_gm_p05": 605.5987630829216,
  "summary_gm_p95": 795.8859366875142,
  "summary_gm_stdv": 57.795512786449,
  "summary_wm_k": 0.5239842394370009,
  "summary_wm_mad": 42.46884050473731,
  "summary_wm_mean": 1001.079961858318,
  "summary_wm_median": 1000.000011973083,
  "summary_wm_n": 159277.0,
  "summary_wm_p05": 930.4857429936528,
  "summary_wm_p95": 1075.4096117764711,
  "summary_wm_stdv": 44.31640130462006,
  "tpm_overlap_csf": 0.1611102255579364,
  "tpm_overlap_gm": 0.4615103407293241,
  "tpm_overlap_wm": 0.5026025834254254,
  "wm2max": 0.5075725588823821
}