{
  "aor": 0.0009475333333333333,
  "aqi": 0.0024051061333333333,
  "bids_meta": {
    "EchoTime": 0.0036,
    "InstitutionName": "U of M FMRI",
    "Modality": "MR",
    "PatientPosition": "HFS",
    "RepetitionTime": 2.0,
    "SliceTiming": [
      0,
      0.069,
      0.138,
      0.207,
      0.276,
      0.345,
      0.414,
      0.483,
      0.552,
      0.621,
      0.69,
      0.759,
      0.828,
      0.897,
      0.966,
      1.035,
      1.104,
      1.173,
      1.242,
      1.311,
      1.38,
      1.449,
      1.518,
      1.587,
      1.656,
      1.725,
      1.794,
      1.863,
      1.932
    ],
    "TaskName": "reward",
    "dataset": "MLS",
    "modality": "bold",
    "run_id": 1,
    "session_id": "2",
    "subject_id": "39",
    "task_id": "reward"
  },
  "dummy_trs": 0,
  "dvars_nstd": 17.059612895302017,
  "dvars_std": 1.151431388120805,
  "dvars_vstd": 1.0183786419463092,
  "efc": 0.5544577079518234,
  "fber": 1291.19677734375,
  "fd_mean": 0.06856919472103903,
  "fd_num": 1,
  "fd_perc": 0.6666666666666666,
  "fwhm_avg": 2.4592523666666666,
  "fwhm_x": 2.644432,
  "fwhm_y": 2.8054976,
  "fwhm_z": 1.9278275,
  "gcor": 0.0818966,
  "gsr_x": 0.011030808091163635,
  "gsr_y": 0.029691342264413834,
  "provenance": {
    "md5sum": "2ae7e5f8b0fe5d99fa6c205633797263",
    "settings": {
      "fd_thres": 0.2,
      "testing": false
    },
    "software": "mriqc",
    "version": "23.1.0rc0"
  },
  "size_t": 150,
  "size_x": 64,
  "size_y": 64,
  "size_z": 29,
  "snr": 6.243204325343554,
  "spacing_tr": 1.0,
  "spacing_x": 3.125,
  "spacing_y": 3.125,
  "spacing_z": 4.0,
  "summary_bg_k": 17.441827384471186,
  "summary_bg_mad": 119.93263808749066,
  "summary_bg_mean": 147.70901489257812,
  "summary_bg_median": 82.08000183105469,
  "summary_bg_n": 65041.0,
  "summary_bg_p05": 0.0,
  "summary_bg_p95": 519.4266967773438,
  "summary_bg_stdv": 207.7491912841797,
  "summary_fg_k": 0.950821901602751,
  "summary_fg_mad": 440.6839634254485,
  "summary_fg_mean": 2998.685302734375,
  "summary_fg_median": 3000.04345703125,
  "summary_fg_n": 25514.0,
  "summary_fg_p05": 2205.781005859375,
  "summary_fg_p95": 3776.67333984375,
  "summary_fg_stdv": 480.52001953125,
  "tsnr": 93.07419258053415
}