{
  "aor": 0.0008684666666666667,
  "aqi": 0.007280912066666667,
  "bids_meta": {
    "EchoTime": 0.0036,
    "InstitutionName": "U of M FMRI",
    "Modality": "MR",
    "PatientPosition": "HFS",
    "RepetitionTime": 2.0,
    "SliceTiming": [
      0,
      0.069,
      0.138,
      0.207,
      0.276,
      0.345,
      0.414,
      0.483,
      0.552,
      0.621,
      0.69,
      0.759,
      0.828,
      0.897,
      0.966,
      1.035,
      1.104,
      1.173,
      1.242,
      1.311,
      1.38,
      1.449,
      1.518,
      1.587,
      1.656,
      1.725,
      1.794,
      1.863,
      1.932
    ],
    "TaskName": "reward",
    "dataset": "MLS",
    "modality": "bold",
    "run_id": 1,
    "session_id": "2",
    "subject_id": "171",
    "task_id": "reward"
  },
  "dummy_trs": 0,
  "dvars_nstd": 19.241917834228172,
  "dvars_std": 1.0847726653020138,
  "dvars_vstd": 0.9990660431543628,
  "efc": 0.5737294934073218,
  "fber": 644.4221801757812,
  "fd_mean": 0.04665121034058014,
  "fd_num": 0,
  "fd_perc": 0.0,
  "fwhm_avg": 2.2420057000000004,
  "fwhm_x": 2.3200384,
  "fwhm_y": 2.6103712000000003,
  "fwhm_z": 1.7956075,
  "gcor": 0.011493,
  "gsr_x": 0.011679884046316147,
  "gsr_y": 0.03416743874549866,
  "provenance": {
    "md5sum": "e927697b3c22c6788e3c7fcdd36e9990",
    "settings": {
      "fd_thres": 0.2,
      "testing": false
    },
    "software": "mriqc",
    "version": "23.1.0rc0"
  },
  "size_t": 150,
  "size_x": 64,
  "size_y": 64,
  "size_z": 29,
  "snr": 7.711260258356214,
  "spacing_tr": 1.0,
  "spacing_x": 3.125,
  "spacing_y": 3.125,
  "spacing_z": 4.0,
  "summary_bg_k": 16.734050563951335,
  "summary_bg_mad": 352.42444378663845,
  "summary_bg_mean": 371.3847351074219,
  "summary_bg_median": 242.04000854492188,
  "summary_bg_n": 63719.0,
  "summary_bg_p05": 0.019999999552965164,
  "summary_bg_p95": 1231.6680786132813,
  "summary_bg_stdv": 488.2394104003906,
  "summary_fg_k": 1.664580577723922,
  "summary_fg_mad": 783.3228919567046,
  "summary_fg_mean": 6242.4580078125,
  "summary_fg_median": 6251.6669921875,
  "summary_fg_n": 26056.0,
  "summary_fg_p05": 4982.36181640625,
  "summary_fg_p95": 7523.2216796875,
  "summary_fg_stdv": 810.7036743164062,
  "tsnr": 70.99425973836333
}