{
  "aor": 0.0011330666666666666,
  "aqi": 0.0044763958000000005,
  "bids_meta": {
    "EchoTime": 0.0036,
    "InstitutionName": "U of M FMRI",
    "Modality": "MR",
    "PatientPosition": "HFS",
    "RepetitionTime": 2.0,
    "SliceTiming": [
      0,
      0.069,
      0.138,
      0.207,
      0.276,
      0.345,
      0.414,
      0.483,
      0.552,
      0.621,
      0.69,
      0.759,
      0.828,
      0.897,
      0.966,
      1.035,
      1.104,
      1.173,
      1.242,
      1.311,
      1.38,
      1.449,
      1.518,
      1.587,
      1.656,
      1.725,
      1.794,
      1.863,
      1.932
    ],
    "TaskName": "reward",
    "dataset": "MLS",
    "modality": "bold",
    "run_id": 2,
    "session_id": "1",
    "subject_id": "162",
    "task_id": "reward"
  },
  "dummy_trs": 0,
  "dvars_nstd": 19.698050236442953,
  "dvars_std": 1.1294408601342276,
  "dvars_vstd": 1.0226176830201346,
  "efc": 0.5688954367544428,
  "fber": 710.9005737304688,
  "fd_mean": 0.12488538486732274,
  "fd_num": 18,
  "fd_perc": 12.0,
  "fwhm_avg": 2.549614266666667,
  "fwhm_x": 2.5994688000000004,
  "fwhm_y": 3.012224,
  "fwhm_z": 2.03715,
  "gcor": 0.0505429,
  "gsr_x": 0.009396133944392204,
  "gsr_y": 0.03167564049363136,
  "provenance": {
    "md5sum": "2ca02a817c36c1366a462d735206aee7",
    "settings": {
      "fd_thres": 0.2,
      "testing": false
    },
    "software": "mriqc",
    "version": "23.1.0rc0"
  },
  "size_t": 150,
  "size_x": 64,
  "size_y": 64,
  "size_z": 29,
  "snr": 7.547920130495276,
  "spacing_tr": 1.0,
  "spacing_x": 3.125,
  "spacing_y": 3.125,
  "spacing_z": 4.0,
  "summary_bg_k": 15.52260145887325,
  "summary_bg_mad": 221.50571323533094,
  "summary_bg_mean": 239.18601989746094,
  "summary_bg_median": 151.5,
  "summary_bg_n": 64234.0,
  "summary_bg_p05": 0.03999999910593033,
  "summary_bg_p95": 801.8823333740235,
  "summary_bg_stdv": 316.8414306640625,
  "summary_fg_k": 1.2018170828985388,
  "summary_fg_mad": 509.5013560738449,
  "summary_fg_mean": 4123.001953125,
  "summary_fg_median": 4118.330078125,
  "summary_fg_n": 25302.0,
  "summary_fg_p05": 3247.1694091796876,
  "summary_fg_p95": 5001.132299804687,
  "summary_fg_stdv": 545.6137084960938,
  "tsnr": 77.40959446399938
}