{
  "aor": 0.0006602027027027027,
  "aqi": 0.006808938716216217,
  "bids_meta": {
    "EchoTime": 0.0036,
    "InstitutionName": "U of M FMRI",
    "Modality": "MR",
    "PatientPosition": "HFS",
    "RepetitionTime": 2.0,
    "SliceTiming": [
      0,
      0.069,
      0.138,
      0.207,
      0.276,
      0.345,
      0.414,
      0.483,
      0.552,
      0.621,
      0.69,
      0.759,
      0.828,
      0.897,
      0.966,
      1.035,
      1.104,
      1.173,
      1.242,
      1.311,
      1.38,
      1.449,
      1.518,
      1.587,
      1.656,
      1.725,
      1.794,
      1.863,
      1.932
    ],
    "TaskName": "reward",
    "dataset": "MLS",
    "modality": "bold",
    "run_id": 2,
    "session_id": "2",
    "subject_id": "29",
    "task_id": "reward"
  },
  "dummy_trs": 2,
  "dvars_nstd": 21.117458097414964,
  "dvars_std": 1.080623627755103,
  "dvars_vstd": 0.9697513172789118,
  "efc": 0.5617280404071867,
  "fber": 966.6132202148438,
  "fd_mean": 0.11646477198646854,
  "fd_num": 8,
  "fd_perc": 5.405405405405405,
  "fwhm_avg": 2.1688567666666665,
  "fwhm_x": 2.2764384,
  "fwhm_y": 2.5656544,
  "fwhm_z": 1.6644775,
  "gcor": 0.0120423,
  "gsr_x": -0.0028756039682775736,
  "gsr_y": 0.03763776645064354,
  "provenance": {
    "md5sum": "c38c9953c4485b7db6cff99e874124c5",
    "settings": {
      "fd_thres": 0.2,
      "testing": false
    },
    "software": "mriqc",
    "version": "23.1.0rc0"
  },
  "size_t": 148,
  "size_x": 64,
  "size_y": 64,
  "size_z": 29,
  "snr": 6.8705174025288915,
  "spacing_tr": 1.0,
  "spacing_x": 3.125,
  "spacing_y": 3.125,
  "spacing_z": 4.0,
  "summary_bg_k": 19.30173542904781,
  "summary_bg_mad": 121.32294493297063,
  "summary_bg_mean": 122.51409149169922,
  "summary_bg_median": 86.54054260253906,
  "summary_bg_n": 62881.0,
  "summary_bg_p05": 0.020270271226763725,
  "summary_bg_p95": 390.3581237792969,
  "summary_bg_stdv": 157.2913360595703,
  "summary_fg_k": 1.1395718297775224,
  "summary_fg_mad": 365.5466892499263,
  "summary_fg_mean": 2746.78662109375,
  "summary_fg_median": 2745.80078125,
  "summary_fg_n": 26830.0,
  "summary_fg_p05": 2104.9057739257814,
  "summary_fg_p95": 3397.017724609375,
  "summary_fg_stdv": 399.642333984375,
  "tsnr": 67.64089465141296
}