{
  "aor": 0.0033919333333333338,
  "aqi": 0.004970594933333333,
  "bids_meta": {
    "EchoTime": 0.0036,
    "InstitutionName": "U of M FMRI",
    "Modality": "MR",
    "PatientPosition": "HFS",
    "RepetitionTime": 2.0,
    "SliceTiming": [
      0,
      0.069,
      0.138,
      0.207,
      0.276,
      0.345,
      0.414,
      0.483,
      0.552,
      0.621,
      0.69,
      0.759,
      0.828,
      0.897,
      0.966,
      1.035,
      1.104,
      1.173,
      1.242,
      1.311,
      1.38,
      1.449,
      1.518,
      1.587,
      1.656,
      1.725,
      1.794,
      1.863,
      1.932
    ],
    "TaskName": "reward",
    "dataset": "MLS",
    "modality": "bold",
    "run_id": 1,
    "session_id": "2",
    "subject_id": "85",
    "task_id": "reward"
  },
  "dummy_trs": 0,
  "dvars_nstd": 17.876595849530197,
  "dvars_std": 1.10474909442953,
  "dvars_vstd": 1.0209955478523491,
  "efc": 0.5759645648854196,
  "fber": 863.5144653320312,
  "fd_mean": 0.15632027573104093,
  "fd_num": 30,
  "fd_perc": 20.0,
  "fwhm_avg": 2.5926364,
  "fwhm_x": 2.7598176,
  "fwhm_y": 3.0283616,
  "fwhm_z": 1.98973,
  "gcor": 0.040522,
  "gsr_x": -0.0026352955028414726,
  "gsr_y": 0.05139628052711487,
  "provenance": {
    "md5sum": "916aaea06f7e6aa97170fdbf3940566b",
    "settings": {
      "fd_thres": 0.2,
      "testing": false
    },
    "software": "mriqc",
    "version": "23.1.0rc0"
  },
  "size_t": 150,
  "size_x": 64,
  "size_y": 64,
  "size_z": 29,
  "snr": 7.049423974963929,
  "spacing_tr": 1.0,
  "spacing_x": 3.125,
  "spacing_y": 3.125,
  "spacing_z": 4.0,
  "summary_bg_k": 25.68695693213832,
  "summary_bg_mad": 158.4901843692391,
  "summary_bg_mean": 172.28646850585938,
  "summary_bg_median": 111.4866714477539,
  "summary_bg_n": 62003.0,
  "summary_bg_p05": 0.013333333656191826,
  "summary_bg_p95": 565.1866760253898,
  "summary_bg_stdv": 226.42596435546875,
  "summary_fg_k": 1.1256249812365091,
  "summary_fg_mad": 438.33138209752445,
  "summary_fg_mean": 3332.185302734375,
  "summary_fg_median": 3339.18017578125,
  "summary_fg_n": 27404.0,
  "summary_fg_p05": 2566.610498046875,
  "summary_fg_p95": 4088.999829101562,
  "summary_fg_stdv": 473.6726379394531,
  "tsnr": 76.92247314820997
}