{
  "bids_meta": {
    "AcquisitionMatrixPE": 160,
    "CoilString": "HEAD",
    "EchoTime": 0.001784,
    "FlipAngle": 15,
    "ImageType": [
      "ORIGINAL",
      "PRIMARY",
      "OTHER"
    ],
    "InPlanePhaseEncodingDirectionDICOM": "ROW",
    "InstitutionName": "U of M FMRi",
    "InversionTime": 0.4,
    "MRAcquisitionType": "3D",
    "Modality": "MR",
    "PatientPosition": "HFS",
    "PercentPhaseFOV": 100,
    "PercentSampling": 100,
    "ReconMatrixPE": 256,
    "RepetitionTime": 0.008948,
    "SAR": 0.017417,
    "ScanningSequence": "GR",
    "SeriesDescription": "3d spgr IR axial",
    "dataset": "MLS",
    "modality": "T1w",
    "session_id": "1",
    "subject_id": "144"
  },
  "cjv": 0.31076141383567896,
  "cnr": 4.326647524854299,
  "efc": 0.723869287545862,
  "fber": 9790.332245688265,
  "fwhm_avg": 5.113434782880569,
  "fwhm_x": 5.73533,
  "fwhm_y": 5.90986,
  "fwhm_z": 3.695114348641708,
  "icvs_csf": 0.17384065275755695,
  "icvs_gm": 0.4567486353672409,
  "icvs_wm": 0.36941071187520214,
  "inu_med": 0.5604458451271057,
  "inu_range": 0.32701387256383896,
  "provenance": {
    "md5sum": "406e8ec5c8338aa2afc4c16d534c1549",
    "settings": {
      "testing": false
    },
    "software": "mriqc",
    "version": "23.1.0rc0",
    "warnings": {
      "large_rot_frame": true,
      "small_air_mask": false
    }
  },
  "qi_1": 0.0,
  "qi_2": 0.0028921838741691967,
  "rpve_csf": 14.726124822070787,
  "rpve_gm": 6.185370913607653,
  "rpve_wm": 8.686830732829765,
  "size_x": 202,
  "size_y": 192,
  "size_z": 112,
  "snr_csf": 2.223613298817087,
  "snr_gm": 14.492985048326311,
  "snr_total": 12.8448771546514,
  "snr_wm": 21.8180331168108,
  "snrd_csf": 18.28406013316528,
  "snrd_gm": 41.92269235552034,
  "snrd_total": 39.84637768442057,
  "snrd_wm": 59.33238056457607,
  "spacing_x": 1.0,
  "spacing_y": 1.0,
  "spacing_z": 1.399999976158142,
  "summary_bg_k": 7.789670201736207,
  "summary_bg_mad": 0.0,
  "summary_bg_mean": 7.338247879208661,
  "summary_bg_median": 0.0,
  "summary_bg_n": 571402.0,
  "summary_bg_p05": 0.0,
  "summary_bg_p95": 29.473684951663017,
  "summary_bg_stdv": 11.041802304912295,
  "summary_csf_k": 29.88022326889387,
  "summary_csf_mad": 90.2619719205042,
  "summary_csf_mean": 330.67138405878904,
  "summary_csf_median": 308.1632730551064,
  "summary_csf_n": 9052.0,
  "summary_csf_p05": 167.06982160173357,
  "summary_csf_p95": 517.6326660774647,
  "summary_csf_stdv": 138.57906449625466,
  "summary_gm_k": 0.1420875454533963,
  "summary_gm_mad": 47.870057796936415,
  "summary_gm_mean": 704.6764914673131,
  "summary_gm_median": 706.5735945664346,
  "summary_gm_n": 19178.0,
  "summary_gm_p05": 621.4328835103661,
  "summary_gm_p95": 781.5682258829474,
  "summary_gm_stdv": 48.75152844692508,
  "summary_wm_k": 0.5219488273607031,
  "summary_wm_mad": 43.315554626635745,
  "summary_wm_mean": 1004.5410624796259,
  "summary_wm_median": 1000.0000251457095,
  "summary_wm_n": 123364.0,
  "summary_wm_p05": 937.056951597333,
  "summary_wm_p95": 1086.2728522345424,
  "summary_wm_stdv": 45.833461097857956,
  "tpm_overlap_csf": 0.1729824939147792,
  "tpm_overlap_gm": 0.49285886285448566,
  "tpm_overlap_wm": 0.5153341952636576,
  "wm2max": 0.43977326405290507
}