{
  "aor": 0.0005032666666666667,
  "aqi": 0.007519247333333335,
  "bids_meta": {
    "EchoTime": 0.0036,
    "InstitutionName": "U of M FMRI",
    "Modality": "MR",
    "PatientPosition": "HFS",
    "RepetitionTime": 2.0,
    "SliceTiming": [
      0,
      0.069,
      0.138,
      0.207,
      0.276,
      0.345,
      0.414,
      0.483,
      0.552,
      0.621,
      0.69,
      0.759,
      0.828,
      0.897,
      0.966,
      1.035,
      1.104,
      1.173,
      1.242,
      1.311,
      1.38,
      1.449,
      1.518,
      1.587,
      1.656,
      1.725,
      1.794,
      1.863,
      1.932
    ],
    "TaskName": "reward",
    "dataset": "MLS",
    "modality": "bold",
    "run_id": 1,
    "session_id": "1",
    "subject_id": "114",
    "task_id": "reward"
  },
  "dummy_trs": 0,
  "dvars_nstd": 18.327474638993298,
  "dvars_std": 1.0300862230872485,
  "dvars_vstd": 0.9980993544295305,
  "efc": 0.5909029099311195,
  "fber": 881.201416015625,
  "fd_mean": 0.08953899821641274,
  "fd_num": 5,
  "fd_perc": 3.3333333333333335,
  "fwhm_avg": 2.0710280666666665,
  "fwhm_x": 2.0939264,
  "fwhm_y": 2.4869728,
  "fwhm_z": 1.632185,
  "gcor": 0.0304735,
  "gsr_x": 0.0010869213147088885,
  "gsr_y": 0.05164412781596184,
  "provenance": {
    "md5sum": "459bc653a698129a49e34d96f1aecffd",
    "settings": {
      "fd_thres": 0.2,
      "testing": false
    },
    "software": "mriqc",
    "version": "23.1.0rc0"
  },
  "size_t": 150,
  "size_x": 64,
  "size_y": 64,
  "size_z": 29,
  "snr": 7.702557003584146,
  "spacing_tr": 1.0,
  "spacing_x": 3.125,
  "spacing_y": 3.125,
  "spacing_z": 4.0,
  "summary_bg_k": 43.395357683505054,
  "summary_bg_mad": 130.27131883275393,
  "summary_bg_mean": 143.75732421875,
  "summary_bg_median": 88.72666931152344,
  "summary_bg_n": 59653.0,
  "summary_bg_p05": 0.03999999910593033,
  "summary_bg_p95": 479.04669189453125,
  "summary_bg_stdv": 210.06553649902344,
  "summary_fg_k": 2.3717873383868184,
  "summary_fg_mad": 304.5462588844516,
  "summary_fg_mean": 2728.662109375,
  "summary_fg_median": 2696.98681640625,
  "summary_fg_n": 29727.0,
  "summary_fg_p05": 2249.1106689453127,
  "summary_fg_p95": 3327.4874511718745,
  "summary_fg_stdv": 350.1358642578125,
  "tsnr": 70.87839726358652
}