{
  "aor": 0.001872666666666667,
  "aqi": 0.006724315333333334,
  "bids_meta": {
    "EchoTime": 0.0036,
    "InstitutionName": "U of M FMRI",
    "Modality": "MR",
    "PatientPosition": "HFS",
    "RepetitionTime": 2.0,
    "SliceTiming": [
      0,
      0.069,
      0.138,
      0.207,
      0.276,
      0.345,
      0.414,
      0.483,
      0.552,
      0.621,
      0.69,
      0.759,
      0.828,
      0.897,
      0.966,
      1.035,
      1.104,
      1.173,
      1.242,
      1.311,
      1.38,
      1.449,
      1.518,
      1.587,
      1.656,
      1.725,
      1.794,
      1.863,
      1.932
    ],
    "TaskName": "reward",
    "dataset": "MLS",
    "modality": "bold",
    "run_id": 2,
    "session_id": "1",
    "subject_id": "114",
    "task_id": "reward"
  },
  "dummy_trs": 0,
  "dvars_nstd": 18.749463746577185,
  "dvars_std": 1.0537704612080536,
  "dvars_vstd": 1.0211836581879195,
  "efc": 0.5909906905462782,
  "fber": 874.6074829101562,
  "fd_mean": 0.09938132917353025,
  "fd_num": 8,
  "fd_perc": 5.333333333333333,
  "fwhm_avg": 2.0768058333333332,
  "fwhm_x": 2.1055136,
  "fwhm_y": 2.4723264,
  "fwhm_z": 1.6525775,
  "gcor": 0.0247144,
  "gsr_x": 0.0008536033565178514,
  "gsr_y": 0.05000743642449379,
  "provenance": {
    "md5sum": "5b42065acc82c63c3466dd785faf3eeb",
    "settings": {
      "fd_thres": 0.2,
      "testing": false
    },
    "software": "mriqc",
    "version": "23.1.0rc0"
  },
  "size_t": 150,
  "size_x": 64,
  "size_y": 64,
  "size_z": 29,
  "snr": 7.413354118732511,
  "spacing_tr": 1.0,
  "spacing_x": 3.125,
  "spacing_y": 3.125,
  "spacing_z": 4.0,
  "summary_bg_k": 46.2525328191318,
  "summary_bg_mad": 130.6617368678883,
  "summary_bg_mean": 145.6610107421875,
  "summary_bg_median": 89.35000610351562,
  "summary_bg_n": 59528.0,
  "summary_bg_p05": 0.0,
  "summary_bg_p95": 483.51001739501913,
  "summary_bg_stdv": 215.79684448242188,
  "summary_fg_k": 1.8534910893242644,
  "summary_fg_mad": 324.2303732754825,
  "summary_fg_mean": 2745.835693359375,
  "summary_fg_median": 2711.580078125,
  "summary_fg_n": 29890.0,
  "summary_fg_p05": 2240.2053344726564,
  "summary_fg_p95": 3376.3373291015623,
  "summary_fg_stdv": 365.7635498046875,
  "tsnr": 70.88701233023312
}