{
  "aor": 0.0007645333333333333,
  "aqi": 0.0028116362666666668,
  "bids_meta": {
    "EchoTime": 0.0036,
    "InstitutionName": "U of M FMRI",
    "Modality": "MR",
    "PatientPosition": "HFS",
    "RepetitionTime": 2.0,
    "SliceTiming": [
      0,
      0.069,
      0.138,
      0.207,
      0.276,
      0.345,
      0.414,
      0.483,
      0.552,
      0.621,
      0.69,
      0.759,
      0.828,
      0.897,
      0.966,
      1.035,
      1.104,
      1.173,
      1.242,
      1.311,
      1.38,
      1.449,
      1.518,
      1.587,
      1.656,
      1.725,
      1.794,
      1.863,
      1.932
    ],
    "TaskName": "reward",
    "dataset": "MLS",
    "modality": "bold",
    "run_id": 2,
    "session_id": "3",
    "subject_id": "54",
    "task_id": "reward"
  },
  "dummy_trs": 0,
  "dvars_nstd": 16.512313535234902,
  "dvars_std": 1.1016663802684565,
  "dvars_vstd": 1.0081581985906036,
  "efc": 0.5932537087533732,
  "fber": 757.4332275390625,
  "fd_mean": 0.0673039748342038,
  "fd_num": 0,
  "fd_perc": 0.0,
  "fwhm_avg": 2.830993933333333,
  "fwhm_x": 2.9872287999999996,
  "fwhm_y": 3.344768,
  "fwhm_z": 2.160985,
  "gcor": 0.0321584,
  "gsr_x": -0.0020012794993817806,
  "gsr_y": 0.03309592232108116,
  "provenance": {
    "md5sum": "2eb318a8cf5362ff3fde3fed63ad339a",
    "settings": {
      "fd_thres": 0.2,
      "testing": false
    },
    "software": "mriqc",
    "version": "23.1.0rc0"
  },
  "size_t": 150,
  "size_x": 64,
  "size_y": 64,
  "size_z": 29,
  "snr": 5.776224794386041,
  "spacing_tr": 1.0,
  "spacing_x": 3.125,
  "spacing_y": 3.125,
  "spacing_z": 4.0,
  "summary_bg_k": 19.937464619154525,
  "summary_bg_mad": 130.39980789790545,
  "summary_bg_mean": 148.4765167236328,
  "summary_bg_median": 90.96666717529297,
  "summary_bg_n": 59637.0,
  "summary_bg_p05": 0.006666666828095913,
  "summary_bg_p95": 514.5666748046865,
  "summary_bg_stdv": 205.86854553222656,
  "summary_fg_k": 0.6630130167119073,
  "summary_fg_mad": 409.6874058862352,
  "summary_fg_mean": 2573.492431640625,
  "summary_fg_median": 2601.820068359375,
  "summary_fg_n": 28992.0,
  "summary_fg_p05": 1795.4947387695313,
  "summary_fg_p95": 3279.230187988281,
  "summary_fg_stdv": 450.4283142089844,
  "tsnr": 81.59528771787882
}