{
  "aor": 0.0004452666666666667,
  "aqi": 0.003456512933333334,
  "bids_meta": {
    "EchoTime": 0.0036,
    "InstitutionName": "U of M FMRI",
    "Modality": "MR",
    "PatientPosition": "HFS",
    "RepetitionTime": 2.0,
    "SliceTiming": [
      0,
      0.069,
      0.138,
      0.207,
      0.276,
      0.345,
      0.414,
      0.483,
      0.552,
      0.621,
      0.69,
      0.759,
      0.828,
      0.897,
      0.966,
      1.035,
      1.104,
      1.173,
      1.242,
      1.311,
      1.38,
      1.449,
      1.518,
      1.587,
      1.656,
      1.725,
      1.794,
      1.863,
      1.932
    ],
    "TaskName": "reward",
    "dataset": "MLS",
    "modality": "bold",
    "run_id": 1,
    "session_id": "3",
    "subject_id": "54",
    "task_id": "reward"
  },
  "dummy_trs": 0,
  "dvars_nstd": 16.906350360067112,
  "dvars_std": 1.0548713031543626,
  "dvars_vstd": 0.9739381955033557,
  "efc": 0.5919465777975366,
  "fber": 764.15869140625,
  "fd_mean": 0.06702135969387712,
  "fd_num": 1,
  "fd_perc": 0.6666666666666666,
  "fwhm_avg": 2.8338513666666665,
  "fwhm_x": 3.0017056,
  "fwhm_y": 3.328896,
  "fwhm_z": 2.1709525,
  "gcor": 0.0190836,
  "gsr_x": -0.001501573366113007,
  "gsr_y": 0.03360589221119881,
  "provenance": {
    "md5sum": "49338d333023d3eef6786e4d3f5836cc",
    "settings": {
      "fd_thres": 0.2,
      "testing": false
    },
    "software": "mriqc",
    "version": "23.1.0rc0"
  },
  "size_t": 150,
  "size_x": 64,
  "size_y": 64,
  "size_z": 29,
  "snr": 5.715368360051236,
  "spacing_tr": 1.0,
  "spacing_x": 3.125,
  "spacing_y": 3.125,
  "spacing_z": 4.0,
  "summary_bg_k": 19.134988696617278,
  "summary_bg_mad": 129.87101484811618,
  "summary_bg_mean": 144.36253356933594,
  "summary_bg_median": 89.13333129882812,
  "summary_bg_n": 59604.0,
  "summary_bg_p05": 0.0,
  "summary_bg_p95": 492.75235443115236,
  "summary_bg_stdv": 201.98736572265625,
  "summary_fg_k": 0.5607608784360383,
  "summary_fg_mad": 411.8076066906533,
  "summary_fg_mean": 2536.606201171875,
  "summary_fg_median": 2560.61669921875,
  "summary_fg_n": 29022.0,
  "summary_fg_p05": 1765.042706298828,
  "summary_fg_p95": 3239.109716796874,
  "summary_fg_stdv": 448.01531982421875,
  "tsnr": 77.3335803791415
}