{
  "aor": 0.0011630666666666665,
  "aqi": 0.013399086066666666,
  "bids_meta": {
    "EchoTime": 0.0036,
    "InstitutionName": "U of M FMRI",
    "Modality": "MR",
    "PatientPosition": "HFS",
    "RepetitionTime": 2.0,
    "SliceTiming": [
      0,
      0.069,
      0.138,
      0.207,
      0.276,
      0.345,
      0.414,
      0.483,
      0.552,
      0.621,
      0.69,
      0.759,
      0.828,
      0.897,
      0.966,
      1.035,
      1.104,
      1.173,
      1.242,
      1.311,
      1.38,
      1.449,
      1.518,
      1.587,
      1.656,
      1.725,
      1.794,
      1.863,
      1.932
    ],
    "TaskName": "reward",
    "dataset": "MLS",
    "modality": "bold",
    "run_id": 1,
    "session_id": "2",
    "subject_id": "102",
    "task_id": "reward"
  },
  "dummy_trs": 0,
  "dvars_nstd": 22.396813591275173,
  "dvars_std": 1.0338669468456383,
  "dvars_vstd": 0.9465589747651011,
  "efc": 0.563582102792555,
  "fber": 567.0316772460938,
  "fd_mean": 0.18810066629219507,
  "fd_num": 36,
  "fd_perc": 24.0,
  "fwhm_avg": 2.3954211,
  "fwhm_x": 2.5309984,
  "fwhm_y": 2.7169024000000004,
  "fwhm_z": 1.9383625,
  "gcor": 0.0338394,
  "gsr_x": 0.00180914462544024,
  "gsr_y": 0.03354717418551445,
  "provenance": {
    "md5sum": "b89eb09a2894201dd1fe3a1ebd8688f0",
    "settings": {
      "fd_thres": 0.2,
      "testing": false
    },
    "software": "mriqc",
    "version": "23.1.0rc0"
  },
  "size_t": 150,
  "size_x": 64,
  "size_y": 64,
  "size_z": 29,
  "snr": 7.814536128264584,
  "spacing_tr": 1.0,
  "spacing_x": 3.125,
  "spacing_y": 3.125,
  "spacing_z": 4.0,
  "summary_bg_k": 14.625641724099285,
  "summary_bg_mad": 420.2485486853489,
  "summary_bg_mean": 457.6493835449219,
  "summary_bg_median": 348.0466613769531,
  "summary_bg_n": 65397.0,
  "summary_bg_p05": 0.2600000202655792,
  "summary_bg_p95": 1421.9533203125,
  "summary_bg_stdv": 534.4213256835938,
  "summary_fg_k": 0.7120015751725939,
  "summary_fg_mad": 1015.0888015547451,
  "summary_fg_mean": 8380.9384765625,
  "summary_fg_median": 8403.1669921875,
  "summary_fg_n": 24419.0,
  "summary_fg_p05": 6625.03818359375,
  "summary_fg_p95": 10107.9171875,
  "summary_fg_stdv": 1075.3031005859375,
  "tsnr": 50.16535531380214
}