{
  "aor": 0.00048819999999999994,
  "aqi": 0.0065269734,
  "bids_meta": {
    "EchoTime": 0.0036,
    "InstitutionName": "U of M FMRI",
    "Modality": "MR",
    "PatientPosition": "HFS",
    "RepetitionTime": 2.0,
    "SliceTiming": [
      0,
      0.069,
      0.138,
      0.207,
      0.276,
      0.345,
      0.414,
      0.483,
      0.552,
      0.621,
      0.69,
      0.759,
      0.828,
      0.897,
      0.966,
      1.035,
      1.104,
      1.173,
      1.242,
      1.311,
      1.38,
      1.449,
      1.518,
      1.587,
      1.656,
      1.725,
      1.794,
      1.863,
      1.932
    ],
    "TaskName": "reward",
    "dataset": "MLS",
    "modality": "bold",
    "run_id": 1,
    "session_id": "2",
    "subject_id": "123",
    "task_id": "reward"
  },
  "dummy_trs": 0,
  "dvars_nstd": 19.36997453302014,
  "dvars_std": 1.1198348495973154,
  "dvars_vstd": 0.9858515653020133,
  "efc": 0.5465382960444544,
  "fber": 1278.43994140625,
  "fd_mean": 0.07418151318356264,
  "fd_num": 0,
  "fd_perc": 0.0,
  "fwhm_avg": 2.0554516333333335,
  "fwhm_x": 2.1143584,
  "fwhm_y": 2.390864,
  "fwhm_z": 1.6611325,
  "gcor": 0.0119849,
  "gsr_x": -0.0029674959369003773,
  "gsr_y": 0.043028056621551514,
  "provenance": {
    "md5sum": "59617d5fb709aa427542139e7ae98465",
    "settings": {
      "fd_thres": 0.2,
      "testing": false
    },
    "software": "mriqc",
    "version": "23.1.0rc0"
  },
  "size_t": 150,
  "size_x": 64,
  "size_y": 64,
  "size_z": 29,
  "snr": 7.797059292724698,
  "spacing_tr": 1.0,
  "spacing_x": 3.125,
  "spacing_y": 3.125,
  "spacing_z": 4.0,
  "summary_bg_k": 36.479315686270375,
  "summary_bg_mad": 123.93566821317079,
  "summary_bg_mean": 146.5222930908203,
  "summary_bg_median": 85.20000457763672,
  "summary_bg_n": 65845.0,
  "summary_bg_p05": 0.013333333656191826,
  "summary_bg_p95": 513.590686035156,
  "summary_bg_stdv": 230.80841064453125,
  "summary_fg_k": 1.7241846931899811,
  "summary_fg_mad": 357.86039576604776,
  "summary_fg_mean": 3111.037109375,
  "summary_fg_median": 3087.93017578125,
  "summary_fg_n": 24626.0,
  "summary_fg_p05": 2536.1199951171875,
  "summary_fg_p95": 3772.6517944335938,
  "summary_fg_stdv": 396.0297546386719,
  "tsnr": 78.63342242315412
}