{
  "aor": 0.0004855333333333334,
  "aqi": 0.006500165666666666,
  "bids_meta": {
    "EchoTime": 0.0036,
    "InstitutionName": "U of M FMRI",
    "Modality": "MR",
    "PatientPosition": "HFS",
    "RepetitionTime": 2.0,
    "SliceTiming": [
      0,
      0.069,
      0.138,
      0.207,
      0.276,
      0.345,
      0.414,
      0.483,
      0.552,
      0.621,
      0.69,
      0.759,
      0.828,
      0.897,
      0.966,
      1.035,
      1.104,
      1.173,
      1.242,
      1.311,
      1.38,
      1.449,
      1.518,
      1.587,
      1.656,
      1.725,
      1.794,
      1.863,
      1.932
    ],
    "TaskName": "reward",
    "dataset": "MLS",
    "modality": "bold",
    "run_id": 2,
    "session_id": "2",
    "subject_id": "123",
    "task_id": "reward"
  },
  "dummy_trs": 0,
  "dvars_nstd": 19.431524814630873,
  "dvars_std": 1.1171726553691275,
  "dvars_vstd": 0.9942779793959734,
  "efc": 0.5509439978446323,
  "fber": 1225.458984375,
  "fd_mean": 0.09449780423772812,
  "fd_num": 6,
  "fd_perc": 4.0,
  "fwhm_avg": 2.1029294666666662,
  "fwhm_x": 2.1441472,
  "fwhm_y": 2.4188512,
  "fwhm_z": 1.74579,
  "gcor": 0.0154375,
  "gsr_x": -0.0034731337800621986,
  "gsr_y": 0.04577963426709175,
  "provenance": {
    "md5sum": "2618a3f45d177bcf38345109f526a80c",
    "settings": {
      "fd_thres": 0.2,
      "testing": false
    },
    "software": "mriqc",
    "version": "23.1.0rc0"
  },
  "size_t": 150,
  "size_x": 64,
  "size_y": 64,
  "size_z": 29,
  "snr": 7.710697019111391,
  "spacing_tr": 1.0,
  "spacing_x": 3.125,
  "spacing_y": 3.125,
  "spacing_z": 4.0,
  "summary_bg_k": 37.00634139924857,
  "summary_bg_mad": 125.15140034271138,
  "summary_bg_mean": 152.46145629882812,
  "summary_bg_median": 86.87333679199219,
  "summary_bg_n": 65753.0,
  "summary_bg_p05": 0.013333333656191826,
  "summary_bg_p95": 546.8040039062498,
  "summary_bg_stdv": 239.72329711914062,
  "summary_fg_k": 1.595495437849376,
  "summary_fg_mad": 352.93859799599653,
  "summary_fg_mean": 3114.507568359375,
  "summary_fg_median": 3090.546630859375,
  "summary_fg_n": 24665.0,
  "summary_fg_p05": 2518.734765625,
  "summary_fg_p95": 3787.9254394531245,
  "summary_fg_stdv": 400.80474853515625,
  "tsnr": 77.19956321571954
}