{
  "aor": 0.0014642,
  "aqi": 0.003255266466666667,
  "bids_meta": {
    "EchoTime": 0.0036,
    "InstitutionName": "U of M FMRI",
    "Modality": "MR",
    "PatientPosition": "HFS",
    "RepetitionTime": 2.0,
    "SliceTiming": [
      0,
      0.069,
      0.138,
      0.207,
      0.276,
      0.345,
      0.414,
      0.483,
      0.552,
      0.621,
      0.69,
      0.759,
      0.828,
      0.897,
      0.966,
      1.035,
      1.104,
      1.173,
      1.242,
      1.311,
      1.38,
      1.449,
      1.518,
      1.587,
      1.656,
      1.725,
      1.794,
      1.863,
      1.932
    ],
    "TaskName": "reward",
    "dataset": "MLS",
    "modality": "bold",
    "run_id": 1,
    "session_id": "2",
    "subject_id": "93",
    "task_id": "reward"
  },
  "dummy_trs": 0,
  "dvars_nstd": 17.475353336845632,
  "dvars_std": 1.125221743624161,
  "dvars_vstd": 1.0265133536912752,
  "efc": 0.5763865544310823,
  "fber": 859.8580932617188,
  "fd_mean": 0.09064271882988603,
  "fd_num": 4,
  "fd_perc": 2.6666666666666665,
  "fwhm_avg": 2.6157755999999996,
  "fwhm_x": 2.7483616,
  "fwhm_y": 3.0445952,
  "fwhm_z": 2.05437,
  "gcor": 0.0419491,
  "gsr_x": 0.0037798418197780848,
  "gsr_y": 0.04244396835565567,
  "provenance": {
    "md5sum": "00c135e76c753764e5c6ab6545e37536",
    "settings": {
      "fd_thres": 0.2,
      "testing": false
    },
    "software": "mriqc",
    "version": "23.1.0rc0"
  },
  "size_t": 150,
  "size_x": 64,
  "size_y": 64,
  "size_z": 29,
  "snr": 6.3332937207656474,
  "spacing_tr": 1.0,
  "spacing_x": 3.125,
  "spacing_y": 3.125,
  "spacing_z": 4.0,
  "summary_bg_k": 30.127270662802175,
  "summary_bg_mad": 153.45921830430257,
  "summary_bg_mean": 181.1945343017578,
  "summary_bg_median": 104.1933364868164,
  "summary_bg_n": 62817.0,
  "summary_bg_p05": 0.03333333507180214,
  "summary_bg_p95": 636.8147094726556,
  "summary_bg_stdv": 253.82699584960938,
  "summary_fg_k": 1.1812787082909217,
  "summary_fg_mad": 444.8894355630724,
  "summary_fg_mean": 3146.683349609375,
  "summary_fg_median": 3163.056640625,
  "summary_fg_n": 26788.0,
  "summary_fg_p05": 2310.009143066406,
  "summary_fg_p95": 3943.590783691406,
  "summary_fg_stdv": 499.4237976074219,
  "tsnr": 82.97563133272342
}