{
  "aor": 0.005785200000000001,
  "aqi": 0.010047157400000001,
  "bids_meta": {
    "EchoTime": 0.0036,
    "InstitutionName": "U of M FMRI",
    "Modality": "MR",
    "PatientPosition": "HFS",
    "RepetitionTime": 2.0,
    "SliceTiming": [
      0,
      0.069,
      0.138,
      0.207,
      0.276,
      0.345,
      0.414,
      0.483,
      0.552,
      0.621,
      0.69,
      0.759,
      0.828,
      0.897,
      0.966,
      1.035,
      1.104,
      1.173,
      1.242,
      1.311,
      1.38,
      1.449,
      1.518,
      1.587,
      1.656,
      1.725,
      1.794,
      1.863,
      1.932
    ],
    "TaskName": "reward",
    "dataset": "MLS",
    "modality": "bold",
    "run_id": 1,
    "session_id": "1",
    "subject_id": "153",
    "task_id": "reward"
  },
  "dummy_trs": 0,
  "dvars_nstd": 19.141308054966437,
  "dvars_std": 1.1077107562416106,
  "dvars_vstd": 1.0166530913422822,
  "efc": 0.5751328920543685,
  "fber": 838.6852416992188,
  "fd_mean": 0.15109118019245935,
  "fd_num": 27,
  "fd_perc": 18.0,
  "fwhm_avg": 2.4554467333333334,
  "fwhm_x": 2.6174560000000002,
  "fwhm_y": 2.8813792,
  "fwhm_z": 1.867505,
  "gcor": 0.0316382,
  "gsr_x": 0.004370410926640034,
  "gsr_y": 0.04014360159635544,
  "provenance": {
    "md5sum": "f51977ce935bd8fb683ed2806ada4bcd",
    "settings": {
      "fd_thres": 0.2,
      "testing": false
    },
    "software": "mriqc",
    "version": "23.1.0rc0"
  },
  "size_t": 150,
  "size_x": 64,
  "size_y": 64,
  "size_z": 29,
  "snr": 6.645999887721442,
  "spacing_tr": 1.0,
  "spacing_x": 3.125,
  "spacing_y": 3.125,
  "spacing_z": 4.0,
  "summary_bg_k": 24.36255334570345,
  "summary_bg_mad": 148.88291454196622,
  "summary_bg_mean": 160.4549560546875,
  "summary_bg_median": 102.5,
  "summary_bg_n": 62029.0,
  "summary_bg_p05": 0.10000000149011612,
  "summary_bg_p95": 513.7066650390625,
  "summary_bg_stdv": 206.84683227539062,
  "summary_fg_k": 1.3432426229491972,
  "summary_fg_mad": 415.3461612043522,
  "summary_fg_mean": 3090.05810546875,
  "summary_fg_median": 3101.553466796875,
  "summary_fg_n": 26965.0,
  "summary_fg_p05": 2329.318701171875,
  "summary_fg_p95": 3826.5426757812497,
  "summary_fg_stdv": 466.67108154296875,
  "tsnr": 58.842627560254186
}