{
  "bids_meta": {
    "AcquisitionMatrixPE": 160,
    "CoilString": "HEAD",
    "EchoTime": 0.001784,
    "FlipAngle": 15,
    "ImageType": [
      "ORIGINAL",
      "PRIMARY",
      "OTHER"
    ],
    "InPlanePhaseEncodingDirectionDICOM": "ROW",
    "InstitutionName": "U of M FMRi",
    "InversionTime": 0.4,
    "MRAcquisitionType": "3D",
    "Modality": "MR",
    "PatientPosition": "HFS",
    "PercentPhaseFOV": 100,
    "PercentSampling": 100,
    "ReconMatrixPE": 256,
    "RepetitionTime": 0.008948,
    "SAR": 0.017417,
    "ScanningSequence": "GR",
    "SeriesDescription": "3d spgr IR axial",
    "dataset": "MLS",
    "modality": "T1w",
    "session_id": "1",
    "subject_id": "94"
  },
  "cjv": 0.3137809914629151,
  "cnr": 4.252191102464499,
  "efc": 0.5495292723988419,
  "fber": 6703.1606802766555,
  "fwhm_avg": 4.760763649732755,
  "fwhm_x": 5.347659588031717,
  "fwhm_y": 5.38124469449988,
  "fwhm_z": 3.5533866666666665,
  "icvs_csf": 0.17697707267280988,
  "icvs_gm": 0.44845666015849034,
  "icvs_wm": 0.3745662671686998,
  "inu_med": 0.6021840274333954,
  "inu_range": 0.3397761955857275,
  "provenance": {
    "md5sum": "7313ae4d89431a76c0bcf46a0fb136ad",
    "settings": {
      "testing": false
    },
    "software": "mriqc",
    "version": "23.1.0rc0",
    "warnings": {
      "large_rot_frame": true,
      "small_air_mask": false
    }
  },
  "qi_1": 8.422291164890862e-05,
  "qi_2": 0.0011471957120334916,
  "rpve_csf": 25.412443474767727,
  "rpve_gm": 10.63610536385335,
  "rpve_wm": 14.323387674519342,
  "size_x": 256,
  "size_y": 256,
  "size_z": 106,
  "snr_csf": 1.2268283656672514,
  "snr_gm": 12.052620093155053,
  "snr_total": 11.715114569694023,
  "snr_wm": 21.865895250259765,
  "snrd_csf": 17.424911225372202,
  "snrd_gm": 44.30758703046672,
  "snrd_total": 42.364284730381534,
  "snrd_wm": 65.36035593530568,
  "spacing_x": 0.9399999976158142,
  "spacing_y": 0.9399999976158142,
  "spacing_z": 1.5,
  "summary_bg_k": 24.85254573225283,
  "summary_bg_mad": 10.023452085476439,
  "summary_bg_mean": 13.28749714813456,
  "summary_bg_median": 6.760715693235397,
  "summary_bg_n": 1420675.0,
  "summary_bg_p05": 0.0,
  "summary_bg_p95": 53.364582538604736,
  "summary_bg_stdv": 21.981358884524752,
  "summary_csf_k": 19.058346766329276,
  "summary_csf_mad": 135.41683767478668,
  "summary_csf_mean": 287.7435290186224,
  "summary_csf_median": 266.59755550324917,
  "summary_csf_n": 7724.0,
  "summary_csf_p05": 51.03438919633627,
  "summary_csf_p95": 514.156935614347,
  "summary_csf_stdv": 217.29225103173022,
  "summary_gm_k": -0.055531791154378674,
  "summary_gm_mad": 57.56802647758634,
  "summary_gm_mean": 676.2645449856003,
  "summary_gm_median": 677.8969625607133,
  "summary_gm_n": 24706.0,
  "summary_gm_p05": 582.2328355014324,
  "summary_gm_p95": 764.039748352021,
  "summary_gm_stdv": 56.243641457587294,
  "summary_wm_k": 0.37059120297061154,
  "summary_wm_mad": 43.50178205096774,
  "summary_wm_mean": 1000.452344781486,
  "summary_wm_median": 999.9999939054251,
  "summary_wm_n": 121017.0,
  "summary_wm_p05": 925.3616926521063,
  "summary_wm_p95": 1076.396081238985,
  "summary_wm_stdv": 45.73313147258903,
  "tpm_overlap_csf": 0.14434525837224088,
  "tpm_overlap_gm": 0.49742780812244236,
  "tpm_overlap_wm": 0.5118904137371039,
  "wm2max": 0.4143075888855692
}