{
  "aor": 0.0024626,
  "aqi": 0.006220753999999999,
  "bids_meta": {
    "EchoTime": 0.0036,
    "InstitutionName": "U of M FMRI",
    "Modality": "MR",
    "PatientPosition": "HFS",
    "RepetitionTime": 2.0,
    "SliceTiming": [
      0,
      0.069,
      0.138,
      0.207,
      0.276,
      0.345,
      0.414,
      0.483,
      0.552,
      0.621,
      0.69,
      0.759,
      0.828,
      0.897,
      0.966,
      1.035,
      1.104,
      1.173,
      1.242,
      1.311,
      1.38,
      1.449,
      1.518,
      1.587,
      1.656,
      1.725,
      1.794,
      1.863,
      1.932
    ],
    "TaskName": "reward",
    "dataset": "MLS",
    "modality": "bold",
    "run_id": 1,
    "session_id": "1",
    "subject_id": "207",
    "task_id": "reward"
  },
  "dummy_trs": 0,
  "dvars_nstd": 16.758137965570473,
  "dvars_std": 1.0850888294630874,
  "dvars_vstd": 0.988847929060403,
  "efc": 0.5315918882765059,
  "fber": 2108.361572265625,
  "fd_mean": 0.1719970109334689,
  "fd_num": 39,
  "fd_perc": 26.0,
  "fwhm_avg": 2.6715039333333337,
  "fwhm_x": 2.8306432,
  "fwhm_y": 3.1509536000000002,
  "fwhm_z": 2.032915,
  "gcor": 0.123761,
  "gsr_x": 0.00034865064662881196,
  "gsr_y": 0.04476896673440933,
  "provenance": {
    "md5sum": "27d1f28d0d95bcfa1b1b70d790e1724d",
    "settings": {
      "fd_thres": 0.2,
      "testing": false
    },
    "software": "mriqc",
    "version": "23.1.0rc0"
  },
  "size_t": 150,
  "size_x": 64,
  "size_y": 64,
  "size_z": 29,
  "snr": 6.812968323999038,
  "spacing_tr": 1.0,
  "spacing_x": 3.125,
  "spacing_y": 3.125,
  "spacing_z": 4.0,
  "summary_bg_k": 36.873836321212465,
  "summary_bg_mad": 98.52386055351494,
  "summary_bg_mean": 124.7324447631836,
  "summary_bg_median": 69.29000091552734,
  "summary_bg_n": 66546.0,
  "summary_bg_p05": 0.08666666597127914,
  "summary_bg_p95": 427.9416732788086,
  "summary_bg_stdv": 190.23300170898438,
  "summary_fg_k": 1.9100351604463626,
  "summary_fg_mad": 387.5374156129852,
  "summary_fg_mean": 3150.91259765625,
  "summary_fg_median": 3175.3466796875,
  "summary_fg_n": 23910.0,
  "summary_fg_p05": 2384.663049316406,
  "summary_fg_p95": 3873.3021240234375,
  "summary_fg_stdv": 466.06414794921875,
  "tsnr": 69.80244871368632
}