{
  "aor": 0.0019326666666666663,
  "aqi": 0.022332837333333338,
  "bids_meta": {
    "EchoTime": 0.0036,
    "InstitutionName": "U of M FMRI",
    "Modality": "MR",
    "PatientPosition": "HFS",
    "RepetitionTime": 2.0,
    "SliceTiming": [
      0,
      0.069,
      0.138,
      0.207,
      0.276,
      0.345,
      0.414,
      0.483,
      0.552,
      0.621,
      0.69,
      0.759,
      0.828,
      0.897,
      0.966,
      1.035,
      1.104,
      1.173,
      1.242,
      1.311,
      1.38,
      1.449,
      1.518,
      1.587,
      1.656,
      1.725,
      1.794,
      1.863,
      1.932
    ],
    "TaskName": "reward",
    "dataset": "MLS",
    "modality": "bold",
    "run_id": 1,
    "session_id": "2",
    "subject_id": "63",
    "task_id": "reward"
  },
  "dummy_trs": 0,
  "dvars_nstd": 26.344746813557048,
  "dvars_std": 0.9522849774496643,
  "dvars_vstd": 0.9359795148993285,
  "efc": 0.5468701407180585,
  "fber": 800.6323852539062,
  "fd_mean": 0.19656289227551443,
  "fd_num": 53,
  "fd_perc": 35.333333333333336,
  "fwhm_avg": 2.6543566333333337,
  "fwhm_x": 2.7825824,
  "fwhm_y": 3.1572000000000005,
  "fwhm_z": 2.0232875,
  "gcor": 0.0287043,
  "gsr_x": 0.014288821257650852,
  "gsr_y": 0.03962145745754242,
  "provenance": {
    "md5sum": "4f583ba2c0634ba778c77fc47fa12f8a",
    "settings": {
      "fd_thres": 0.2,
      "testing": false
    },
    "software": "mriqc",
    "version": "23.1.0rc0"
  },
  "size_t": 150,
  "size_x": 64,
  "size_y": 64,
  "size_z": 29,
  "snr": 6.72271496780659,
  "spacing_tr": 1.0,
  "spacing_x": 3.125,
  "spacing_y": 3.125,
  "spacing_z": 4.0,
  "summary_bg_k": 18.031945662643967,
  "summary_bg_mad": 153.75573731641003,
  "summary_bg_mean": 180.32826232910156,
  "summary_bg_median": 108.94000244140625,
  "summary_bg_n": 68003.0,
  "summary_bg_p05": 0.31333333253860474,
  "summary_bg_p95": 603.996661376951,
  "summary_bg_stdv": 237.5966339111328,
  "summary_fg_k": 0.9174823002606449,
  "summary_fg_mad": 425.8032847621224,
  "summary_fg_mean": 3113.351806640625,
  "summary_fg_median": 3124.29345703125,
  "summary_fg_n": 22363.0,
  "summary_fg_p05": 2331.584814453125,
  "summary_fg_p95": 3861.9821533203126,
  "summary_fg_stdv": 464.7264709472656,
  "tsnr": 38.64806214987766
}