{
  "aor": 0.0024934666666666674,
  "aqi": 0.020343861,
  "bids_meta": {
    "EchoTime": 0.0036,
    "InstitutionName": "U of M FMRI",
    "Modality": "MR",
    "PatientPosition": "HFS",
    "RepetitionTime": 2.0,
    "SliceTiming": [
      0,
      0.069,
      0.138,
      0.207,
      0.276,
      0.345,
      0.414,
      0.483,
      0.552,
      0.621,
      0.69,
      0.759,
      0.828,
      0.897,
      0.966,
      1.035,
      1.104,
      1.173,
      1.242,
      1.311,
      1.38,
      1.449,
      1.518,
      1.587,
      1.656,
      1.725,
      1.794,
      1.863,
      1.932
    ],
    "TaskName": "reward",
    "dataset": "MLS",
    "modality": "bold",
    "run_id": 2,
    "session_id": "1",
    "subject_id": "51",
    "task_id": "reward"
  },
  "dummy_trs": 0,
  "dvars_nstd": 22.887193859060414,
  "dvars_std": 1.027673360604027,
  "dvars_vstd": 0.9583964516107382,
  "efc": 0.5897336939611155,
  "fber": 654.0009155273438,
  "fd_mean": 0.15423208336234642,
  "fd_num": 30,
  "fd_perc": 20.0,
  "fwhm_avg": 2.3308503,
  "fwhm_x": 2.4824704,
  "fwhm_y": 2.7719679999999998,
  "fwhm_z": 1.7381125,
  "gcor": 0.105742,
  "gsr_x": 0.0034117361065000296,
  "gsr_y": 0.04051721468567848,
  "provenance": {
    "md5sum": "6a00842d0d564ea93604edc098de0be0",
    "settings": {
      "fd_thres": 0.2,
      "testing": false
    },
    "software": "mriqc",
    "version": "23.1.0rc0"
  },
  "size_t": 150,
  "size_x": 64,
  "size_y": 64,
  "size_z": 29,
  "snr": 6.85110107965475,
  "spacing_tr": 1.0,
  "spacing_x": 3.125,
  "spacing_y": 3.125,
  "spacing_z": 4.0,
  "summary_bg_k": 19.562290730645767,
  "summary_bg_mad": 81.20706901675452,
  "summary_bg_mean": 93.5687484741211,
  "summary_bg_median": 57.546669006347656,
  "summary_bg_n": 61518.0,
  "summary_bg_p05": 0.06000000238418579,
  "summary_bg_p95": 335.7193450927732,
  "summary_bg_stdv": 129.95022583007812,
  "summary_fg_k": 1.014653328156685,
  "summary_fg_mad": 207.11945753254614,
  "summary_fg_mean": 1508.976318359375,
  "summary_fg_median": 1502.9866943359375,
  "summary_fg_n": 28137.0,
  "summary_fg_p05": 1176.270654296875,
  "summary_fg_p95": 1874.5974121093748,
  "summary_fg_stdv": 219.3749542236328,
  "tsnr": 42.46724778902717
}