{
  "aor": 0.008031933333333335,
  "aqi": 0.012198332800000001,
  "bids_meta": {
    "EchoTime": 0.0036,
    "InstitutionName": "U of M FMRI",
    "Modality": "MR",
    "PatientPosition": "HFS",
    "RepetitionTime": 2.0,
    "SliceTiming": [
      0,
      0.069,
      0.138,
      0.207,
      0.276,
      0.345,
      0.414,
      0.483,
      0.552,
      0.621,
      0.69,
      0.759,
      0.828,
      0.897,
      0.966,
      1.035,
      1.104,
      1.173,
      1.242,
      1.311,
      1.38,
      1.449,
      1.518,
      1.587,
      1.656,
      1.725,
      1.794,
      1.863,
      1.932
    ],
    "TaskName": "reward",
    "dataset": "MLS",
    "modality": "bold",
    "run_id": 1,
    "session_id": "1",
    "subject_id": "51",
    "task_id": "reward"
  },
  "dummy_trs": 0,
  "dvars_nstd": 22.27837183677852,
  "dvars_std": 1.1414537750335572,
  "dvars_vstd": 1.0563039877852352,
  "efc": 0.5900284986099531,
  "fber": 626.959716796875,
  "fd_mean": 0.12823645192592242,
  "fd_num": 19,
  "fd_perc": 12.666666666666666,
  "fwhm_avg": 2.3713437666666666,
  "fwhm_x": 2.5239648,
  "fwhm_y": 2.814544,
  "fwhm_z": 1.7755225,
  "gcor": 0.0694111,
  "gsr_x": 0.00600367970764637,
  "gsr_y": 0.04341255500912666,
  "provenance": {
    "md5sum": "dc3df08886fe45d8c4ffa9ec78034432",
    "settings": {
      "fd_thres": 0.2,
      "testing": false
    },
    "software": "mriqc",
    "version": "23.1.0rc0"
  },
  "size_t": 150,
  "size_x": 64,
  "size_y": 64,
  "size_z": 29,
  "snr": 6.821387308711167,
  "spacing_tr": 1.0,
  "spacing_x": 3.125,
  "spacing_y": 3.125,
  "spacing_z": 4.0,
  "summary_bg_k": 10.18715114721141,
  "summary_bg_mad": 85.0025309647736,
  "summary_bg_mean": 98.95669555664062,
  "summary_bg_median": 59.22666931152344,
  "summary_bg_n": 62142.0,
  "summary_bg_p05": 0.046666666865348816,
  "summary_bg_p95": 361.1000213623043,
  "summary_bg_stdv": 129.54803466796875,
  "summary_fg_k": 1.028655960878183,
  "summary_fg_mad": 206.68962595674648,
  "summary_fg_mean": 1507.38427734375,
  "summary_fg_median": 1500.00341796875,
  "summary_fg_n": 27650.0,
  "summary_fg_p05": 1171.0797119140625,
  "summary_fg_p95": 1875.5537109375,
  "summary_fg_stdv": 219.8931427001953,
  "tsnr": 48.83925364003517
}