{
  "aor": 0.0006557333333333334,
  "aqi": 0.002882426333333333,
  "bids_meta": {
    "EchoTime": 0.0036,
    "InstitutionName": "U of M FMRI",
    "Modality": "MR",
    "PatientPosition": "HFS",
    "RepetitionTime": 2.0,
    "SliceTiming": [
      0,
      0.069,
      0.138,
      0.207,
      0.276,
      0.345,
      0.414,
      0.483,
      0.552,
      0.621,
      0.69,
      0.759,
      0.828,
      0.897,
      0.966,
      1.035,
      1.104,
      1.173,
      1.242,
      1.311,
      1.38,
      1.449,
      1.518,
      1.587,
      1.656,
      1.725,
      1.794,
      1.863,
      1.932
    ],
    "TaskName": "reward",
    "dataset": "MLS",
    "modality": "bold",
    "run_id": 2,
    "session_id": "2",
    "subject_id": "48",
    "task_id": "reward"
  },
  "dummy_trs": 0,
  "dvars_nstd": 18.020740995704696,
  "dvars_std": 1.1790007033557042,
  "dvars_vstd": 1.0134484851006718,
  "efc": 0.5931662918700453,
  "fber": 643.8126831054688,
  "fd_mean": 0.049286123443062796,
  "fd_num": 0,
  "fd_perc": 0.0,
  "fwhm_avg": 2.5431007333333335,
  "fwhm_x": 2.7377856000000005,
  "fwhm_y": 2.9911616,
  "fwhm_z": 1.900355,
  "gcor": 0.022807,
  "gsr_x": 0.01613762602210045,
  "gsr_y": 0.0503767654299736,
  "provenance": {
    "md5sum": "9c6001384d305b575fbf048d19ed9508",
    "settings": {
      "fd_thres": 0.2,
      "testing": false
    },
    "software": "mriqc",
    "version": "23.1.0rc0"
  },
  "size_t": 150,
  "size_x": 64,
  "size_y": 64,
  "size_z": 29,
  "snr": 6.279129026281976,
  "spacing_tr": 1.0,
  "spacing_x": 3.125,
  "spacing_y": 3.125,
  "spacing_z": 4.0,
  "summary_bg_k": 9.798947818177567,
  "summary_bg_mad": 172.19930519954582,
  "summary_bg_mean": 190.0543975830078,
  "summary_bg_median": 116.81999969482422,
  "summary_bg_n": 60701.0,
  "summary_bg_p05": 0.006666666828095913,
  "summary_bg_p95": 687.106689453125,
  "summary_bg_stdv": 252.1310272216797,
  "summary_fg_k": 0.8603012274627106,
  "summary_fg_mad": 437.50592449027295,
  "summary_fg_mean": 3024.69189453125,
  "summary_fg_median": 3027.893310546875,
  "summary_fg_n": 28591.0,
  "summary_fg_p05": 2249.0467529296875,
  "summary_fg_p95": 3825.1334228515625,
  "summary_fg_stdv": 482.2070617675781,
  "tsnr": 90.11230774922296
}