{
  "aor": 0.0010461333333333335,
  "aqi": 0.004017641466666667,
  "bids_meta": {
    "EchoTime": 0.0036,
    "InstitutionName": "U of M FMRI",
    "Modality": "MR",
    "PatientPosition": "HFS",
    "RepetitionTime": 2.0,
    "SliceTiming": [
      0,
      0.069,
      0.138,
      0.207,
      0.276,
      0.345,
      0.414,
      0.483,
      0.552,
      0.621,
      0.69,
      0.759,
      0.828,
      0.897,
      0.966,
      1.035,
      1.104,
      1.173,
      1.242,
      1.311,
      1.38,
      1.449,
      1.518,
      1.587,
      1.656,
      1.725,
      1.794,
      1.863,
      1.932
    ],
    "TaskName": "reward",
    "dataset": "MLS",
    "modality": "bold",
    "run_id": 1,
    "session_id": "2",
    "subject_id": "48",
    "task_id": "reward"
  },
  "dummy_trs": 0,
  "dvars_nstd": 19.57890815838926,
  "dvars_std": 1.2225401944295298,
  "dvars_vstd": 1.0085447948993294,
  "efc": 0.5921151068791257,
  "fber": 640.826904296875,
  "fd_mean": 0.06179728566357234,
  "fd_num": 1,
  "fd_perc": 0.6666666666666666,
  "fwhm_avg": 2.4854157000000003,
  "fwhm_x": 2.6589632,
  "fwhm_y": 2.9351263999999997,
  "fwhm_z": 1.8621575,
  "gcor": 0.0384538,
  "gsr_x": 0.014192994683980942,
  "gsr_y": 0.05083369091153145,
  "provenance": {
    "md5sum": "069550ebf0af003e52b12c6f14263b39",
    "settings": {
      "fd_thres": 0.2,
      "testing": false
    },
    "software": "mriqc",
    "version": "23.1.0rc0"
  },
  "size_t": 150,
  "size_x": 64,
  "size_y": 64,
  "size_z": 29,
  "snr": 6.331287392882106,
  "spacing_tr": 1.0,
  "spacing_x": 3.125,
  "spacing_y": 3.125,
  "spacing_z": 4.0,
  "summary_bg_k": 10.829048976904938,
  "summary_bg_mad": 173.39527029042839,
  "summary_bg_mean": 189.20233154296875,
  "summary_bg_median": 118.35333251953125,
  "summary_bg_n": 60709.0,
  "summary_bg_p05": 0.006666666828095913,
  "summary_bg_p95": 682.0333374023437,
  "summary_bg_stdv": 251.85955810546875,
  "summary_fg_k": 1.1085394931451393,
  "summary_fg_mad": 429.6285143141652,
  "summary_fg_mean": 3038.047119140625,
  "summary_fg_median": 3037.63330078125,
  "summary_fg_n": 28516.0,
  "summary_fg_p05": 2279.2467041015625,
  "summary_fg_p95": 3843.8983764648438,
  "summary_fg_stdv": 479.77288818359375,
  "tsnr": 83.86655064974912
}