{
  "aor": 0.0006086666666666668,
  "aqi": 0.0047390122,
  "bids_meta": {
    "EchoTime": 0.0036,
    "InstitutionName": "U of M FMRI",
    "Modality": "MR",
    "PatientPosition": "HFS",
    "RepetitionTime": 2.0,
    "SliceTiming": [
      0,
      0.069,
      0.138,
      0.207,
      0.276,
      0.345,
      0.414,
      0.483,
      0.552,
      0.621,
      0.69,
      0.759,
      0.828,
      0.897,
      0.966,
      1.035,
      1.104,
      1.173,
      1.242,
      1.311,
      1.38,
      1.449,
      1.518,
      1.587,
      1.656,
      1.725,
      1.794,
      1.863,
      1.932
    ],
    "TaskName": "reward",
    "dataset": "MLS",
    "modality": "bold",
    "run_id": 1,
    "session_id": "1",
    "subject_id": "200",
    "task_id": "reward"
  },
  "dummy_trs": 0,
  "dvars_nstd": 19.757542859798665,
  "dvars_std": 1.1102625087248321,
  "dvars_vstd": 0.9929322085906039,
  "efc": 0.5844012034561408,
  "fber": 785.9995727539062,
  "fd_mean": 0.10696445562632023,
  "fd_num": 6,
  "fd_perc": 4.0,
  "fwhm_avg": 2.483062166666667,
  "fwhm_x": 2.5460928000000003,
  "fwhm_y": 2.9255712,
  "fwhm_z": 1.9775225,
  "gcor": 0.0197622,
  "gsr_x": 0.006120334379374981,
  "gsr_y": 0.047253236174583435,
  "provenance": {
    "md5sum": "5441ee4a49b9848fbb5650ce3a73e5c3",
    "settings": {
      "fd_thres": 0.2,
      "testing": false
    },
    "software": "mriqc",
    "version": "23.1.0rc0"
  },
  "size_t": 150,
  "size_x": 64,
  "size_y": 64,
  "size_z": 29,
  "snr": 6.984710396808595,
  "spacing_tr": 1.0,
  "spacing_x": 3.125,
  "spacing_y": 3.125,
  "spacing_z": 4.0,
  "summary_bg_k": 17.457319932373295,
  "summary_bg_mad": 334.00064577000006,
  "summary_bg_mean": 369.8714904785156,
  "summary_bg_median": 226.70001220703125,
  "summary_bg_n": 61325.0,
  "summary_bg_p05": 0.03333333507180214,
  "summary_bg_p95": 1255.036010742187,
  "summary_bg_stdv": 490.5314636230469,
  "summary_fg_k": 0.5312852189400559,
  "summary_fg_mad": 899.593509591667,
  "summary_fg_mean": 6582.13818359375,
  "summary_fg_median": 6515.740234375,
  "summary_fg_n": 28194.0,
  "summary_fg_p05": 5184.22822265625,
  "summary_fg_p95": 8207.899609375,
  "summary_fg_stdv": 932.841064453125,
  "tsnr": 76.68999784975313
}