{
  "aor": 0.0010512,
  "aqi": 0.003010706666666667,
  "bids_meta": {
    "EchoTime": 0.0036,
    "InstitutionName": "U of M FMRI",
    "Modality": "MR",
    "PatientPosition": "HFS",
    "RepetitionTime": 2.0,
    "SliceTiming": [
      0,
      0.069,
      0.138,
      0.207,
      0.276,
      0.345,
      0.414,
      0.483,
      0.552,
      0.621,
      0.69,
      0.759,
      0.828,
      0.897,
      0.966,
      1.035,
      1.104,
      1.173,
      1.242,
      1.311,
      1.38,
      1.449,
      1.518,
      1.587,
      1.656,
      1.725,
      1.794,
      1.863,
      1.932
    ],
    "TaskName": "reward",
    "dataset": "MLS",
    "modality": "bold",
    "run_id": 2,
    "session_id": "3",
    "subject_id": "118",
    "task_id": "reward"
  },
  "dummy_trs": 0,
  "dvars_nstd": 18.99584991020134,
  "dvars_std": 1.113382570268456,
  "dvars_vstd": 1.0207574068456373,
  "efc": 0.6085850054202462,
  "fber": 528.6837768554688,
  "fd_mean": 0.047047487257701276,
  "fd_num": 0,
  "fd_perc": 0.0,
  "fwhm_avg": 2.5291364,
  "fwhm_x": 2.6134592,
  "fwhm_y": 2.99272,
  "fwhm_z": 1.98123,
  "gcor": 0.0154825,
  "gsr_x": -0.0058230506256222725,
  "gsr_y": 0.04219561442732811,
  "provenance": {
    "md5sum": "1294e798f14a2ccb0ba69f82df2cda91",
    "settings": {
      "fd_thres": 0.2,
      "testing": false
    },
    "software": "mriqc",
    "version": "23.1.0rc0"
  },
  "size_t": 150,
  "size_x": 64,
  "size_y": 64,
  "size_z": 29,
  "snr": 5.9805514446698735,
  "spacing_tr": 1.0,
  "spacing_x": 3.125,
  "spacing_y": 3.125,
  "spacing_z": 4.0,
  "summary_bg_k": 17.31186693063438,
  "summary_bg_mad": 143.70369281507,
  "summary_bg_mean": 184.27870178222656,
  "summary_bg_median": 97.22000122070312,
  "summary_bg_n": 59877.0,
  "summary_bg_p05": 0.0,
  "summary_bg_p95": 660.0080078124994,
  "summary_bg_stdv": 256.6409912109375,
  "summary_fg_k": 0.7087826322296471,
  "summary_fg_mad": 353.83771516171134,
  "summary_fg_mean": 2345.833984375,
  "summary_fg_median": 2344.453369140625,
  "summary_fg_n": 28673.0,
  "summary_fg_p05": 1692.0334228515626,
  "summary_fg_p95": 2998.4666503906246,
  "summary_fg_stdv": 392.0060729980469,
  "tsnr": 79.5700508756563
}