{
  "aor": 0.002750866666666667,
  "aqi": 0.006743051933333332,
  "bids_meta": {
    "EchoTime": 0.0036,
    "InstitutionName": "U of M FMRI",
    "Modality": "MR",
    "PatientPosition": "HFS",
    "RepetitionTime": 2.0,
    "SliceTiming": [
      0,
      0.069,
      0.138,
      0.207,
      0.276,
      0.345,
      0.414,
      0.483,
      0.552,
      0.621,
      0.69,
      0.759,
      0.828,
      0.897,
      0.966,
      1.035,
      1.104,
      1.173,
      1.242,
      1.311,
      1.38,
      1.449,
      1.518,
      1.587,
      1.656,
      1.725,
      1.794,
      1.863,
      1.932
    ],
    "TaskName": "reward",
    "dataset": "MLS",
    "modality": "bold",
    "run_id": 1,
    "session_id": "1",
    "subject_id": "53",
    "task_id": "reward"
  },
  "dummy_trs": 0,
  "dvars_nstd": 17.854467212281886,
  "dvars_std": 1.0986463097986583,
  "dvars_vstd": 0.9855593078523488,
  "efc": 0.5381301498004768,
  "fber": 936.7800903320312,
  "fd_mean": 0.12289893215450486,
  "fd_num": 13,
  "fd_perc": 8.666666666666666,
  "fwhm_avg": 2.5304932000000004,
  "fwhm_x": 2.6954912,
  "fwhm_y": 2.9729984000000003,
  "fwhm_z": 1.92299,
  "gcor": 0.0597004,
  "gsr_x": 0.008951721712946892,
  "gsr_y": 0.022344106808304787,
  "provenance": {
    "md5sum": "74a0c6140245280ddbc0077f10487392",
    "settings": {
      "fd_thres": 0.2,
      "testing": false
    },
    "software": "mriqc",
    "version": "23.1.0rc0"
  },
  "size_t": 150,
  "size_x": 64,
  "size_y": 64,
  "size_z": 29,
  "snr": 7.136928060487113,
  "spacing_tr": 1.0,
  "spacing_x": 3.125,
  "spacing_y": 3.125,
  "spacing_z": 4.0,
  "summary_bg_k": 15.897341575252707,
  "summary_bg_mad": 135.73718210577212,
  "summary_bg_mean": 155.65467834472656,
  "summary_bg_median": 99.2733383178711,
  "summary_bg_n": 68199.0,
  "summary_bg_p05": 0.006666666828095913,
  "summary_bg_p95": 523.7866943359375,
  "summary_bg_stdv": 208.73690795898438,
  "summary_fg_k": 1.1066131886432107,
  "summary_fg_mad": 381.42403422395927,
  "summary_fg_mean": 3066.34130859375,
  "summary_fg_median": 3075.29345703125,
  "summary_fg_n": 22513.0,
  "summary_fg_p05": 2345.841455078125,
  "summary_fg_p95": 3751.0947265624995,
  "summary_fg_stdv": 430.8891906738281,
  "tsnr": 68.16053586732596
}