{
  "aor": 0.018832799999999997,
  "aqi": 0.015210538133333333,
  "bids_meta": {
    "EchoTime": 0.0036,
    "InstitutionName": "U of M FMRI",
    "Modality": "MR",
    "PatientPosition": "HFS",
    "RepetitionTime": 2.0,
    "SliceTiming": [
      0,
      0.069,
      0.138,
      0.207,
      0.276,
      0.345,
      0.414,
      0.483,
      0.552,
      0.621,
      0.69,
      0.759,
      0.828,
      0.897,
      0.966,
      1.035,
      1.104,
      1.173,
      1.242,
      1.311,
      1.38,
      1.449,
      1.518,
      1.587,
      1.656,
      1.725,
      1.794,
      1.863,
      1.932
    ],
    "TaskName": "reward",
    "dataset": "MLS",
    "modality": "bold",
    "run_id": 2,
    "session_id": "1",
    "subject_id": "53",
    "task_id": "reward"
  },
  "dummy_trs": 0,
  "dvars_nstd": 18.34964340026847,
  "dvars_std": 1.1606808730201343,
  "dvars_vstd": 1.0850550408724828,
  "efc": 0.5416048193578321,
  "fber": 888.4612426757812,
  "fd_mean": 0.17892580166648192,
  "fd_num": 54,
  "fd_perc": 36.0,
  "fwhm_avg": 2.6516334333333336,
  "fwhm_x": 2.8366271999999997,
  "fwhm_y": 3.1169056,
  "fwhm_z": 2.0013675,
  "gcor": 0.0223276,
  "gsr_x": 0.007733394857496023,
  "gsr_y": 0.021228164434432983,
  "provenance": {
    "md5sum": "329daf65b7b1e19674ae8b00644ced9f",
    "settings": {
      "fd_thres": 0.2,
      "testing": false
    },
    "software": "mriqc",
    "version": "23.1.0rc0"
  },
  "size_t": 150,
  "size_x": 64,
  "size_y": 64,
  "size_z": 29,
  "snr": 7.110592702768075,
  "spacing_tr": 1.0,
  "spacing_x": 3.125,
  "spacing_y": 3.125,
  "spacing_z": 4.0,
  "summary_bg_k": 12.237864332055542,
  "summary_bg_mad": 143.36764131630605,
  "summary_bg_mean": 158.63673400878906,
  "summary_bg_median": 101.9866714477539,
  "summary_bg_n": 68059.0,
  "summary_bg_p05": 0.013333333656191826,
  "summary_bg_p95": 551.767333984375,
  "summary_bg_stdv": 207.5598602294922,
  "summary_fg_k": 1.0032682602795902,
  "summary_fg_mad": 377.3519456111204,
  "summary_fg_mean": 3026.150390625,
  "summary_fg_median": 3032.246826171875,
  "summary_fg_n": 22389.0,
  "summary_fg_p05": 2316.274658203125,
  "summary_fg_p95": 3707.5934082031245,
  "summary_fg_stdv": 426.4312744140625,
  "tsnr": 51.42797142267227
}