{
  "aor": 0.0017417333333333332,
  "aqi": 0.007463990533333333,
  "bids_meta": {
    "EchoTime": 0.0036,
    "InstitutionName": "U of M FMRI",
    "Modality": "MR",
    "PatientPosition": "HFS",
    "RepetitionTime": 2.0,
    "SliceTiming": [
      0,
      0.069,
      0.138,
      0.207,
      0.276,
      0.345,
      0.414,
      0.483,
      0.552,
      0.621,
      0.69,
      0.759,
      0.828,
      0.897,
      0.966,
      1.035,
      1.104,
      1.173,
      1.242,
      1.311,
      1.38,
      1.449,
      1.518,
      1.587,
      1.656,
      1.725,
      1.794,
      1.863,
      1.932
    ],
    "TaskName": "reward",
    "dataset": "MLS",
    "modality": "bold",
    "run_id": 1,
    "session_id": "1",
    "subject_id": "229",
    "task_id": "reward"
  },
  "dummy_trs": 0,
  "dvars_nstd": 21.646397737919468,
  "dvars_std": 1.1284709505369128,
  "dvars_vstd": 1.025773007248322,
  "efc": 0.5429151026562021,
  "fber": 1431.8167724609375,
  "fd_mean": 0.18020940267630767,
  "fd_num": 43,
  "fd_perc": 28.666666666666668,
  "fwhm_avg": 2.2323989333333336,
  "fwhm_x": 2.3049440000000003,
  "fwhm_y": 2.6071328,
  "fwhm_z": 1.78512,
  "gcor": 0.0427748,
  "gsr_x": -0.0008210237137973309,
  "gsr_y": 0.022123532369732857,
  "provenance": {
    "md5sum": "c132cff3430b01a9ce43abbc02626b35",
    "settings": {
      "fd_thres": 0.2,
      "testing": false
    },
    "software": "mriqc",
    "version": "23.1.0rc0"
  },
  "size_t": 150,
  "size_x": 64,
  "size_y": 64,
  "size_z": 29,
  "snr": 7.5769831314491745,
  "spacing_tr": 1.0,
  "spacing_x": 3.125,
  "spacing_y": 3.125,
  "spacing_z": 4.0,
  "summary_bg_k": 40.943264736342876,
  "summary_bg_mad": 128.07706310258834,
  "summary_bg_mean": 154.26258850097656,
  "summary_bg_median": 102.38999938964844,
  "summary_bg_n": 64890.0,
  "summary_bg_p05": 0.0533333346247673,
  "summary_bg_p95": 499.58034210205045,
  "summary_bg_stdv": 231.8625946044922,
  "summary_fg_k": 1.7252946442671888,
  "summary_fg_mad": 461.00024695090815,
  "summary_fg_mean": 3923.056640625,
  "summary_fg_median": 3938.9267578125,
  "summary_fg_n": 25235.0,
  "summary_fg_p05": 3063.9300048828127,
  "summary_fg_p95": 4718.4587890625,
  "summary_fg_stdv": 519.8439331054688,
  "tsnr": 68.03264278173447
}