{
  "aor": 0.0006859999999999999,
  "aqi": 0.009360080733333333,
  "bids_meta": {
    "EchoTime": 0.0036,
    "InstitutionName": "U of M FMRI",
    "Modality": "MR",
    "PatientPosition": "HFS",
    "RepetitionTime": 2.0,
    "SliceTiming": [
      0,
      0.069,
      0.138,
      0.207,
      0.276,
      0.345,
      0.414,
      0.483,
      0.552,
      0.621,
      0.69,
      0.759,
      0.828,
      0.897,
      0.966,
      1.035,
      1.104,
      1.173,
      1.242,
      1.311,
      1.38,
      1.449,
      1.518,
      1.587,
      1.656,
      1.725,
      1.794,
      1.863,
      1.932
    ],
    "TaskName": "reward",
    "dataset": "MLS",
    "modality": "bold",
    "run_id": 1,
    "session_id": "1",
    "subject_id": "94",
    "task_id": "reward"
  },
  "dummy_trs": 0,
  "dvars_nstd": 15.753595921946308,
  "dvars_std": 1.02454081181208,
  "dvars_vstd": 0.9455960286577179,
  "efc": 0.5387871707307875,
  "fber": 1273.7265625,
  "fd_mean": 0.08321039759032298,
  "fd_num": 6,
  "fd_perc": 4.0,
  "fwhm_avg": 1.9921311666666668,
  "fwhm_x": 2.0703104,
  "fwhm_y": 2.3366656,
  "fwhm_z": 1.5694175,
  "gcor": 0.0145134,
  "gsr_x": 0.004608118906617165,
  "gsr_y": 0.03151761367917061,
  "provenance": {
    "md5sum": "a32114dad2f95a1d58616128937a40c6",
    "settings": {
      "fd_thres": 0.2,
      "testing": false
    },
    "software": "mriqc",
    "version": "23.1.0rc0"
  },
  "size_t": 150,
  "size_x": 64,
  "size_y": 64,
  "size_z": 29,
  "snr": 7.530100539116262,
  "spacing_tr": 1.0,
  "spacing_x": 3.125,
  "spacing_y": 3.125,
  "spacing_z": 4.0,
  "summary_bg_k": 31.60474985948821,
  "summary_bg_mad": 141.70712912212963,
  "summary_bg_mean": 162.90353393554688,
  "summary_bg_median": 98.60000610351562,
  "summary_bg_n": 66803.0,
  "summary_bg_p05": 0.013333333656191826,
  "summary_bg_p95": 547.9820007324208,
  "summary_bg_stdv": 241.0915069580078,
  "summary_fg_k": 1.029080226658782,
  "summary_fg_mad": 453.86413788405315,
  "summary_fg_mean": 3556.87841796875,
  "summary_fg_median": 3526.226806640625,
  "summary_fg_n": 23875.0,
  "summary_fg_p05": 2865.0820556640624,
  "summary_fg_p95": 4335.160839843749,
  "summary_fg_stdv": 468.27435302734375,
  "tsnr": 69.1019704407081
}