{
  "aor": 0.0005861333333333333,
  "aqi": 0.004594168333333333,
  "bids_meta": {
    "EchoTime": 0.0036,
    "InstitutionName": "U of M FMRI",
    "Modality": "MR",
    "PatientPosition": "HFS",
    "RepetitionTime": 2.0,
    "SliceTiming": [
      0,
      0.069,
      0.138,
      0.207,
      0.276,
      0.345,
      0.414,
      0.483,
      0.552,
      0.621,
      0.69,
      0.759,
      0.828,
      0.897,
      0.966,
      1.035,
      1.104,
      1.173,
      1.242,
      1.311,
      1.38,
      1.449,
      1.518,
      1.587,
      1.656,
      1.725,
      1.794,
      1.863,
      1.932
    ],
    "TaskName": "reward",
    "dataset": "MLS",
    "modality": "bold",
    "run_id": 2,
    "session_id": "1",
    "subject_id": "94",
    "task_id": "reward"
  },
  "dummy_trs": 0,
  "dvars_nstd": 14.706215224832212,
  "dvars_std": 1.0412747376510063,
  "dvars_vstd": 0.9715576886577184,
  "efc": 0.5377892724530754,
  "fber": 1321.8106689453125,
  "fd_mean": 0.07728936132371166,
  "fd_num": 2,
  "fd_perc": 1.3333333333333333,
  "fwhm_avg": 1.9865779000000001,
  "fwhm_x": 2.0670688,
  "fwhm_y": 2.3150624,
  "fwhm_z": 1.5776025,
  "gcor": 0.0308089,
  "gsr_x": 0.005471410229802132,
  "gsr_y": 0.030184775590896606,
  "provenance": {
    "md5sum": "67ec153fe197393001abd08a0637fe67",
    "settings": {
      "fd_thres": 0.2,
      "testing": false
    },
    "software": "mriqc",
    "version": "23.1.0rc0"
  },
  "size_t": 150,
  "size_x": 64,
  "size_y": 64,
  "size_z": 29,
  "snr": 7.450319534884135,
  "spacing_tr": 1.0,
  "spacing_x": 3.125,
  "spacing_y": 3.125,
  "spacing_z": 4.0,
  "summary_bg_k": 27.560951087574686,
  "summary_bg_mad": 137.51631014087354,
  "summary_bg_mean": 159.0177001953125,
  "summary_bg_median": 96.08000183105469,
  "summary_bg_n": 66749.0,
  "summary_bg_p05": 0.013333333656191826,
  "summary_bg_p95": 538.0733520507812,
  "summary_bg_stdv": 234.64645385742188,
  "summary_fg_k": 1.0128298920954943,
  "summary_fg_mad": 456.98752034095867,
  "summary_fg_mean": 3539.052734375,
  "summary_fg_median": 3508.400146484375,
  "summary_fg_n": 23835.0,
  "summary_fg_p05": 2840.1967529296876,
  "summary_fg_p95": 4322.241357421875,
  "summary_fg_stdv": 470.8961181640625,
  "tsnr": 83.89428424998187
}