{
  "aor": 0.0020542666666666667,
  "aqi": 0.0056517880666666674,
  "bids_meta": {
    "EchoTime": 0.0036,
    "InstitutionName": "U of M FMRI",
    "Modality": "MR",
    "PatientPosition": "HFS",
    "RepetitionTime": 2.0,
    "SliceTiming": [
      0,
      0.069,
      0.138,
      0.207,
      0.276,
      0.345,
      0.414,
      0.483,
      0.552,
      0.621,
      0.69,
      0.759,
      0.828,
      0.897,
      0.966,
      1.035,
      1.104,
      1.173,
      1.242,
      1.311,
      1.38,
      1.449,
      1.518,
      1.587,
      1.656,
      1.725,
      1.794,
      1.863,
      1.932
    ],
    "TaskName": "reward",
    "dataset": "MLS",
    "modality": "bold",
    "run_id": 2,
    "session_id": "2",
    "subject_id": "165",
    "task_id": "reward"
  },
  "dummy_trs": 0,
  "dvars_nstd": 16.16502728563759,
  "dvars_std": 1.0836661653691269,
  "dvars_vstd": 0.9966970430201343,
  "efc": 0.5424985084660292,
  "fber": 971.55419921875,
  "fd_mean": 0.0947522751581306,
  "fd_num": 6,
  "fd_perc": 4.0,
  "fwhm_avg": 2.679942533333333,
  "fwhm_x": 2.7941728,
  "fwhm_y": 3.1730047999999997,
  "fwhm_z": 2.07265,
  "gcor": 0.0278344,
  "gsr_x": 4.703633385361172e-05,
  "gsr_y": 0.03419717401266098,
  "provenance": {
    "md5sum": "7edcc2207ff210f12a0adba97d11b421",
    "settings": {
      "fd_thres": 0.2,
      "testing": false
    },
    "software": "mriqc",
    "version": "23.1.0rc0"
  },
  "size_t": 150,
  "size_x": 64,
  "size_y": 64,
  "size_z": 29,
  "snr": 6.154254488975847,
  "spacing_tr": 1.0,
  "spacing_x": 3.125,
  "spacing_y": 3.125,
  "spacing_z": 4.0,
  "summary_bg_k": 18.17420201302533,
  "summary_bg_mad": 149.62916295609966,
  "summary_bg_mean": 158.04489135742188,
  "summary_bg_median": 107.32666778564453,
  "summary_bg_n": 66266.0,
  "summary_bg_p05": 0.013333333656191826,
  "summary_bg_p95": 505.9150161743164,
  "summary_bg_stdv": 204.6536407470703,
  "summary_fg_k": 0.8138413862575655,
  "summary_fg_mad": 513.4201531731248,
  "summary_fg_mean": 3388.872314453125,
  "summary_fg_median": 3396.3369140625,
  "summary_fg_n": 23992.0,
  "summary_fg_p05": 2478.043078613281,
  "summary_fg_p95": 4270.214892578125,
  "summary_fg_stdv": 551.8566284179688,
  "tsnr": 72.5293118536938
}