{
  "aor": 0.0017273999999999996,
  "aqi": 0.0048024776,
  "bids_meta": {
    "EchoTime": 0.0036,
    "InstitutionName": "U of M FMRI",
    "Modality": "MR",
    "PatientPosition": "HFS",
    "RepetitionTime": 2.0,
    "SliceTiming": [
      0,
      0.069,
      0.138,
      0.207,
      0.276,
      0.345,
      0.414,
      0.483,
      0.552,
      0.621,
      0.69,
      0.759,
      0.828,
      0.897,
      0.966,
      1.035,
      1.104,
      1.173,
      1.242,
      1.311,
      1.38,
      1.449,
      1.518,
      1.587,
      1.656,
      1.725,
      1.794,
      1.863,
      1.932
    ],
    "TaskName": "reward",
    "dataset": "MLS",
    "modality": "bold",
    "run_id": 1,
    "session_id": "2",
    "subject_id": "165",
    "task_id": "reward"
  },
  "dummy_trs": 0,
  "dvars_nstd": 16.173347191476502,
  "dvars_std": 1.0775983884563751,
  "dvars_vstd": 0.9885789351006715,
  "efc": 0.5433729197871956,
  "fber": 969.439208984375,
  "fd_mean": 0.08166910958535935,
  "fd_num": 6,
  "fd_perc": 4.0,
  "fwhm_avg": 2.639870533333333,
  "fwhm_x": 2.7333216,
  "fwhm_y": 3.13544,
  "fwhm_z": 2.05085,
  "gcor": 0.0149743,
  "gsr_x": -0.0006015077815391123,
  "gsr_y": 0.034578558057546616,
  "provenance": {
    "md5sum": "d9122678b6adf802823b8f8598d5c32a",
    "settings": {
      "fd_thres": 0.2,
      "testing": false
    },
    "software": "mriqc",
    "version": "23.1.0rc0"
  },
  "size_t": 150,
  "size_x": 64,
  "size_y": 64,
  "size_z": 29,
  "snr": 6.143485352633939,
  "spacing_tr": 1.0,
  "spacing_x": 3.125,
  "spacing_y": 3.125,
  "spacing_z": 4.0,
  "summary_bg_k": 25.77940262581597,
  "summary_bg_mad": 146.13022258291744,
  "summary_bg_mean": 160.21255493164062,
  "summary_bg_median": 107.47333526611328,
  "summary_bg_n": 66296.0,
  "summary_bg_p05": 0.02666666731238365,
  "summary_bg_p95": 524.6333465576172,
  "summary_bg_stdv": 211.9347686767578,
  "summary_fg_k": 0.8192874498226033,
  "summary_fg_mad": 520.6206917309207,
  "summary_fg_mean": 3397.967529296875,
  "summary_fg_median": 3405.550048828125,
  "summary_fg_n": 23956.0,
  "summary_fg_p05": 2486.50341796875,
  "summary_fg_p95": 4283.65185546875,
  "summary_fg_stdv": 554.3236083984375,
  "tsnr": 77.68104608776048
}