{
  "aor": 0.0014938666666666667,
  "aqi": 0.006519580666666666,
  "bids_meta": {
    "EchoTime": 0.0036,
    "InstitutionName": "U of M FMRI",
    "Modality": "MR",
    "PatientPosition": "HFS",
    "RepetitionTime": 2.0,
    "SliceTiming": [
      0,
      0.069,
      0.138,
      0.207,
      0.276,
      0.345,
      0.414,
      0.483,
      0.552,
      0.621,
      0.69,
      0.759,
      0.828,
      0.897,
      0.966,
      1.035,
      1.104,
      1.173,
      1.242,
      1.311,
      1.38,
      1.449,
      1.518,
      1.587,
      1.656,
      1.725,
      1.794,
      1.863,
      1.932
    ],
    "TaskName": "reward",
    "dataset": "MLS",
    "modality": "bold",
    "run_id": 2,
    "session_id": "2",
    "subject_id": "149",
    "task_id": "reward"
  },
  "dummy_trs": 0,
  "dvars_nstd": 20.440202674362418,
  "dvars_std": 1.2223238195302017,
  "dvars_vstd": 1.0092912173154367,
  "efc": 0.595036479699911,
  "fber": 985.9697875976562,
  "fd_mean": 0.1546997106661923,
  "fd_num": 28,
  "fd_perc": 18.666666666666668,
  "fwhm_avg": 2.2425851666666667,
  "fwhm_x": 2.3234272000000002,
  "fwhm_y": 2.5917408,
  "fwhm_z": 1.8125875,
  "gcor": 0.106045,
  "gsr_x": 0.014966679736971855,
  "gsr_y": 0.036939721554517746,
  "provenance": {
    "md5sum": "3b3bb754306a3e85c5fe8aa6272920ba",
    "settings": {
      "fd_thres": 0.2,
      "testing": false
    },
    "software": "mriqc",
    "version": "23.1.0rc0"
  },
  "size_t": 150,
  "size_x": 64,
  "size_y": 64,
  "size_z": 29,
  "snr": 7.772694890540286,
  "spacing_tr": 1.0,
  "spacing_x": 3.125,
  "spacing_y": 3.125,
  "spacing_z": 4.0,
  "summary_bg_k": 12.564237930322944,
  "summary_bg_mad": 284.4817253446225,
  "summary_bg_mean": 371.5927734375,
  "summary_bg_median": 193.1800079345703,
  "summary_bg_n": 59939.0,
  "summary_bg_p05": 0.14000000059604645,
  "summary_bg_p95": 1394.4600708007804,
  "summary_bg_stdv": 534.9805297851562,
  "summary_fg_k": 2.125726166043119,
  "summary_fg_mad": 728.6005363419307,
  "summary_fg_mean": 6288.5244140625,
  "summary_fg_median": 6255.37353515625,
  "summary_fg_n": 29469.0,
  "summary_fg_p05": 5098.6189453125,
  "summary_fg_p95": 7623.6587890625,
  "summary_fg_stdv": 804.7745971679688,
  "tsnr": 74.20947981299832
}