{
  "aor": 0.000797972972972973,
  "aqi": 0.005616675202702703,
  "bids_meta": {
    "EchoTime": 0.0036,
    "InstitutionName": "U of M FMRI",
    "Modality": "MR",
    "PatientPosition": "HFS",
    "RepetitionTime": 2.0,
    "SliceTiming": [
      0,
      0.069,
      0.138,
      0.207,
      0.276,
      0.345,
      0.414,
      0.483,
      0.552,
      0.621,
      0.69,
      0.759,
      0.828,
      0.897,
      0.966,
      1.035,
      1.104,
      1.173,
      1.242,
      1.311,
      1.38,
      1.449,
      1.518,
      1.587,
      1.656,
      1.725,
      1.794,
      1.863,
      1.932
    ],
    "TaskName": "reward",
    "dataset": "MLS",
    "modality": "bold",
    "run_id": 1,
    "session_id": "2",
    "subject_id": "149",
    "task_id": "reward"
  },
  "dummy_trs": 2,
  "dvars_nstd": 19.375509800748294,
  "dvars_std": 1.1981517262585033,
  "dvars_vstd": 0.975620810884354,
  "efc": 0.5939270976160685,
  "fber": 1031.786376953125,
  "fd_mean": 0.10996698321648385,
  "fd_num": 6,
  "fd_perc": 4.054054054054054,
  "fwhm_avg": 2.2111182,
  "fwhm_x": 2.2942080000000002,
  "fwhm_y": 2.5597216,
  "fwhm_z": 1.779425,
  "gcor": 0.0838821,
  "gsr_x": 0.01406924519687891,
  "gsr_y": 0.03603794053196907,
  "provenance": {
    "md5sum": "3fa5996c2391d913e78e9f88c85b4d27",
    "settings": {
      "fd_thres": 0.2,
      "testing": false
    },
    "software": "mriqc",
    "version": "23.1.0rc0"
  },
  "size_t": 148,
  "size_x": 64,
  "size_y": 64,
  "size_z": 29,
  "snr": 7.840048885058026,
  "spacing_tr": 1.0,
  "spacing_x": 3.125,
  "spacing_y": 3.125,
  "spacing_z": 4.0,
  "summary_bg_k": 10.407630288702048,
  "summary_bg_mad": 279.29019924701913,
  "summary_bg_mean": 364.8236083984375,
  "summary_bg_median": 189.50338745117188,
  "summary_bg_n": 59922.0,
  "summary_bg_p05": 0.04729729890823364,
  "summary_bg_p95": 1378.3280151367185,
  "summary_bg_stdv": 513.5433959960938,
  "summary_fg_k": 2.4092576796850222,
  "summary_fg_mad": 727.5921062196758,
  "summary_fg_mean": 6310.73095703125,
  "summary_fg_median": 6278.5234375,
  "summary_fg_n": 29440.0,
  "summary_fg_p05": 5131.977612304688,
  "summary_fg_p95": 7637.686669921875,
  "summary_fg_stdv": 800.8134765625,
  "tsnr": 82.0259843878448
}