{
  "aor": 0.0007941999999999999,
  "aqi": 0.0076121567999999995,
  "bids_meta": {
    "EchoTime": 0.0036,
    "InstitutionName": "U of M FMRI",
    "Modality": "MR",
    "PatientPosition": "HFS",
    "RepetitionTime": 2.0,
    "SliceTiming": [
      0,
      0.069,
      0.138,
      0.207,
      0.276,
      0.345,
      0.414,
      0.483,
      0.552,
      0.621,
      0.69,
      0.759,
      0.828,
      0.897,
      0.966,
      1.035,
      1.104,
      1.173,
      1.242,
      1.311,
      1.38,
      1.449,
      1.518,
      1.587,
      1.656,
      1.725,
      1.794,
      1.863,
      1.932
    ],
    "TaskName": "reward",
    "dataset": "MLS",
    "modality": "bold",
    "run_id": 1,
    "session_id": "2",
    "subject_id": "92",
    "task_id": "reward"
  },
  "dummy_trs": 0,
  "dvars_nstd": 16.912265425771814,
  "dvars_std": 1.0506047030201338,
  "dvars_vstd": 0.9975134600000004,
  "efc": 0.5180990135262783,
  "fber": 1606.94140625,
  "fd_mean": 0.08783351747331138,
  "fd_num": 4,
  "fd_perc": 2.6666666666666665,
  "fwhm_avg": 2.014000633333333,
  "fwhm_x": 2.1428992,
  "fwhm_y": 2.3349152,
  "fwhm_z": 1.5641875,
  "gcor": 0.0215212,
  "gsr_x": 0.011588889174163342,
  "gsr_y": 0.017975544556975365,
  "provenance": {
    "md5sum": "8e1de9195ed5d6e3fa17da5d29d37ccb",
    "settings": {
      "fd_thres": 0.2,
      "testing": false
    },
    "software": "mriqc",
    "version": "23.1.0rc0"
  },
  "size_t": 150,
  "size_x": 64,
  "size_y": 64,
  "size_z": 29,
  "snr": 8.177077163451882,
  "spacing_tr": 1.0,
  "spacing_x": 3.125,
  "spacing_y": 3.125,
  "spacing_z": 4.0,
  "summary_bg_k": 32.89814954043002,
  "summary_bg_mad": 113.81443558591343,
  "summary_bg_mean": 135.73109436035156,
  "summary_bg_median": 81.16000366210938,
  "summary_bg_n": 69015.0,
  "summary_bg_p05": 0.006666666828095913,
  "summary_bg_p95": 459.0046722412111,
  "summary_bg_stdv": 211.6261749267578,
  "summary_fg_k": 3.1653727045477167,
  "summary_fg_mad": 326.9729702016585,
  "summary_fg_mean": 3258.022705078125,
  "summary_fg_median": 3252.990234375,
  "summary_fg_n": 21928.0,
  "summary_fg_p05": 2656.8690551757813,
  "summary_fg_p95": 3884.6197875976554,
  "summary_fg_stdv": 397.80914306640625,
  "tsnr": 75.32613802468404
}