{
  "aor": 0.0018428666666666668,
  "aqi": 0.008713278933333332,
  "bids_meta": {
    "EchoTime": 0.0036,
    "InstitutionName": "U of M FMRI",
    "Modality": "MR",
    "PatientPosition": "HFS",
    "RepetitionTime": 2.0,
    "SliceTiming": [
      0,
      0.069,
      0.138,
      0.207,
      0.276,
      0.345,
      0.414,
      0.483,
      0.552,
      0.621,
      0.69,
      0.759,
      0.828,
      0.897,
      0.966,
      1.035,
      1.104,
      1.173,
      1.242,
      1.311,
      1.38,
      1.449,
      1.518,
      1.587,
      1.656,
      1.725,
      1.794,
      1.863,
      1.932
    ],
    "TaskName": "reward",
    "dataset": "MLS",
    "modality": "bold",
    "run_id": 2,
    "session_id": "2",
    "subject_id": "92",
    "task_id": "reward"
  },
  "dummy_trs": 0,
  "dvars_nstd": 17.164899275771823,
  "dvars_std": 1.0262421860402684,
  "dvars_vstd": 0.9887915276510056,
  "efc": 0.5184883278291437,
  "fber": 1573.4356689453125,
  "fd_mean": 0.11271667781422297,
  "fd_num": 10,
  "fd_perc": 6.666666666666667,
  "fwhm_avg": 2.0201075666666664,
  "fwhm_x": 2.146496,
  "fwhm_y": 2.3536192,
  "fwhm_z": 1.5602075,
  "gcor": 0.0378183,
  "gsr_x": 0.011131223291158676,
  "gsr_y": 0.018459506332874298,
  "provenance": {
    "md5sum": "a2d791566f63d926631832f948819b1e",
    "settings": {
      "fd_thres": 0.2,
      "testing": false
    },
    "software": "mriqc",
    "version": "23.1.0rc0"
  },
  "size_t": 150,
  "size_x": 64,
  "size_y": 64,
  "size_z": 29,
  "snr": 8.249105786326487,
  "spacing_tr": 1.0,
  "spacing_x": 3.125,
  "spacing_y": 3.125,
  "spacing_z": 4.0,
  "summary_bg_k": 33.89157943485576,
  "summary_bg_mad": 110.01897752617342,
  "summary_bg_mean": 135.64212036132812,
  "summary_bg_median": 81.55333709716797,
  "summary_bg_n": 68955.0,
  "summary_bg_p05": 0.019999999552965164,
  "summary_bg_p95": 456.37001342773425,
  "summary_bg_stdv": 209.9956817626953,
  "summary_fg_k": 3.3972256353412904,
  "summary_fg_mad": 322.6042525560888,
  "summary_fg_mean": 3241.343017578125,
  "summary_fg_median": 3236.626708984375,
  "summary_fg_n": 21827.0,
  "summary_fg_p05": 2651.7127197265627,
  "summary_fg_p95": 3860.9508056640625,
  "summary_fg_stdv": 392.3519287109375,
  "tsnr": 71.0148981527891
}