{
  "aor": 0.0005883333333333333,
  "aqi": 0.005888653133333333,
  "bids_meta": {
    "EchoTime": 0.0036,
    "InstitutionName": "U of M FMRI",
    "Modality": "MR",
    "PatientPosition": "HFS",
    "RepetitionTime": 2.0,
    "SliceTiming": [
      0,
      0.069,
      0.138,
      0.207,
      0.276,
      0.345,
      0.414,
      0.483,
      0.552,
      0.621,
      0.69,
      0.759,
      0.828,
      0.897,
      0.966,
      1.035,
      1.104,
      1.173,
      1.242,
      1.311,
      1.38,
      1.449,
      1.518,
      1.587,
      1.656,
      1.725,
      1.794,
      1.863,
      1.932
    ],
    "TaskName": "reward",
    "dataset": "MLS",
    "modality": "bold",
    "run_id": 1,
    "session_id": "1",
    "subject_id": "30",
    "task_id": "reward"
  },
  "dummy_trs": 0,
  "dvars_nstd": 20.94315998697986,
  "dvars_std": 1.1331208949664426,
  "dvars_vstd": 1.0015271186577186,
  "efc": 0.5783719240073579,
  "fber": 850.3300170898438,
  "fd_mean": 0.053141044149822396,
  "fd_num": 0,
  "fd_perc": 0.0,
  "fwhm_avg": 2.022969966666667,
  "fwhm_x": 2.1229952,
  "fwhm_y": 2.3868672,
  "fwhm_z": 1.5590475,
  "gcor": 0.0166023,
  "gsr_x": 0.0016510110581293702,
  "gsr_y": 0.035883158445358276,
  "provenance": {
    "md5sum": "3407a9893cb0de4259af8453161ccf80",
    "settings": {
      "fd_thres": 0.2,
      "testing": false
    },
    "software": "mriqc",
    "version": "23.1.0rc0"
  },
  "size_t": 150,
  "size_x": 64,
  "size_y": 64,
  "size_z": 29,
  "snr": 7.301305968517644,
  "spacing_tr": 1.0,
  "spacing_x": 3.125,
  "spacing_y": 3.125,
  "spacing_z": 4.0,
  "summary_bg_k": 27.779812792891303,
  "summary_bg_mad": 127.89915029907819,
  "summary_bg_mean": 140.8241729736328,
  "summary_bg_median": 87.74666595458984,
  "summary_bg_n": 61174.0,
  "summary_bg_p05": 0.0,
  "summary_bg_p95": 464.567691040039,
  "summary_bg_stdv": 198.07994079589844,
  "summary_fg_k": 2.2857496073085253,
  "summary_fg_mad": 315.2209224650055,
  "summary_fg_mean": 2599.3505859375,
  "summary_fg_median": 2593.606689453125,
  "summary_fg_n": 27709.0,
  "summary_fg_p05": 2057.9814453125,
  "summary_fg_p95": 3164.07744140625,
  "summary_fg_stdv": 355.2186279296875,
  "tsnr": 75.00668428838253
}