{
  "aor": 0.00042966666666666674,
  "aqi": 0.0060223164,
  "bids_meta": {
    "EchoTime": 0.0036,
    "InstitutionName": "U of M FMRI",
    "Modality": "MR",
    "PatientPosition": "HFS",
    "RepetitionTime": 2.0,
    "SliceTiming": [
      0,
      0.069,
      0.138,
      0.207,
      0.276,
      0.345,
      0.414,
      0.483,
      0.552,
      0.621,
      0.69,
      0.759,
      0.828,
      0.897,
      0.966,
      1.035,
      1.104,
      1.173,
      1.242,
      1.311,
      1.38,
      1.449,
      1.518,
      1.587,
      1.656,
      1.725,
      1.794,
      1.863,
      1.932
    ],
    "TaskName": "reward",
    "dataset": "MLS",
    "modality": "bold",
    "run_id": 2,
    "session_id": "1",
    "subject_id": "30",
    "task_id": "reward"
  },
  "dummy_trs": 0,
  "dvars_nstd": 20.900578568993296,
  "dvars_std": 1.1088875522147652,
  "dvars_vstd": 0.994973452818792,
  "efc": 0.5805280050562073,
  "fber": 827.5900268554688,
  "fd_mean": 0.0624765926843232,
  "fd_num": 0,
  "fd_perc": 0.0,
  "fwhm_avg": 2.048314166666667,
  "fwhm_x": 2.1476736,
  "fwhm_y": 2.4123264,
  "fwhm_z": 1.5849425,
  "gcor": 0.0157417,
  "gsr_x": 0.0015409054467454553,
  "gsr_y": 0.036191437393426895,
  "provenance": {
    "md5sum": "8c92418412dab200cf89187c1345cd25",
    "settings": {
      "fd_thres": 0.2,
      "testing": false
    },
    "software": "mriqc",
    "version": "23.1.0rc0"
  },
  "size_t": 150,
  "size_x": 64,
  "size_y": 64,
  "size_z": 29,
  "snr": 7.331999161970954,
  "spacing_tr": 1.0,
  "spacing_x": 3.125,
  "spacing_y": 3.125,
  "spacing_z": 4.0,
  "summary_bg_k": 26.18039720664532,
  "summary_bg_mad": 129.40152406311074,
  "summary_bg_mean": 143.82553100585938,
  "summary_bg_median": 89.24000549316406,
  "summary_bg_n": 61182.0,
  "summary_bg_p05": 0.0,
  "summary_bg_p95": 479.1080093383786,
  "summary_bg_stdv": 199.64920043945312,
  "summary_fg_k": 2.125613981479769,
  "summary_fg_mad": 312.72518459962555,
  "summary_fg_mean": 2599.96923828125,
  "summary_fg_median": 2594.533203125,
  "summary_fg_n": 27820.0,
  "summary_fg_p05": 2057.293115234375,
  "summary_fg_p95": 3161.4580322265624,
  "summary_fg_stdv": 353.8580017089844,
  "tsnr": 74.01793667022139
}