{
  "aor": 0.0008880666666666666,
  "aqi": 0.0068719361999999996,
  "bids_meta": {
    "EchoTime": 0.0036,
    "InstitutionName": "U of M FMRI",
    "Modality": "MR",
    "PatientPosition": "HFS",
    "RepetitionTime": 2.0,
    "SliceTiming": [
      0,
      0.069,
      0.138,
      0.207,
      0.276,
      0.345,
      0.414,
      0.483,
      0.552,
      0.621,
      0.69,
      0.759,
      0.828,
      0.897,
      0.966,
      1.035,
      1.104,
      1.173,
      1.242,
      1.311,
      1.38,
      1.449,
      1.518,
      1.587,
      1.656,
      1.725,
      1.794,
      1.863,
      1.932
    ],
    "TaskName": "reward",
    "dataset": "MLS",
    "modality": "bold",
    "run_id": 1,
    "session_id": "1",
    "subject_id": "85",
    "task_id": "reward"
  },
  "dummy_trs": 0,
  "dvars_nstd": 18.859867505503356,
  "dvars_std": 1.0539625075167784,
  "dvars_vstd": 0.9958667241610738,
  "efc": 0.5874213294689795,
  "fber": 967.7108764648438,
  "fd_mean": 0.08110647994665127,
  "fd_num": 4,
  "fd_perc": 2.6666666666666665,
  "fwhm_avg": 2.2431249,
  "fwhm_x": 2.355568,
  "fwhm_y": 2.6288992,
  "fwhm_z": 1.7449075,
  "gcor": 0.0184879,
  "gsr_x": 0.001473575015552342,
  "gsr_y": 0.054085202515125275,
  "provenance": {
    "md5sum": "7d0d8ad1de66f2a37aca251b3419738e",
    "settings": {
      "fd_thres": 0.2,
      "testing": false
    },
    "software": "mriqc",
    "version": "23.1.0rc0"
  },
  "size_t": 150,
  "size_x": 64,
  "size_y": 64,
  "size_z": 29,
  "snr": 7.503321471870102,
  "spacing_tr": 1.0,
  "spacing_x": 3.125,
  "spacing_y": 3.125,
  "spacing_z": 4.0,
  "summary_bg_k": 23.248852077468644,
  "summary_bg_mad": 128.56138431413854,
  "summary_bg_mean": 148.8550262451172,
  "summary_bg_median": 87.72666931152344,
  "summary_bg_n": 59905.0,
  "summary_bg_p05": 0.013333333656191826,
  "summary_bg_p95": 497.90401000976556,
  "summary_bg_stdv": 209.45867919921875,
  "summary_fg_k": 1.6729587716647831,
  "summary_fg_mad": 331.005785782098,
  "summary_fg_mean": 2827.00390625,
  "summary_fg_median": 2807.4267578125,
  "summary_fg_n": 29055.0,
  "summary_fg_p05": 2262.8939453125,
  "summary_fg_p95": 3454.629443359375,
  "summary_fg_stdv": 374.15142822265625,
  "tsnr": 69.83106015063822
}