{
  "aor": 0.0006250666666666666,
  "aqi": 0.005738898266666667,
  "bids_meta": {
    "EchoTime": 0.0036,
    "InstitutionName": "U of M FMRI",
    "Modality": "MR",
    "PatientPosition": "HFS",
    "RepetitionTime": 2.0,
    "SliceTiming": [
      0,
      0.069,
      0.138,
      0.207,
      0.276,
      0.345,
      0.414,
      0.483,
      0.552,
      0.621,
      0.69,
      0.759,
      0.828,
      0.897,
      0.966,
      1.035,
      1.104,
      1.173,
      1.242,
      1.311,
      1.38,
      1.449,
      1.518,
      1.587,
      1.656,
      1.725,
      1.794,
      1.863,
      1.932
    ],
    "TaskName": "reward",
    "dataset": "MLS",
    "modality": "bold",
    "run_id": 2,
    "session_id": "1",
    "subject_id": "195",
    "task_id": "reward"
  },
  "dummy_trs": 0,
  "dvars_nstd": 17.89832240590604,
  "dvars_std": 1.019951892348994,
  "dvars_vstd": 1.001191514966443,
  "efc": 0.6154724495017544,
  "fber": 773.1676635742188,
  "fd_mean": 0.10363213379024203,
  "fd_num": 8,
  "fd_perc": 5.333333333333333,
  "fwhm_avg": 2.433392533333333,
  "fwhm_x": 2.501584,
  "fwhm_y": 2.8422336,
  "fwhm_z": 1.95636,
  "gcor": 0.0245604,
  "gsr_x": 0.009135890752077103,
  "gsr_y": 0.045978009700775146,
  "provenance": {
    "md5sum": "e7e2216d8a433e51506c9343351f710e",
    "settings": {
      "fd_thres": 0.2,
      "testing": false
    },
    "software": "mriqc",
    "version": "23.1.0rc0"
  },
  "size_t": 150,
  "size_x": 64,
  "size_y": 64,
  "size_z": 29,
  "snr": 7.63684993456783,
  "spacing_tr": 1.0,
  "spacing_x": 3.125,
  "spacing_y": 3.125,
  "spacing_z": 4.0,
  "summary_bg_k": 10.790408881949107,
  "summary_bg_mad": 313.6889867338894,
  "summary_bg_mean": 375.0218811035156,
  "summary_bg_median": 212.3866729736328,
  "summary_bg_n": 56582.0,
  "summary_bg_p05": 0.1066666692495346,
  "summary_bg_p95": 1292.3116882324218,
  "summary_bg_stdv": 483.8817138671875,
  "summary_fg_k": 0.6114611606078291,
  "summary_fg_mad": 786.2634828803226,
  "summary_fg_mean": 6318.662109375,
  "summary_fg_median": 6297.013671875,
  "summary_fg_n": 31795.0,
  "summary_fg_p05": 4993.84599609375,
  "summary_fg_p95": 7701.081640625,
  "summary_fg_stdv": 824.54345703125,
  "tsnr": 72.7776891348185
}