{
  "aor": 0.0033489999999999995,
  "aqi": 0.008686674466666666,
  "bids_meta": {
    "EchoTime": 0.0036,
    "InstitutionName": "U of M FMRI",
    "Modality": "MR",
    "PatientPosition": "HFS",
    "RepetitionTime": 2.0,
    "SliceTiming": [
      0,
      0.069,
      0.138,
      0.207,
      0.276,
      0.345,
      0.414,
      0.483,
      0.552,
      0.621,
      0.69,
      0.759,
      0.828,
      0.897,
      0.966,
      1.035,
      1.104,
      1.173,
      1.242,
      1.311,
      1.38,
      1.449,
      1.518,
      1.587,
      1.656,
      1.725,
      1.794,
      1.863,
      1.932
    ],
    "TaskName": "reward",
    "dataset": "MLS",
    "modality": "bold",
    "run_id": 1,
    "session_id": "1",
    "subject_id": "166",
    "task_id": "reward"
  },
  "dummy_trs": 0,
  "dvars_nstd": 26.651321205771808,
  "dvars_std": 1.119983139194631,
  "dvars_vstd": 1.0250043922818792,
  "efc": 0.5856280102993495,
  "fber": 1037.7757568359375,
  "fd_mean": 0.14992175342627484,
  "fd_num": 27,
  "fd_perc": 18.0,
  "fwhm_avg": 2.4226370000000004,
  "fwhm_x": 2.5100992,
  "fwhm_y": 2.9019168000000004,
  "fwhm_z": 1.855895,
  "gcor": 0.0513648,
  "gsr_x": -0.010028008371591568,
  "gsr_y": 0.046689048409461975,
  "provenance": {
    "md5sum": "08e2203e499f802ca71722fcdd0dda0a",
    "settings": {
      "fd_thres": 0.2,
      "testing": false
    },
    "software": "mriqc",
    "version": "23.1.0rc0"
  },
  "size_t": 150,
  "size_x": 64,
  "size_y": 64,
  "size_z": 29,
  "snr": 5.314820020847056,
  "spacing_tr": 1.0,
  "spacing_x": 3.125,
  "spacing_y": 3.125,
  "spacing_z": 4.0,
  "summary_bg_k": 19.937894995562157,
  "summary_bg_mad": 115.37610436839161,
  "summary_bg_mean": 137.7076873779297,
  "summary_bg_median": 79.3566665649414,
  "summary_bg_n": 59360.0,
  "summary_bg_p05": 0.03333333507180214,
  "summary_bg_p95": 522.4280303955077,
  "summary_bg_stdv": 210.57992553710938,
  "summary_fg_k": 0.9998544601458574,
  "summary_fg_mad": 469.41173417130426,
  "summary_fg_mean": 2636.38916015625,
  "summary_fg_median": 2654.806640625,
  "summary_fg_n": 29420.0,
  "summary_fg_p05": 1806.6693420410156,
  "summary_fg_p95": 3400.434680175781,
  "summary_fg_stdv": 499.5016784667969,
  "tsnr": 46.9793951070169
}