{
  "aor": 0.005735933333333333,
  "aqi": 0.0109060944,
  "bids_meta": {
    "EchoTime": 0.0036,
    "InstitutionName": "U of M FMRI",
    "Modality": "MR",
    "PatientPosition": "HFS",
    "RepetitionTime": 2.0,
    "SliceTiming": [
      0,
      0.069,
      0.138,
      0.207,
      0.276,
      0.345,
      0.414,
      0.483,
      0.552,
      0.621,
      0.69,
      0.759,
      0.828,
      0.897,
      0.966,
      1.035,
      1.104,
      1.173,
      1.242,
      1.311,
      1.38,
      1.449,
      1.518,
      1.587,
      1.656,
      1.725,
      1.794,
      1.863,
      1.932
    ],
    "TaskName": "reward",
    "dataset": "MLS",
    "modality": "bold",
    "run_id": 2,
    "session_id": "1",
    "subject_id": "166",
    "task_id": "reward"
  },
  "dummy_trs": 0,
  "dvars_nstd": 29.619147588926182,
  "dvars_std": 1.130225901610738,
  "dvars_vstd": 1.0287824571812079,
  "efc": 0.5844093874223331,
  "fber": 1054.4486083984375,
  "fd_mean": 0.25948049398683565,
  "fd_num": 58,
  "fd_perc": 38.666666666666664,
  "fwhm_avg": 2.4366323666666667,
  "fwhm_x": 2.5163904,
  "fwhm_y": 2.9345792,
  "fwhm_z": 1.8589275,
  "gcor": 0.042845,
  "gsr_x": -0.009328998625278473,
  "gsr_y": 0.04791555553674698,
  "provenance": {
    "md5sum": "9fd65dcb3c42cb5eec6f37e8ebf5e877",
    "settings": {
      "fd_thres": 0.2,
      "testing": false
    },
    "software": "mriqc",
    "version": "23.1.0rc0"
  },
  "size_t": 150,
  "size_x": 64,
  "size_y": 64,
  "size_z": 29,
  "snr": 5.275799789037516,
  "spacing_tr": 1.0,
  "spacing_x": 3.125,
  "spacing_y": 3.125,
  "spacing_z": 4.0,
  "summary_bg_k": 30.53289501454585,
  "summary_bg_mad": 114.19002991062135,
  "summary_bg_mean": 132.531982421875,
  "summary_bg_median": 78.4866714477539,
  "summary_bg_n": 59289.0,
  "summary_bg_p05": 0.08666666597127914,
  "summary_bg_p95": 464.6360046386718,
  "summary_bg_stdv": 213.5830078125,
  "summary_fg_k": 1.1874741848386083,
  "summary_fg_mad": 466.7084102775276,
  "summary_fg_mean": 2629.929443359375,
  "summary_fg_median": 2648.4765625,
  "summary_fg_n": 29618.0,
  "summary_fg_p05": 1798.7379943847657,
  "summary_fg_p95": 3390.026831054687,
  "summary_fg_stdv": 501.99627685546875,
  "tsnr": 43.996814301935956
}