{
  "aor": 0.0007283333333333333,
  "aqi": 0.008880744266666666,
  "bids_meta": {
    "EchoTime": 0.0036,
    "InstitutionName": "U of M FMRI",
    "Modality": "MR",
    "PatientPosition": "HFS",
    "RepetitionTime": 2.0,
    "SliceTiming": [
      0,
      0.069,
      0.138,
      0.207,
      0.276,
      0.345,
      0.414,
      0.483,
      0.552,
      0.621,
      0.69,
      0.759,
      0.828,
      0.897,
      0.966,
      1.035,
      1.104,
      1.173,
      1.242,
      1.311,
      1.38,
      1.449,
      1.518,
      1.587,
      1.656,
      1.725,
      1.794,
      1.863,
      1.932
    ],
    "TaskName": "reward",
    "dataset": "MLS",
    "modality": "bold",
    "run_id": 1,
    "session_id": "1",
    "subject_id": "101",
    "task_id": "reward"
  },
  "dummy_trs": 0,
  "dvars_nstd": 18.280123204630865,
  "dvars_std": 1.089003323959732,
  "dvars_vstd": 0.988567545503356,
  "efc": 0.5889519130128514,
  "fber": 845.5853271484375,
  "fd_mean": 0.05740193144010097,
  "fd_num": 1,
  "fd_perc": 0.6666666666666666,
  "fwhm_avg": 2.1280416,
  "fwhm_x": 2.2081247999999998,
  "fwhm_y": 2.52088,
  "fwhm_z": 1.65512,
  "gcor": 0.0114749,
  "gsr_x": 0.007661768235266209,
  "gsr_y": 0.05411810055375099,
  "provenance": {
    "md5sum": "1f293a5167dcd941d3f898d3878f81e4",
    "settings": {
      "fd_thres": 0.2,
      "testing": false
    },
    "software": "mriqc",
    "version": "23.1.0rc0"
  },
  "size_t": 150,
  "size_x": 64,
  "size_y": 64,
  "size_z": 29,
  "snr": 7.568812481197195,
  "spacing_tr": 1.0,
  "spacing_x": 3.125,
  "spacing_y": 3.125,
  "spacing_z": 4.0,
  "summary_bg_k": 23.358157457864007,
  "summary_bg_mad": 148.09713629227562,
  "summary_bg_mean": 206.0213165283203,
  "summary_bg_median": 100.71666717529297,
  "summary_bg_n": 62290.0,
  "summary_bg_p05": 0.0,
  "summary_bg_p95": 778.9160095214836,
  "summary_bg_stdv": 304.086181640625,
  "summary_fg_k": 2.2754383000607428,
  "summary_fg_mad": 329.2413950315839,
  "summary_fg_mean": 2988.470458984375,
  "summary_fg_median": 2960.916748046875,
  "summary_fg_n": 27282.0,
  "summary_fg_p05": 2418.102502441406,
  "summary_fg_p95": 3641.3611938476556,
  "summary_fg_stdv": 391.1924743652344,
  "tsnr": 70.79688253998756
}