{
  "aor": 0.0005275333333333333,
  "aqi": 0.005381077,
  "bids_meta": {
    "EchoTime": 0.0036,
    "InstitutionName": "U of M FMRI",
    "Modality": "MR",
    "PatientPosition": "HFS",
    "RepetitionTime": 2.0,
    "SliceTiming": [
      0,
      0.069,
      0.138,
      0.207,
      0.276,
      0.345,
      0.414,
      0.483,
      0.552,
      0.621,
      0.69,
      0.759,
      0.828,
      0.897,
      0.966,
      1.035,
      1.104,
      1.173,
      1.242,
      1.311,
      1.38,
      1.449,
      1.518,
      1.587,
      1.656,
      1.725,
      1.794,
      1.863,
      1.932
    ],
    "TaskName": "reward",
    "dataset": "MLS",
    "modality": "bold",
    "run_id": 2,
    "session_id": "1",
    "subject_id": "101",
    "task_id": "reward"
  },
  "dummy_trs": 0,
  "dvars_nstd": 18.111090154362405,
  "dvars_std": 1.0848430495302013,
  "dvars_vstd": 1.0015980053691276,
  "efc": 0.5883113206368972,
  "fber": 829.44580078125,
  "fd_mean": 0.06388658441836795,
  "fd_num": 0,
  "fd_perc": 0.0,
  "fwhm_avg": 2.054935833333333,
  "fwhm_x": 2.1043648,
  "fwhm_y": 2.4546752,
  "fwhm_z": 1.6057675,
  "gcor": 0.0396506,
  "gsr_x": 0.010121690109372139,
  "gsr_y": 0.0483110174536705,
  "provenance": {
    "md5sum": "1e8a1e52c3bb8385caff47a38a1901ee",
    "settings": {
      "fd_thres": 0.2,
      "testing": false
    },
    "software": "mriqc",
    "version": "23.1.0rc0"
  },
  "size_t": 150,
  "size_x": 64,
  "size_y": 64,
  "size_z": 29,
  "snr": 7.395301948838147,
  "spacing_tr": 1.0,
  "spacing_x": 3.125,
  "spacing_y": 3.125,
  "spacing_z": 4.0,
  "summary_bg_k": 23.844315006908307,
  "summary_bg_mad": 138.59365806528143,
  "summary_bg_mean": 191.4374237060547,
  "summary_bg_median": 94.08000183105469,
  "summary_bg_n": 62153.0,
  "summary_bg_p05": 0.03999999910593033,
  "summary_bg_p95": 726.7000366210918,
  "summary_bg_stdv": 286.7107849121094,
  "summary_fg_k": 2.435705815218591,
  "summary_fg_mad": 318.46791543402514,
  "summary_fg_mean": 2786.459228515625,
  "summary_fg_median": 2765.186767578125,
  "summary_fg_n": 27276.0,
  "summary_fg_p05": 2233.5851440429688,
  "summary_fg_p95": 3405.666748046875,
  "summary_fg_stdv": 373.9044189453125,
  "tsnr": 78.95307949336711
}