{
  "bids_meta": {
    "AcquisitionMatrixPE": 160,
    "CoilString": "HEAD",
    "EchoTime": 0.001784,
    "FlipAngle": 15,
    "ImageType": [
      "ORIGINAL",
      "PRIMARY",
      "OTHER"
    ],
    "InPlanePhaseEncodingDirectionDICOM": "ROW",
    "InstitutionName": "U of M FMRi",
    "InversionTime": 0.4,
    "MRAcquisitionType": "3D",
    "Modality": "MR",
    "PatientPosition": "HFS",
    "PercentPhaseFOV": 100,
    "PercentSampling": 100,
    "ReconMatrixPE": 256,
    "RepetitionTime": 0.008948,
    "SAR": 0.017417,
    "ScanningSequence": "GR",
    "SeriesDescription": "3d spgr IR axial",
    "dataset": "MLS",
    "modality": "T1w",
    "session_id": "1",
    "subject_id": "63"
  },
  "cjv": 0.34409792616081664,
  "cnr": 3.8221080773906952,
  "efc": 0.5686932552093832,
  "fber": 4388.70632443057,
  "fwhm_avg": 4.5905280466638425,
  "fwhm_x": 5.164553204588569,
  "fwhm_y": 5.289904268736292,
  "fwhm_z": 3.317126666666667,
  "icvs_csf": 0.20333566189213628,
  "icvs_gm": 0.415087395240882,
  "icvs_wm": 0.3815769428669817,
  "inu_med": 0.6716369986534119,
  "inu_range": 0.39480890333652496,
  "provenance": {
    "md5sum": "3ea06fbad9bff095b03764cdd941abf7",
    "settings": {
      "testing": false
    },
    "software": "mriqc",
    "version": "23.1.0rc0",
    "warnings": {
      "large_rot_frame": true,
      "small_air_mask": false
    }
  },
  "qi_1": 0.00012068799051047572,
  "qi_2": 0.0012611444078086786,
  "rpve_csf": 21.410070467171245,
  "rpve_gm": 10.442745274017396,
  "rpve_wm": 13.151060410388865,
  "size_x": 256,
  "size_y": 256,
  "size_z": 106,
  "snr_csf": 1.5543928860410092,
  "snr_gm": 11.918818735772588,
  "snr_total": 11.061874383255217,
  "snr_wm": 19.712411527952057,
  "snrd_csf": 14.402203643386231,
  "snrd_gm": 36.18940643589813,
  "snrd_total": 34.34425915057974,
  "snrd_wm": 52.44116737245484,
  "spacing_x": 0.9399999976158142,
  "spacing_y": 0.9399999976158142,
  "spacing_z": 1.5,
  "summary_bg_k": 14.4850644708985,
  "summary_bg_mad": 12.493419006145654,
  "summary_bg_mean": 16.254055364143955,
  "summary_bg_median": 8.426683064550161,
  "summary_bg_n": 1556378.0,
  "summary_bg_p05": 0.0,
  "summary_bg_p95": 65.49601567536592,
  "summary_bg_stdv": 25.470595096805596,
  "summary_csf_k": 33.63134643798347,
  "summary_csf_mad": 114.16142157711538,
  "summary_csf_mean": 286.8475356844801,
  "summary_csf_median": 274.64931688830256,
  "summary_csf_n": 13711.0,
  "summary_csf_p05": 81.34019820392132,
  "summary_csf_p95": 480.2452459093183,
  "summary_csf_stdv": 176.68589680003222,
  "summary_gm_k": -0.023721199541062887,
  "summary_gm_mad": 58.763955864235996,
  "summary_gm_mean": 687.8118548666413,
  "summary_gm_median": 690.13020523265,
  "summary_gm_n": 16620.0,
  "summary_gm_p05": 589.2118451781571,
  "summary_gm_p95": 777.9796376600862,
  "summary_gm_stdv": 57.900825424016624,
  "summary_wm_k": 0.7785991282210127,
  "summary_wm_mad": 47.87897104151628,
  "summary_wm_mean": 1002.9918250891424,
  "summary_wm_median": 1000.0504889599979,
  "summary_wm_n": 126861.0,
  "summary_wm_p05": 925.5222800597548,
  "summary_wm_p95": 1090.776094648987,
  "summary_wm_stdv": 50.731821726305505,
  "tpm_overlap_csf": 0.15818450505565285,
  "tpm_overlap_gm": 0.4627249187549609,
  "tpm_overlap_wm": 0.48734903938140717,
  "wm2max": 0.362576337306673
}