{
  "aor": 0.00043966666666666666,
  "aqi": 0.002827427333333333,
  "bids_meta": {
    "EchoTime": 0.0036,
    "InstitutionName": "U of M FMRI",
    "Modality": "MR",
    "PatientPosition": "HFS",
    "RepetitionTime": 2.0,
    "SliceTiming": [
      0,
      0.069,
      0.138,
      0.207,
      0.276,
      0.345,
      0.414,
      0.483,
      0.552,
      0.621,
      0.69,
      0.759,
      0.828,
      0.897,
      0.966,
      1.035,
      1.104,
      1.173,
      1.242,
      1.311,
      1.38,
      1.449,
      1.518,
      1.587,
      1.656,
      1.725,
      1.794,
      1.863,
      1.932
    ],
    "TaskName": "reward",
    "dataset": "MLS",
    "modality": "bold",
    "run_id": 2,
    "session_id": "2",
    "subject_id": "122",
    "task_id": "reward"
  },
  "dummy_trs": 0,
  "dvars_nstd": 16.72889872684565,
  "dvars_std": 1.1209565473825498,
  "dvars_vstd": 1.0047023430201345,
  "efc": 0.5379338558558057,
  "fber": 1061.111572265625,
  "fd_mean": 0.04338138449486828,
  "fd_num": 0,
  "fd_perc": 0.0,
  "fwhm_avg": 2.4570692666666667,
  "fwhm_x": 2.6076672000000003,
  "fwhm_y": 2.8398656,
  "fwhm_z": 1.923675,
  "gcor": 0.015516,
  "gsr_x": 0.00478056725114584,
  "gsr_y": 0.029981689527630806,
  "provenance": {
    "md5sum": "635dda5cb97ceea5d798eddd47f705ad",
    "settings": {
      "fd_thres": 0.2,
      "testing": false
    },
    "software": "mriqc",
    "version": "23.1.0rc0"
  },
  "size_t": 150,
  "size_x": 64,
  "size_y": 64,
  "size_z": 29,
  "snr": 6.76037603569851,
  "spacing_tr": 1.0,
  "spacing_x": 3.125,
  "spacing_y": 3.125,
  "spacing_z": 4.0,
  "summary_bg_k": 26.96853703075038,
  "summary_bg_mad": 101.53849120324416,
  "summary_bg_mean": 113.04137420654297,
  "summary_bg_median": 70.2733383178711,
  "summary_bg_n": 67811.0,
  "summary_bg_p05": 0.0,
  "summary_bg_p95": 394.25,
  "summary_bg_stdv": 162.90704345703125,
  "summary_fg_k": 0.9270613600329858,
  "summary_fg_mad": 312.67089008478774,
  "summary_fg_mean": 2290.185546875,
  "summary_fg_median": 2298.219970703125,
  "summary_fg_n": 23239.0,
  "summary_fg_p05": 1737.9974243164063,
  "summary_fg_p95": 2839.5120605468746,
  "summary_fg_stdv": 339.9471435546875,
  "tsnr": 90.42022013338283
}