{
  "aor": 0.0015627999999999998,
  "aqi": 0.005052311866666667,
  "bids_meta": {
    "EchoTime": 0.0036,
    "InstitutionName": "U of M FMRI",
    "Modality": "MR",
    "PatientPosition": "HFS",
    "RepetitionTime": 2.0,
    "SliceTiming": [
      0,
      0.069,
      0.138,
      0.207,
      0.276,
      0.345,
      0.414,
      0.483,
      0.552,
      0.621,
      0.69,
      0.759,
      0.828,
      0.897,
      0.966,
      1.035,
      1.104,
      1.173,
      1.242,
      1.311,
      1.38,
      1.449,
      1.518,
      1.587,
      1.656,
      1.725,
      1.794,
      1.863,
      1.932
    ],
    "TaskName": "reward",
    "dataset": "MLS",
    "modality": "bold",
    "run_id": 2,
    "session_id": "2",
    "subject_id": "78",
    "task_id": "reward"
  },
  "dummy_trs": 0,
  "dvars_nstd": 17.43038111543624,
  "dvars_std": 1.0806398011409393,
  "dvars_vstd": 1.0210124753691279,
  "efc": 0.5739014779413033,
  "fber": 1126.7705078125,
  "fd_mean": 0.08785794766831645,
  "fd_num": 4,
  "fd_perc": 2.6666666666666665,
  "fwhm_avg": 2.3139085,
  "fwhm_x": 2.3845344,
  "fwhm_y": 2.7408736,
  "fwhm_z": 1.8163175,
  "gcor": 0.0220298,
  "gsr_x": 0.00280600949190557,
  "gsr_y": 0.04716596007347107,
  "provenance": {
    "md5sum": "11c56ba7ec8b1aaa70d5007cbd0fb96b",
    "settings": {
      "fd_thres": 0.2,
      "testing": false
    },
    "software": "mriqc",
    "version": "23.1.0rc0"
  },
  "size_t": 150,
  "size_x": 64,
  "size_y": 64,
  "size_z": 29,
  "snr": 6.8476645757067285,
  "spacing_tr": 1.0,
  "spacing_x": 3.125,
  "spacing_y": 3.125,
  "spacing_z": 4.0,
  "summary_bg_k": 38.969667102274784,
  "summary_bg_mad": 70.75966164975888,
  "summary_bg_mean": 82.91602325439453,
  "summary_bg_median": 48.65999984741211,
  "summary_bg_n": 61403.0,
  "summary_bg_p05": 0.0,
  "summary_bg_p95": 270.13868103027335,
  "summary_bg_stdv": 139.01861572265625,
  "summary_fg_k": 1.0365049174314072,
  "summary_fg_mad": 220.66557702115784,
  "summary_fg_mean": 1655.6207275390625,
  "summary_fg_median": 1654.9033203125,
  "summary_fg_n": 28160.0,
  "summary_fg_p05": 1268.8327087402345,
  "summary_fg_p95": 2051.808312988281,
  "summary_fg_stdv": 241.66983032226562,
  "tsnr": 75.40899874106981
}