{
  "aor": 0.0007853333333333334,
  "aqi": 0.005187988333333333,
  "bids_meta": {
    "EchoTime": 0.0036,
    "InstitutionName": "U of M FMRI",
    "Modality": "MR",
    "PatientPosition": "HFS",
    "RepetitionTime": 2.0,
    "SliceTiming": [
      0,
      0.069,
      0.138,
      0.207,
      0.276,
      0.345,
      0.414,
      0.483,
      0.552,
      0.621,
      0.69,
      0.759,
      0.828,
      0.897,
      0.966,
      1.035,
      1.104,
      1.173,
      1.242,
      1.311,
      1.38,
      1.449,
      1.518,
      1.587,
      1.656,
      1.725,
      1.794,
      1.863,
      1.932
    ],
    "TaskName": "reward",
    "dataset": "MLS",
    "modality": "bold",
    "run_id": 1,
    "session_id": "2",
    "subject_id": "112",
    "task_id": "reward"
  },
  "dummy_trs": 0,
  "dvars_nstd": 20.27698744691275,
  "dvars_std": 1.0946440071812074,
  "dvars_vstd": 0.9917738551006712,
  "efc": 0.6041192272460197,
  "fber": 648.97802734375,
  "fd_mean": 0.061965444394379635,
  "fd_num": 1,
  "fd_perc": 0.6666666666666666,
  "fwhm_avg": 2.414164733333333,
  "fwhm_x": 2.5505568,
  "fwhm_y": 2.8099423999999997,
  "fwhm_z": 1.881995,
  "gcor": 0.0118251,
  "gsr_x": 0.003304369281977415,
  "gsr_y": 0.04330148920416832,
  "provenance": {
    "md5sum": "437cf49667199b4d674642ce808cda68",
    "settings": {
      "fd_thres": 0.2,
      "testing": false
    },
    "software": "mriqc",
    "version": "23.1.0rc0"
  },
  "size_t": 150,
  "size_x": 64,
  "size_y": 64,
  "size_z": 29,
  "snr": 6.581542041384585,
  "spacing_tr": 1.0,
  "spacing_x": 3.125,
  "spacing_y": 3.125,
  "spacing_z": 4.0,
  "summary_bg_k": 16.042175019240624,
  "summary_bg_mad": 123.1449439841492,
  "summary_bg_mean": 149.77627563476562,
  "summary_bg_median": 83.83333587646484,
  "summary_bg_n": 59664.0,
  "summary_bg_p05": 0.0,
  "summary_bg_p95": 531.5253479003903,
  "summary_bg_stdv": 202.1764678955078,
  "summary_fg_k": 1.0682421005636842,
  "summary_fg_mad": 317.8897693418601,
  "summary_fg_mean": 2249.549072265625,
  "summary_fg_median": 2239.936767578125,
  "summary_fg_n": 29286.0,
  "summary_fg_p05": 1737.6916809082031,
  "summary_fg_p95": 2821.1966552734375,
  "summary_fg_stdv": 340.3303527832031,
  "tsnr": 69.3739701807499
}