{
  "aor": 0.0011486666666666668,
  "aqi": 0.004801027866666667,
  "bids_meta": {
    "EchoTime": 0.0036,
    "InstitutionName": "U of M FMRI",
    "Modality": "MR",
    "PatientPosition": "HFS",
    "RepetitionTime": 2.0,
    "SliceTiming": [
      0,
      0.069,
      0.138,
      0.207,
      0.276,
      0.345,
      0.414,
      0.483,
      0.552,
      0.621,
      0.69,
      0.759,
      0.828,
      0.897,
      0.966,
      1.035,
      1.104,
      1.173,
      1.242,
      1.311,
      1.38,
      1.449,
      1.518,
      1.587,
      1.656,
      1.725,
      1.794,
      1.863,
      1.932
    ],
    "TaskName": "reward",
    "dataset": "MLS",
    "modality": "bold",
    "run_id": 2,
    "session_id": "2",
    "subject_id": "112",
    "task_id": "reward"
  },
  "dummy_trs": 0,
  "dvars_nstd": 19.413812163154354,
  "dvars_std": 1.090997648322148,
  "dvars_vstd": 1.0186384379194628,
  "efc": 0.6044874451027006,
  "fber": 647.7540283203125,
  "fd_mean": 0.0560770742940185,
  "fd_num": 0,
  "fd_perc": 0.0,
  "fwhm_avg": 2.3926499,
  "fwhm_x": 2.5182112,
  "fwhm_y": 2.7900959999999997,
  "fwhm_z": 1.8696425,
  "gcor": 0.0193281,
  "gsr_x": 0.004203648306429386,
  "gsr_y": 0.04467464238405228,
  "provenance": {
    "md5sum": "71beebac1bb91c0ec15c172d737e9d73",
    "settings": {
      "fd_thres": 0.2,
      "testing": false
    },
    "software": "mriqc",
    "version": "23.1.0rc0"
  },
  "size_t": 150,
  "size_x": 64,
  "size_y": 64,
  "size_z": 29,
  "snr": 6.5535448949656505,
  "spacing_tr": 1.0,
  "spacing_x": 3.125,
  "spacing_y": 3.125,
  "spacing_z": 4.0,
  "summary_bg_k": 21.212634110653415,
  "summary_bg_mad": 123.84671331370535,
  "summary_bg_mean": 152.12918090820312,
  "summary_bg_median": 83.84667205810547,
  "summary_bg_n": 59655.0,
  "summary_bg_p05": 0.0,
  "summary_bg_p95": 543.394659423828,
  "summary_bg_stdv": 210.22190856933594,
  "summary_fg_k": 1.1711306898857767,
  "summary_fg_mad": 316.57511815591954,
  "summary_fg_mean": 2253.149169921875,
  "summary_fg_median": 2244.103515625,
  "summary_fg_n": 29232.0,
  "summary_fg_p05": 1741.6840087890625,
  "summary_fg_p95": 2829.9193725585938,
  "summary_fg_stdv": 342.4200439453125,
  "tsnr": 71.32858646800742
}