{
  "aor": 0.0009247333333333331,
  "aqi": 0.005220599466666667,
  "bids_meta": {
    "EchoTime": 0.0036,
    "InstitutionName": "U of M FMRI",
    "Modality": "MR",
    "PatientPosition": "HFS",
    "RepetitionTime": 2.0,
    "SliceTiming": [
      0,
      0.069,
      0.138,
      0.207,
      0.276,
      0.345,
      0.414,
      0.483,
      0.552,
      0.621,
      0.69,
      0.759,
      0.828,
      0.897,
      0.966,
      1.035,
      1.104,
      1.173,
      1.242,
      1.311,
      1.38,
      1.449,
      1.518,
      1.587,
      1.656,
      1.725,
      1.794,
      1.863,
      1.932
    ],
    "TaskName": "reward",
    "dataset": "MLS",
    "modality": "bold",
    "run_id": 1,
    "session_id": "2",
    "subject_id": "220",
    "task_id": "reward"
  },
  "dummy_trs": 0,
  "dvars_nstd": 18.05051680080536,
  "dvars_std": 1.1566466920805376,
  "dvars_vstd": 0.9947870392617456,
  "efc": 0.49121538173731116,
  "fber": 1262.5443115234375,
  "fd_mean": 0.10395769715841606,
  "fd_num": 4,
  "fd_perc": 2.6666666666666665,
  "fwhm_avg": 2.1108929333333335,
  "fwhm_x": 2.1382528,
  "fwhm_y": 2.525136,
  "fwhm_z": 1.66929,
  "gcor": 0.0217907,
  "gsr_x": -0.005337211303412914,
  "gsr_y": 0.04801855608820915,
  "provenance": {
    "md5sum": "0a83c42c2443049c951c9405a2005884",
    "settings": {
      "fd_thres": 0.2,
      "testing": false
    },
    "software": "mriqc",
    "version": "23.1.0rc0"
  },
  "size_t": 150,
  "size_x": 64,
  "size_y": 64,
  "size_z": 29,
  "snr": 8.765446617203516,
  "spacing_tr": 1.0,
  "spacing_x": 3.125,
  "spacing_y": 3.125,
  "spacing_z": 4.0,
  "summary_bg_k": 29.91144750433123,
  "summary_bg_mad": 317.03967559850093,
  "summary_bg_mean": 433.2105407714844,
  "summary_bg_median": 242.98667907714844,
  "summary_bg_n": 75767.0,
  "summary_bg_p05": 0.1066666692495346,
  "summary_bg_p95": 1508.1500854492158,
  "summary_bg_stdv": 726.9728393554688,
  "summary_fg_k": 3.261853880363045,
  "summary_fg_mad": 891.6169214351222,
  "summary_fg_mean": 8512.369140625,
  "summary_fg_median": 8554.66015625,
  "summary_fg_n": 17384.0,
  "summary_fg_p05": 6960.5469970703125,
  "summary_fg_p95": 9963.77890625,
  "summary_fg_stdv": 975.9244995117188,
  "tsnr": 88.75106581137516
}