{
  "aor": 0.0013412,
  "aqi": 0.0053557502,
  "bids_meta": {
    "EchoTime": 0.0036,
    "InstitutionName": "U of M FMRI",
    "Modality": "MR",
    "PatientPosition": "HFS",
    "RepetitionTime": 2.0,
    "SliceTiming": [
      0,
      0.069,
      0.138,
      0.207,
      0.276,
      0.345,
      0.414,
      0.483,
      0.552,
      0.621,
      0.69,
      0.759,
      0.828,
      0.897,
      0.966,
      1.035,
      1.104,
      1.173,
      1.242,
      1.311,
      1.38,
      1.449,
      1.518,
      1.587,
      1.656,
      1.725,
      1.794,
      1.863,
      1.932
    ],
    "TaskName": "reward",
    "dataset": "MLS",
    "modality": "bold",
    "run_id": 2,
    "session_id": "2",
    "subject_id": "220",
    "task_id": "reward"
  },
  "dummy_trs": 0,
  "dvars_nstd": 17.834079537651004,
  "dvars_std": 1.1196455859060401,
  "dvars_vstd": 0.9942315532214763,
  "efc": 0.4931223671040562,
  "fber": 1246.953125,
  "fd_mean": 0.11956793113953139,
  "fd_num": 5,
  "fd_perc": 3.3333333333333335,
  "fwhm_avg": 2.1334163,
  "fwhm_x": 2.1713888,
  "fwhm_y": 2.4896575999999997,
  "fwhm_z": 1.7392025,
  "gcor": 0.0216398,
  "gsr_x": -0.004504492040723562,
  "gsr_y": 0.04987771809101105,
  "provenance": {
    "md5sum": "07a0ed29ed5a2b989c6152d7aa456b9f",
    "settings": {
      "fd_thres": 0.2,
      "testing": false
    },
    "software": "mriqc",
    "version": "23.1.0rc0"
  },
  "size_t": 150,
  "size_x": 64,
  "size_y": 64,
  "size_z": 29,
  "snr": 8.949058601374896,
  "spacing_tr": 1.0,
  "spacing_x": 3.125,
  "spacing_y": 3.125,
  "spacing_z": 4.0,
  "summary_bg_k": 24.218233395513703,
  "summary_bg_mad": 331.55929573815536,
  "summary_bg_mean": 439.33258056640625,
  "summary_bg_median": 243.4733428955078,
  "summary_bg_n": 75908.0,
  "summary_bg_p05": 0.0533333346247673,
  "summary_bg_p95": 1615.1600097656242,
  "summary_bg_stdv": 720.2633056640625,
  "summary_fg_k": 2.8277003760349544,
  "summary_fg_mad": 876.939666220722,
  "summary_fg_mean": 8467.7158203125,
  "summary_fg_median": 8493.4072265625,
  "summary_fg_n": 17269.0,
  "summary_fg_p05": 6951.883984375,
  "summary_fg_p95": 9918.3107421875,
  "summary_fg_stdv": 949.056396484375,
  "tsnr": 88.2145293073263
}