{
  "aor": 0.0010642,
  "aqi": 0.0045668968,
  "bids_meta": {
    "EchoTime": 0.0036,
    "InstitutionName": "U of M FMRI",
    "Modality": "MR",
    "PatientPosition": "HFS",
    "RepetitionTime": 2.0,
    "SliceTiming": [
      0,
      0.069,
      0.138,
      0.207,
      0.276,
      0.345,
      0.414,
      0.483,
      0.552,
      0.621,
      0.69,
      0.759,
      0.828,
      0.897,
      0.966,
      1.035,
      1.104,
      1.173,
      1.242,
      1.311,
      1.38,
      1.449,
      1.518,
      1.587,
      1.656,
      1.725,
      1.794,
      1.863,
      1.932
    ],
    "TaskName": "reward",
    "dataset": "MLS",
    "modality": "bold",
    "run_id": 1,
    "session_id": "1",
    "subject_id": "89",
    "task_id": "reward"
  },
  "dummy_trs": 0,
  "dvars_nstd": 17.40345560651007,
  "dvars_std": 1.164718889932885,
  "dvars_vstd": 1.0014023461744972,
  "efc": 0.5375621825467325,
  "fber": 1248.4881591796875,
  "fd_mean": 0.12462348877110985,
  "fd_num": 20,
  "fd_perc": 13.333333333333334,
  "fwhm_avg": 2.3516967333333336,
  "fwhm_x": 2.4958336,
  "fwhm_y": 2.7627616,
  "fwhm_z": 1.796495,
  "gcor": 0.0265118,
  "gsr_x": -0.0021302280947566032,
  "gsr_y": 0.02800091728568077,
  "provenance": {
    "md5sum": "26a60b73473c87c5cc31b1dc3a238ad1",
    "settings": {
      "fd_thres": 0.2,
      "testing": false
    },
    "software": "mriqc",
    "version": "23.1.0rc0"
  },
  "size_t": 150,
  "size_x": 64,
  "size_y": 64,
  "size_z": 29,
  "snr": 7.577825370564484,
  "spacing_tr": 1.0,
  "spacing_x": 3.125,
  "spacing_y": 3.125,
  "spacing_z": 4.0,
  "summary_bg_k": 17.857782071079665,
  "summary_bg_mad": 124.39032839489145,
  "summary_bg_mean": 140.45872497558594,
  "summary_bg_median": 94.4000015258789,
  "summary_bg_n": 66509.0,
  "summary_bg_p05": 0.006666666828095913,
  "summary_bg_p95": 482.7266845703124,
  "summary_bg_stdv": 186.47726440429688,
  "summary_fg_k": 2.158895949485289,
  "summary_fg_mad": 395.69661432110144,
  "summary_fg_mean": 3377.464599609375,
  "summary_fg_median": 3384.239990234375,
  "summary_fg_n": 23675.0,
  "summary_fg_p05": 2659.5500244140626,
  "summary_fg_p95": 4081.2602050781247,
  "summary_fg_stdv": 446.5883483886719,
  "tsnr": 85.27553331828676
}