{
  "aor": 0.0009487333333333335,
  "aqi": 0.0077130407999999985,
  "bids_meta": {
    "EchoTime": 0.0036,
    "InstitutionName": "U of M FMRI",
    "Modality": "MR",
    "PatientPosition": "HFS",
    "RepetitionTime": 2.0,
    "SliceTiming": [
      0,
      0.069,
      0.138,
      0.207,
      0.276,
      0.345,
      0.414,
      0.483,
      0.552,
      0.621,
      0.69,
      0.759,
      0.828,
      0.897,
      0.966,
      1.035,
      1.104,
      1.173,
      1.242,
      1.311,
      1.38,
      1.449,
      1.518,
      1.587,
      1.656,
      1.725,
      1.794,
      1.863,
      1.932
    ],
    "TaskName": "reward",
    "dataset": "MLS",
    "modality": "bold",
    "run_id": 1,
    "session_id": "1",
    "subject_id": "117",
    "task_id": "reward"
  },
  "dummy_trs": 0,
  "dvars_nstd": 19.89670959557046,
  "dvars_std": 1.0492272375167786,
  "dvars_vstd": 1.0122429215436237,
  "efc": 0.5911111464042341,
  "fber": 851.9354858398438,
  "fd_mean": 0.08367458831946419,
  "fd_num": 5,
  "fd_perc": 3.3333333333333335,
  "fwhm_avg": 2.143097,
  "fwhm_x": 2.2125376,
  "fwhm_y": 2.5170784,
  "fwhm_z": 1.699675,
  "gcor": 0.0535067,
  "gsr_x": 0.019437484443187714,
  "gsr_y": 0.048847746104002,
  "provenance": {
    "md5sum": "2d70360a5c2c14e2350b7db71c5929d9",
    "settings": {
      "fd_thres": 0.2,
      "testing": false
    },
    "software": "mriqc",
    "version": "23.1.0rc0"
  },
  "size_t": 150,
  "size_x": 64,
  "size_y": 64,
  "size_z": 29,
  "snr": 7.3037445578965805,
  "spacing_tr": 1.0,
  "spacing_x": 3.125,
  "spacing_y": 3.125,
  "spacing_z": 4.0,
  "summary_bg_k": 14.879097969907313,
  "summary_bg_mad": 129.05064324242673,
  "summary_bg_mean": 173.64295959472656,
  "summary_bg_median": 87.31666564941406,
  "summary_bg_n": 61286.0,
  "summary_bg_p05": 0.006666666828095913,
  "summary_bg_p95": 620.7850189208984,
  "summary_bg_stdv": 240.6472930908203,
  "summary_fg_k": 1.519513094855884,
  "summary_fg_mad": 325.6983159749819,
  "summary_fg_mean": 2647.340576171875,
  "summary_fg_median": 2613.033447265625,
  "summary_fg_n": 27895.0,
  "summary_fg_p05": 2141.9781494140625,
  "summary_fg_p95": 3267.67470703125,
  "summary_fg_stdv": 357.7598571777344,
  "tsnr": 63.46727405767888
}