{
  "aor": 0.0016522666666666666,
  "aqi": 0.0038611594666666665,
  "bids_meta": {
    "EchoTime": 0.0036,
    "InstitutionName": "U of M FMRI",
    "Modality": "MR",
    "PatientPosition": "HFS",
    "RepetitionTime": 2.0,
    "SliceTiming": [
      0,
      0.069,
      0.138,
      0.207,
      0.276,
      0.345,
      0.414,
      0.483,
      0.552,
      0.621,
      0.69,
      0.759,
      0.828,
      0.897,
      0.966,
      1.035,
      1.104,
      1.173,
      1.242,
      1.311,
      1.38,
      1.449,
      1.518,
      1.587,
      1.656,
      1.725,
      1.794,
      1.863,
      1.932
    ],
    "TaskName": "reward",
    "dataset": "MLS",
    "modality": "bold",
    "run_id": 2,
    "session_id": "1",
    "subject_id": "91",
    "task_id": "reward"
  },
  "dummy_trs": 0,
  "dvars_nstd": 22.023232492281892,
  "dvars_std": 1.1534230247651007,
  "dvars_vstd": 1.0052421122818793,
  "efc": 0.5564773895641347,
  "fber": 663.767822265625,
  "fd_mean": 0.2226592371957224,
  "fd_num": 67,
  "fd_perc": 44.666666666666664,
  "fwhm_avg": 2.8729085,
  "fwhm_x": 2.998736,
  "fwhm_y": 3.4393920000000002,
  "fwhm_z": 2.1805975,
  "gcor": 0.0211843,
  "gsr_x": 0.0011355549795553088,
  "gsr_y": 0.057347074151039124,
  "provenance": {
    "md5sum": "226b222327d2e7c0c5581c6c920b0401",
    "settings": {
      "fd_thres": 0.2,
      "testing": false
    },
    "software": "mriqc",
    "version": "23.1.0rc0"
  },
  "size_t": 150,
  "size_x": 64,
  "size_y": 64,
  "size_z": 29,
  "snr": 5.42707912270689,
  "spacing_tr": 1.0,
  "spacing_x": 3.125,
  "spacing_y": 3.125,
  "spacing_z": 4.0,
  "summary_bg_k": 23.92645487887251,
  "summary_bg_mad": 184.99911503362893,
  "summary_bg_mean": 213.8589324951172,
  "summary_bg_median": 135.22000122070312,
  "summary_bg_n": 65922.0,
  "summary_bg_p05": 0.019999999552965164,
  "summary_bg_p95": 728.8280273437493,
  "summary_bg_stdv": 289.55364990234375,
  "summary_fg_k": 0.04707746598767626,
  "summary_fg_mad": 659.5800822080408,
  "summary_fg_mean": 3596.494140625,
  "summary_fg_median": 3588.4501953125,
  "summary_fg_n": 23812.0,
  "summary_fg_p05": 2544.81748046875,
  "summary_fg_p95": 4729.222827148437,
  "summary_fg_stdv": 661.1981811523438,
  "tsnr": 67.67981518351007
}