{
  "aor": 0.0009754666666666666,
  "aqi": 0.005616738600000001,
  "bids_meta": {
    "EchoTime": 0.0036,
    "InstitutionName": "U of M FMRI",
    "Modality": "MR",
    "PatientPosition": "HFS",
    "RepetitionTime": 2.0,
    "SliceTiming": [
      0,
      0.069,
      0.138,
      0.207,
      0.276,
      0.345,
      0.414,
      0.483,
      0.552,
      0.621,
      0.69,
      0.759,
      0.828,
      0.897,
      0.966,
      1.035,
      1.104,
      1.173,
      1.242,
      1.311,
      1.38,
      1.449,
      1.518,
      1.587,
      1.656,
      1.725,
      1.794,
      1.863,
      1.932
    ],
    "TaskName": "reward",
    "dataset": "MLS",
    "modality": "bold",
    "run_id": 2,
    "session_id": "1",
    "subject_id": "104",
    "task_id": "reward"
  },
  "dummy_trs": 0,
  "dvars_nstd": 16.080950397651012,
  "dvars_std": 1.0304140006711409,
  "dvars_vstd": 0.9723083190604029,
  "efc": 0.5817709979658853,
  "fber": 1038.994384765625,
  "fd_mean": 0.06786590125053615,
  "fd_num": 7,
  "fd_perc": 4.666666666666667,
  "fwhm_avg": 2.4037535333333335,
  "fwhm_x": 2.508976,
  "fwhm_y": 2.8304096,
  "fwhm_z": 1.871875,
  "gcor": 0.0235191,
  "gsr_x": 0.002144346246495843,
  "gsr_y": 0.047492336481809616,
  "provenance": {
    "md5sum": "2438b6168250033a5323b50fcf1d754d",
    "settings": {
      "fd_thres": 0.2,
      "testing": false
    },
    "software": "mriqc",
    "version": "23.1.0rc0"
  },
  "size_t": 150,
  "size_x": 64,
  "size_y": 64,
  "size_z": 29,
  "snr": 6.574783174046793,
  "spacing_tr": 1.0,
  "spacing_x": 3.125,
  "spacing_y": 3.125,
  "spacing_z": 4.0,
  "summary_bg_k": 10.90525660237211,
  "summary_bg_mad": 144.86012559603606,
  "summary_bg_mean": 214.20730590820312,
  "summary_bg_median": 98.086669921875,
  "summary_bg_n": 63131.0,
  "summary_bg_p05": 0.006666666828095913,
  "summary_bg_p95": 855.75,
  "summary_bg_stdv": 300.32916259765625,
  "summary_fg_k": 0.6175407892022418,
  "summary_fg_mad": 452.32706016899357,
  "summary_fg_mean": 3217.2080078125,
  "summary_fg_median": 3221.75,
  "summary_fg_n": 26452.0,
  "summary_fg_p05": 2402.1680908203125,
  "summary_fg_p95": 4016.1071044921873,
  "summary_fg_stdv": 490.00689697265625,
  "tsnr": 75.39452912751585
}