{
  "aor": 0.002392,
  "aqi": 0.027985111333333333,
  "bids_meta": {
    "EchoTime": 0.0036,
    "InstitutionName": "U of M FMRI",
    "Modality": "MR",
    "PatientPosition": "HFS",
    "RepetitionTime": 2.0,
    "SliceTiming": [
      0,
      0.069,
      0.138,
      0.207,
      0.276,
      0.345,
      0.414,
      0.483,
      0.552,
      0.621,
      0.69,
      0.759,
      0.828,
      0.897,
      0.966,
      1.035,
      1.104,
      1.173,
      1.242,
      1.311,
      1.38,
      1.449,
      1.518,
      1.587,
      1.656,
      1.725,
      1.794,
      1.863,
      1.932
    ],
    "TaskName": "reward",
    "dataset": "MLS",
    "modality": "bold",
    "run_id": 1,
    "session_id": "1",
    "subject_id": "104",
    "task_id": "reward"
  },
  "dummy_trs": 0,
  "dvars_nstd": 20.789780252214772,
  "dvars_std": 0.8406587309395975,
  "dvars_vstd": 0.8392837605369126,
  "efc": 0.5830780076777784,
  "fber": 935.5606689453125,
  "fd_mean": 0.1732209634393125,
  "fd_num": 30,
  "fd_perc": 20.0,
  "fwhm_avg": 2.383914133333333,
  "fwhm_x": 2.4761344,
  "fwhm_y": 2.803968,
  "fwhm_z": 1.87164,
  "gcor": 0.0345932,
  "gsr_x": -0.0010930836433544755,
  "gsr_y": 0.04456986486911774,
  "provenance": {
    "md5sum": "34a9997ed0d7b937492db7d388da4d4b",
    "settings": {
      "fd_thres": 0.2,
      "testing": false
    },
    "software": "mriqc",
    "version": "23.1.0rc0"
  },
  "size_t": 150,
  "size_x": 64,
  "size_y": 64,
  "size_z": 29,
  "snr": 6.45164637260757,
  "spacing_tr": 1.0,
  "spacing_x": 3.125,
  "spacing_y": 3.125,
  "spacing_z": 4.0,
  "summary_bg_k": 10.067287002948818,
  "summary_bg_mad": 151.19577975041835,
  "summary_bg_mean": 215.14430236816406,
  "summary_bg_median": 103.05333709716797,
  "summary_bg_n": 62951.0,
  "summary_bg_p05": 0.09333333373069763,
  "summary_bg_p95": 839.7466735839844,
  "summary_bg_stdv": 296.9412536621094,
  "summary_fg_k": 0.4933396298199697,
  "summary_fg_mad": 462.6412081710241,
  "summary_fg_mean": 3203.228271484375,
  "summary_fg_median": 3199.81689453125,
  "summary_fg_n": 26496.0,
  "summary_fg_p05": 2380.36181640625,
  "summary_fg_p95": 4022.4518432617188,
  "summary_fg_stdv": 495.9596862792969,
  "tsnr": 37.92902410333045
}