{
  "bids_meta": {
    "AcquisitionMatrixPE": 160,
    "CoilString": "HEAD",
    "EchoTime": 0.001784,
    "FlipAngle": 15,
    "ImageType": [
      "ORIGINAL",
      "PRIMARY",
      "OTHER"
    ],
    "InPlanePhaseEncodingDirectionDICOM": "ROW",
    "InstitutionName": "U of M FMRi",
    "InversionTime": 0.4,
    "MRAcquisitionType": "3D",
    "Modality": "MR",
    "PatientPosition": "HFS",
    "PercentPhaseFOV": 100,
    "PercentSampling": 100,
    "ReconMatrixPE": 256,
    "RepetitionTime": 0.008948,
    "SAR": 0.017417,
    "ScanningSequence": "GR",
    "SeriesDescription": "3d spgr IR axial",
    "dataset": "MLS",
    "modality": "T1w",
    "session_id": "1",
    "subject_id": "123"
  },
  "cjv": 0.5120885442265738,
  "cnr": 2.242443696639335,
  "efc": 0.5136320750798248,
  "fber": 916.2826645421437,
  "fwhm_avg": 2.842467211406706,
  "fwhm_x": 3.420521285271445,
  "fwhm_y": 3.360372348948672,
  "fwhm_z": 1.746508,
  "icvs_csf": 0.2607864998230509,
  "icvs_gm": 0.3722892345048727,
  "icvs_wm": 0.36692426567207637,
  "inu_med": 0.9895598292350769,
  "inu_range": 0.5179197192192078,
  "provenance": {
    "md5sum": "7be638fa08af65d6a566c51045a58e1c",
    "settings": {
      "testing": false
    },
    "software": "mriqc",
    "version": "23.1.0rc0",
    "warnings": {
      "large_rot_frame": true,
      "small_air_mask": false
    }
  },
  "qi_1": 2.409647722185373e-05,
  "qi_2": 0.00109838031921959,
  "rpve_csf": 15.844009237253935,
  "rpve_gm": 10.151486501098425,
  "rpve_wm": 13.012335680280296,
  "size_x": 256,
  "size_y": 256,
  "size_z": 60,
  "snr_csf": 0.46455811182310597,
  "snr_gm": 4.483933543250357,
  "snr_total": 3.6885706752210123,
  "snr_wm": 6.117220370589575,
  "snrd_csf": 3.5183524409612716,
  "snrd_gm": 13.176647637732001,
  "snrd_total": 13.770156870956605,
  "snrd_wm": 24.615470534176538,
  "spacing_x": 0.9399999976158142,
  "spacing_y": 0.9399999976158142,
  "spacing_z": 2.5,
  "summary_bg_k": 22.34459592924881,
  "summary_bg_mad": 26.110649424376703,
  "summary_bg_mean": 27.907496411196956,
  "summary_bg_median": 17.611365407705307,
  "summary_bg_n": 788478.0,
  "summary_bg_p05": 0.0,
  "summary_bg_p95": 110.9220031350851,
  "summary_bg_stdv": 43.53232467533914,
  "summary_csf_k": 50.82095102540461,
  "summary_csf_mad": 88.86397493170223,
  "summary_csf_mean": 194.6366088852637,
  "summary_csf_median": 140.22494725883007,
  "summary_csf_n": 108145.0,
  "summary_csf_p05": 34.55675481259823,
  "summary_csf_p95": 362.49813806414517,
  "summary_csf_stdv": 301.84447406998174,
  "summary_gm_k": 0.24856467706485663,
  "summary_gm_mad": 111.46394880322156,
  "summary_gm_mean": 522.4827704341805,
  "summary_gm_median": 525.1590768843889,
  "summary_gm_n": 126964.0,
  "summary_gm_p05": 323.22035336494446,
  "summary_gm_p95": 712.6683203428984,
  "summary_gm_stdv": 117.11971278636972,
  "summary_wm_k": 3.666676737562648,
  "summary_wm_mad": 121.99597546179368,
  "summary_wm_mean": 1003.3891603275349,
  "summary_wm_median": 981.0566494762897,
  "summary_wm_n": 182757.0,
  "summary_wm_p05": 791.1054940074682,
  "summary_wm_p95": 1306.6449175179005,
  "summary_wm_stdv": 160.37577625004764,
  "tpm_overlap_csf": 0.12708495557107777,
  "tpm_overlap_gm": 0.37042817424539515,
  "tpm_overlap_wm": 0.4014806524516344,
  "wm2max": 0.22094457220944572
}