{
  "bids_meta": {
    "AcquisitionMatrixPE": 160,
    "CoilString": "HEAD",
    "EchoTime": 0.001784,
    "FlipAngle": 15,
    "ImageType": [
      "ORIGINAL",
      "PRIMARY",
      "OTHER"
    ],
    "InPlanePhaseEncodingDirectionDICOM": "ROW",
    "InstitutionName": "U of M FMRi",
    "InversionTime": 0.4,
    "MRAcquisitionType": "3D",
    "Modality": "MR",
    "PatientPosition": "HFS",
    "PercentPhaseFOV": 100,
    "PercentSampling": 100,
    "ReconMatrixPE": 256,
    "RepetitionTime": 0.008948,
    "SAR": 0.017417,
    "ScanningSequence": "GR",
    "SeriesDescription": "3d spgr IR axial",
    "dataset": "MLS",
    "modality": "T1w",
    "session_id": "1",
    "subject_id": "40"
  },
  "cjv": 0.28794105306273177,
  "cnr": 4.670070335340349,
  "efc": 0.7126609805699005,
  "fber": -1.0,
  "fwhm_avg": 5.409595259953316,
  "fwhm_x": 6.05635,
  "fwhm_y": 6.3219,
  "fwhm_z": 3.8505357798599475,
  "icvs_csf": 0.2138043115369335,
  "icvs_gm": 0.4410213326103674,
  "icvs_wm": 0.3451743558526991,
  "inu_med": 0.5694079995155334,
  "inu_range": 0.3209813177585602,
  "provenance": {
    "md5sum": "d6e1c081e16a56d7580038d78f5721a6",
    "settings": {
      "testing": false
    },
    "software": "mriqc",
    "version": "23.1.0rc0",
    "warnings": {
      "large_rot_frame": true,
      "small_air_mask": false
    }
  },
  "qi_1": 0.0,
  "qi_2": 0.003237083062390836,
  "rpve_csf": 11.59510536941558,
  "rpve_gm": 5.999018329615834,
  "rpve_wm": 9.16574672106345,
  "size_x": 202,
  "size_y": 197,
  "size_z": 112,
  "snr_csf": 2.971351118436712,
  "snr_gm": 13.039650246553048,
  "snr_total": 13.898615863472882,
  "snr_wm": 25.684846225428885,
  "snrd_csf": 19.005122683753534,
  "snrd_gm": 45.29823778837001,
  "snrd_total": 43.32538467420418,
  "snrd_wm": 65.67279355048899,
  "spacing_x": 1.0,
  "spacing_y": 1.0,
  "spacing_z": 1.399999976158142,
  "summary_bg_k": 7.212339773121688,
  "summary_bg_mad": 0.0,
  "summary_bg_mean": 5.716433143044976,
  "summary_bg_median": 0.0,
  "summary_bg_n": 567963.0,
  "summary_bg_p05": 0.0,
  "summary_bg_p95": 26.571871742606163,
  "summary_bg_stdv": 9.975765901475055,
  "summary_csf_k": 9.800212140061987,
  "summary_csf_mad": 82.85424664510603,
  "summary_csf_mean": 300.29700462634963,
  "summary_csf_median": 289.39111736416817,
  "summary_csf_n": 14429.0,
  "summary_csf_p05": 153.51313047111034,
  "summary_csf_p95": 466.17945985496044,
  "summary_csf_stdv": 97.39040508799567,
  "summary_gm_k": 0.08300829262996601,
  "summary_gm_mad": 52.468467491676954,
  "summary_gm_mean": 686.2883847865671,
  "summary_gm_median": 689.7565391361713,
  "summary_gm_n": 19001.0,
  "summary_gm_p05": 593.5576252937317,
  "summary_gm_p95": 766.6521201431751,
  "summary_gm_stdv": 52.895466927657985,
  "summary_wm_k": 0.5315923655860293,
  "summary_wm_mad": 36.863367732648456,
  "summary_wm_mean": 1001.1678018436972,
  "summary_wm_median": 1000.0000222176313,
  "summary_wm_n": 134289.0,
  "summary_wm_p05": 939.5083022415638,
  "summary_wm_p95": 1067.045342847705,
  "summary_wm_stdv": 38.93331850698149,
  "tpm_overlap_csf": 0.17625029096713676,
  "tpm_overlap_gm": 0.47835232917446,
  "tpm_overlap_wm": 0.5132553665455487,
  "wm2max": 0.4485400224474889
}