{
  "aor": 0.003880133333333334,
  "aqi": 0.003752718533333333,
  "bids_meta": {
    "EchoTime": 0.0036,
    "InstitutionName": "U of M FMRI",
    "Modality": "MR",
    "PatientPosition": "HFS",
    "RepetitionTime": 2.0,
    "SliceTiming": [
      0,
      0.069,
      0.138,
      0.207,
      0.276,
      0.345,
      0.414,
      0.483,
      0.552,
      0.621,
      0.69,
      0.759,
      0.828,
      0.897,
      0.966,
      1.035,
      1.104,
      1.173,
      1.242,
      1.311,
      1.38,
      1.449,
      1.518,
      1.587,
      1.656,
      1.725,
      1.794,
      1.863,
      1.932
    ],
    "TaskName": "reward",
    "dataset": "MLS",
    "modality": "bold",
    "run_id": 1,
    "session_id": "2",
    "subject_id": "34",
    "task_id": "reward"
  },
  "dummy_trs": 0,
  "dvars_nstd": 18.06936959107382,
  "dvars_std": 1.1059141433557047,
  "dvars_vstd": 1.0417218169127513,
  "efc": 0.5923928161319171,
  "fber": 718.4872436523438,
  "fd_mean": 0.11965658330461511,
  "fd_num": 19,
  "fd_perc": 12.666666666666666,
  "fwhm_avg": 2.477558033333333,
  "fwhm_x": 2.6022431999999998,
  "fwhm_y": 2.8592383999999997,
  "fwhm_z": 1.9711925,
  "gcor": 0.0411136,
  "gsr_x": 0.001437999657355249,
  "gsr_y": 0.0396161824464798,
  "provenance": {
    "md5sum": "8a67bafc8b6beed0c7b2062a307fd0eb",
    "settings": {
      "fd_thres": 0.2,
      "testing": false
    },
    "software": "mriqc",
    "version": "23.1.0rc0"
  },
  "size_t": 150,
  "size_x": 64,
  "size_y": 64,
  "size_z": 29,
  "snr": 6.298887280194059,
  "spacing_tr": 1.0,
  "spacing_x": 3.125,
  "spacing_y": 3.125,
  "spacing_z": 4.0,
  "summary_bg_k": 20.764627783019872,
  "summary_bg_mad": 162.86879909892951,
  "summary_bg_mean": 185.53598022460938,
  "summary_bg_median": 111.54666900634766,
  "summary_bg_n": 60659.0,
  "summary_bg_p05": 0.0,
  "summary_bg_p95": 629.2847045898436,
  "summary_bg_stdv": 250.8922576904297,
  "summary_fg_k": 0.9648095955882559,
  "summary_fg_mad": 442.4282652054726,
  "summary_fg_mean": 3076.129150390625,
  "summary_fg_median": 3067.79345703125,
  "summary_fg_n": 28876.0,
  "summary_fg_p05": 2314.9484252929688,
  "summary_fg_p95": 3906.2568359375,
  "summary_fg_stdv": 487.0289306640625,
  "tsnr": 79.50077908858657
}