{
  "aor": 0.002350866666666667,
  "aqi": 0.013780479733333335,
  "bids_meta": {
    "EchoTime": 0.0036,
    "InstitutionName": "U of M FMRI",
    "Modality": "MR",
    "PatientPosition": "HFS",
    "RepetitionTime": 2.0,
    "SliceTiming": [
      0,
      0.069,
      0.138,
      0.207,
      0.276,
      0.345,
      0.414,
      0.483,
      0.552,
      0.621,
      0.69,
      0.759,
      0.828,
      0.897,
      0.966,
      1.035,
      1.104,
      1.173,
      1.242,
      1.311,
      1.38,
      1.449,
      1.518,
      1.587,
      1.656,
      1.725,
      1.794,
      1.863,
      1.932
    ],
    "TaskName": "reward",
    "dataset": "MLS",
    "modality": "bold",
    "run_id": 2,
    "session_id": "2",
    "subject_id": "156",
    "task_id": "reward"
  },
  "dummy_trs": 0,
  "dvars_nstd": 26.46391831489933,
  "dvars_std": 1.190275148791947,
  "dvars_vstd": 0.9898092165771806,
  "efc": 0.5804886613965126,
  "fber": 628.4138793945312,
  "fd_mean": 0.1423380178540111,
  "fd_num": 24,
  "fd_perc": 16.0,
  "fwhm_avg": 2.1273269999999997,
  "fwhm_x": 2.1652896,
  "fwhm_y": 2.5224864,
  "fwhm_z": 1.694205,
  "gcor": 0.0172207,
  "gsr_x": 0.016557808965444565,
  "gsr_y": 0.04042939096689224,
  "provenance": {
    "md5sum": "3a9422da94cbed7d227f5211da8767d2",
    "settings": {
      "fd_thres": 0.2,
      "testing": false
    },
    "software": "mriqc",
    "version": "23.1.0rc0"
  },
  "size_t": 150,
  "size_x": 64,
  "size_y": 64,
  "size_z": 29,
  "snr": 7.851799969548642,
  "spacing_tr": 1.0,
  "spacing_x": 3.125,
  "spacing_y": 3.125,
  "spacing_z": 4.0,
  "summary_bg_k": 20.709825665771795,
  "summary_bg_mad": 350.83310407689316,
  "summary_bg_mean": 381.18560791015625,
  "summary_bg_median": 241.13999938964844,
  "summary_bg_n": 62803.0,
  "summary_bg_p05": 0.14000000059604645,
  "summary_bg_p95": 1360.486743164062,
  "summary_bg_stdv": 547.1998901367188,
  "summary_fg_k": 2.1006140408954455,
  "summary_fg_mad": 716.8881236011093,
  "summary_fg_mean": 6038.1201171875,
  "summary_fg_median": 6044.18701171875,
  "summary_fg_n": 26967.0,
  "summary_fg_p05": 4853.09482421875,
  "summary_fg_p95": 7244.216943359374,
  "summary_fg_stdv": 769.7693481445312,
  "tsnr": 58.071319428272545
}