{
  "aor": 0.000608,
  "aqi": 0.002955942333333333,
  "bids_meta": {
    "EchoTime": 0.0036,
    "InstitutionName": "U of M FMRI",
    "Modality": "MR",
    "PatientPosition": "HFS",
    "RepetitionTime": 2.0,
    "SliceTiming": [
      0,
      0.069,
      0.138,
      0.207,
      0.276,
      0.345,
      0.414,
      0.483,
      0.552,
      0.621,
      0.69,
      0.759,
      0.828,
      0.897,
      0.966,
      1.035,
      1.104,
      1.173,
      1.242,
      1.311,
      1.38,
      1.449,
      1.518,
      1.587,
      1.656,
      1.725,
      1.794,
      1.863,
      1.932
    ],
    "TaskName": "reward",
    "dataset": "MLS",
    "modality": "bold",
    "run_id": 1,
    "session_id": "1",
    "subject_id": "175",
    "task_id": "reward"
  },
  "dummy_trs": 0,
  "dvars_nstd": 19.052539684630883,
  "dvars_std": 1.1628455725503353,
  "dvars_vstd": 1.0050845408724836,
  "efc": 0.5824130452691626,
  "fber": 797.0079345703125,
  "fd_mean": 0.0509688349883366,
  "fd_num": 1,
  "fd_perc": 0.6666666666666666,
  "fwhm_avg": 2.654605,
  "fwhm_x": 2.743808,
  "fwhm_y": 3.2072320000000003,
  "fwhm_z": 2.012775,
  "gcor": 0.0203057,
  "gsr_x": 0.0007215274963527918,
  "gsr_y": 0.040255818516016006,
  "provenance": {
    "md5sum": "5f08494109875d2f87d011e4b3a8883d",
    "settings": {
      "fd_thres": 0.2,
      "testing": false
    },
    "software": "mriqc",
    "version": "23.1.0rc0"
  },
  "size_t": 150,
  "size_x": 64,
  "size_y": 64,
  "size_z": 29,
  "snr": 6.042505091020583,
  "spacing_tr": 1.0,
  "spacing_x": 3.125,
  "spacing_y": 3.125,
  "spacing_z": 4.0,
  "summary_bg_k": 8.737145638441827,
  "summary_bg_mad": 134.21503975660687,
  "summary_bg_mean": 179.91815185546875,
  "summary_bg_median": 90.91999816894531,
  "summary_bg_n": 63154.0,
  "summary_bg_p05": 0.006666666828095913,
  "summary_bg_p95": 667.115362548828,
  "summary_bg_stdv": 244.5167236328125,
  "summary_fg_k": 1.2660643394472952,
  "summary_fg_mad": 399.6896139239932,
  "summary_fg_mean": 2668.787353515625,
  "summary_fg_median": 2673.0634765625,
  "summary_fg_n": 26092.0,
  "summary_fg_p05": 1969.75771484375,
  "summary_fg_p95": 3388.4203369140623,
  "summary_fg_stdv": 442.36822509765625,
  "tsnr": 83.53193648974411
}