{
  "aor": 0.0008458666666666667,
  "aqi": 0.006153712600000001,
  "bids_meta": {
    "EchoTime": 0.0036,
    "InstitutionName": "U of M FMRI",
    "Modality": "MR",
    "PatientPosition": "HFS",
    "RepetitionTime": 2.0,
    "SliceTiming": [
      0,
      0.069,
      0.138,
      0.207,
      0.276,
      0.345,
      0.414,
      0.483,
      0.552,
      0.621,
      0.69,
      0.759,
      0.828,
      0.897,
      0.966,
      1.035,
      1.104,
      1.173,
      1.242,
      1.311,
      1.38,
      1.449,
      1.518,
      1.587,
      1.656,
      1.725,
      1.794,
      1.863,
      1.932
    ],
    "TaskName": "reward",
    "dataset": "MLS",
    "modality": "bold",
    "run_id": 1,
    "session_id": "1",
    "subject_id": "17",
    "task_id": "reward"
  },
  "dummy_trs": 0,
  "dvars_nstd": 20.520164425369124,
  "dvars_std": 1.0755648344295303,
  "dvars_vstd": 0.9786907981879196,
  "efc": 0.5489313483810492,
  "fber": 968.0300903320312,
  "fd_mean": 0.13659836354665758,
  "fd_num": 15,
  "fd_perc": 10.0,
  "fwhm_avg": 2.3734175333333334,
  "fwhm_x": 2.4884256,
  "fwhm_y": 2.704352,
  "fwhm_z": 1.927475,
  "gcor": 0.0288367,
  "gsr_x": 0.00046659811050631106,
  "gsr_y": 0.02592397853732109,
  "provenance": {
    "md5sum": "ad9b1a29233942f2f4632bf9fbe87fd8",
    "settings": {
      "fd_thres": 0.2,
      "testing": false
    },
    "software": "mriqc",
    "version": "23.1.0rc0"
  },
  "size_t": 150,
  "size_x": 64,
  "size_y": 64,
  "size_z": 29,
  "snr": 6.716982861241586,
  "spacing_tr": 1.0,
  "spacing_x": 3.125,
  "spacing_y": 3.125,
  "spacing_z": 4.0,
  "summary_bg_k": 20.927904022096747,
  "summary_bg_mad": 127.77066671286535,
  "summary_bg_mean": 157.63296508789062,
  "summary_bg_median": 99.13333892822266,
  "summary_bg_n": 66299.0,
  "summary_bg_p05": 0.019999999552965164,
  "summary_bg_p95": 575.9493347167968,
  "summary_bg_stdv": 223.3643341064453,
  "summary_fg_k": 1.0495660288748452,
  "summary_fg_mad": 425.8032847621224,
  "summary_fg_mean": 3136.265625,
  "summary_fg_median": 3126.8466796875,
  "summary_fg_n": 24159.0,
  "summary_fg_p05": 2422.54013671875,
  "summary_fg_p95": 3914.0427734375,
  "summary_fg_stdv": 465.5039367675781,
  "tsnr": 69.9069921526825
}