{
  "aor": 0.0006723333333333333,
  "aqi": 0.005125118066666667,
  "bids_meta": {
    "EchoTime": 0.0036,
    "InstitutionName": "U of M FMRI",
    "Modality": "MR",
    "PatientPosition": "HFS",
    "RepetitionTime": 2.0,
    "SliceTiming": [
      0,
      0.069,
      0.138,
      0.207,
      0.276,
      0.345,
      0.414,
      0.483,
      0.552,
      0.621,
      0.69,
      0.759,
      0.828,
      0.897,
      0.966,
      1.035,
      1.104,
      1.173,
      1.242,
      1.311,
      1.38,
      1.449,
      1.518,
      1.587,
      1.656,
      1.725,
      1.794,
      1.863,
      1.932
    ],
    "TaskName": "reward",
    "dataset": "MLS",
    "modality": "bold",
    "run_id": 2,
    "session_id": "1",
    "subject_id": "226",
    "task_id": "reward"
  },
  "dummy_trs": 0,
  "dvars_nstd": 16.24618710778522,
  "dvars_std": 1.2253604632214765,
  "dvars_vstd": 0.9912714721476509,
  "efc": 0.5486589738617756,
  "fber": 1305.856689453125,
  "fd_mean": 0.06711205807130463,
  "fd_num": 4,
  "fd_perc": 2.6666666666666665,
  "fwhm_avg": 2.3019307666666666,
  "fwhm_x": 2.4133408,
  "fwhm_y": 2.711104,
  "fwhm_z": 1.7813475,
  "gcor": 0.0218793,
  "gsr_x": 0.011948967352509499,
  "gsr_y": 0.026566825807094574,
  "provenance": {
    "md5sum": "572cf894b57f3b945c2e6884a76f4f1c",
    "settings": {
      "fd_thres": 0.2,
      "testing": false
    },
    "software": "mriqc",
    "version": "23.1.0rc0"
  },
  "size_t": 150,
  "size_x": 64,
  "size_y": 64,
  "size_z": 29,
  "snr": 8.59341143190795,
  "spacing_tr": 1.0,
  "spacing_x": 3.125,
  "spacing_y": 3.125,
  "spacing_z": 4.0,
  "summary_bg_k": 23.56633131857633,
  "summary_bg_mad": 328.0899996045067,
  "summary_bg_mean": 418.5086364746094,
  "summary_bg_median": 224.04000854492188,
  "summary_bg_n": 66383.0,
  "summary_bg_p05": 0.06666667014360428,
  "summary_bg_p95": 1540.604687499998,
  "summary_bg_stdv": 636.2966918945312,
  "summary_fg_k": 2.854554367074286,
  "summary_fg_mad": 804.2682679274187,
  "summary_fg_mean": 8186.86181640625,
  "summary_fg_median": 8233.3232421875,
  "summary_fg_n": 24064.0,
  "summary_fg_p05": 6528.348364257812,
  "summary_fg_p95": 9620.25849609375,
  "summary_fg_stdv": 958.0772705078125,
  "tsnr": 94.9300424325047
}