{
  "aor": 0.006089466666666667,
  "aqi": 0.005356076799999999,
  "bids_meta": {
    "EchoTime": 0.0036,
    "InstitutionName": "U of M FMRI",
    "Modality": "MR",
    "PatientPosition": "HFS",
    "RepetitionTime": 2.0,
    "SliceTiming": [
      0,
      0.069,
      0.138,
      0.207,
      0.276,
      0.345,
      0.414,
      0.483,
      0.552,
      0.621,
      0.69,
      0.759,
      0.828,
      0.897,
      0.966,
      1.035,
      1.104,
      1.173,
      1.242,
      1.311,
      1.38,
      1.449,
      1.518,
      1.587,
      1.656,
      1.725,
      1.794,
      1.863,
      1.932
    ],
    "TaskName": "reward",
    "dataset": "MLS",
    "modality": "bold",
    "run_id": 2,
    "session_id": "2",
    "subject_id": "114",
    "task_id": "reward"
  },
  "dummy_trs": 0,
  "dvars_nstd": 19.65762864167784,
  "dvars_std": 1.08746311852349,
  "dvars_vstd": 1.0555761484563762,
  "efc": 0.5816877639986111,
  "fber": 803.043701171875,
  "fd_mean": 0.11643994950011952,
  "fd_num": 16,
  "fd_perc": 10.666666666666666,
  "fwhm_avg": 2.4314078,
  "fwhm_x": 2.5008512,
  "fwhm_y": 2.9323072000000003,
  "fwhm_z": 1.861065,
  "gcor": 0.0595298,
  "gsr_x": 0.004064084496349096,
  "gsr_y": 0.04690903052687645,
  "provenance": {
    "md5sum": "eeaeda1cf00ff4612530c0a3f1f45510",
    "settings": {
      "fd_thres": 0.2,
      "testing": false
    },
    "software": "mriqc",
    "version": "23.1.0rc0"
  },
  "size_t": 150,
  "size_x": 64,
  "size_y": 64,
  "size_z": 29,
  "snr": 6.757020531399147,
  "spacing_tr": 1.0,
  "spacing_x": 3.125,
  "spacing_y": 3.125,
  "spacing_z": 4.0,
  "summary_bg_k": 38.81029383736156,
  "summary_bg_mad": 145.0973420782497,
  "summary_bg_mean": 157.68455505371094,
  "summary_bg_median": 98.9800033569336,
  "summary_bg_n": 61809.0,
  "summary_bg_p05": 0.019999999552965164,
  "summary_bg_p95": 537.0186523437499,
  "summary_bg_stdv": 223.81309509277344,
  "summary_fg_k": 1.05259095943092,
  "summary_fg_mad": 394.34250912104545,
  "summary_fg_mean": 2847.798828125,
  "summary_fg_median": 2848.48681640625,
  "summary_fg_n": 27997.0,
  "summary_fg_p05": 2183.38134765625,
  "summary_fg_p95": 3534.894677734375,
  "summary_fg_stdv": 421.55206298828125,
  "tsnr": 66.72242538817227
}