{
  "aor": 0.0023284666666666663,
  "aqi": 0.010989578333333333,
  "bids_meta": {
    "EchoTime": 0.0036,
    "InstitutionName": "U of M FMRI",
    "Modality": "MR",
    "PatientPosition": "HFS",
    "RepetitionTime": 2.0,
    "SliceTiming": [
      0,
      0.069,
      0.138,
      0.207,
      0.276,
      0.345,
      0.414,
      0.483,
      0.552,
      0.621,
      0.69,
      0.759,
      0.828,
      0.897,
      0.966,
      1.035,
      1.104,
      1.173,
      1.242,
      1.311,
      1.38,
      1.449,
      1.518,
      1.587,
      1.656,
      1.725,
      1.794,
      1.863,
      1.932
    ],
    "TaskName": "reward",
    "dataset": "MLS",
    "modality": "bold",
    "run_id": 1,
    "session_id": "2",
    "subject_id": "114",
    "task_id": "reward"
  },
  "dummy_trs": 0,
  "dvars_nstd": 20.748698727449657,
  "dvars_std": 0.9861992751677853,
  "dvars_vstd": 0.9812184525503354,
  "efc": 0.5808780969433215,
  "fber": 792.4121704101562,
  "fd_mean": 0.14485106820928678,
  "fd_num": 34,
  "fd_perc": 22.666666666666668,
  "fwhm_avg": 2.462165966666667,
  "fwhm_x": 2.5176096,
  "fwhm_y": 2.9699007999999996,
  "fwhm_z": 1.8989875,
  "gcor": 0.0441853,
  "gsr_x": 0.0035002746153622866,
  "gsr_y": 0.0469183474779129,
  "provenance": {
    "md5sum": "15b669a8580c1a48e881c8be06248f9e",
    "settings": {
      "fd_thres": 0.2,
      "testing": false
    },
    "software": "mriqc",
    "version": "23.1.0rc0"
  },
  "size_t": 150,
  "size_x": 64,
  "size_y": 64,
  "size_z": 29,
  "snr": 6.843397762465117,
  "spacing_tr": 1.0,
  "spacing_x": 3.125,
  "spacing_y": 3.125,
  "spacing_z": 4.0,
  "summary_bg_k": 38.675174193286885,
  "summary_bg_mad": 144.14847703309482,
  "summary_bg_mean": 155.80300903320312,
  "summary_bg_median": 99.76667022705078,
  "summary_bg_n": 61810.0,
  "summary_bg_p05": 0.013333333656191826,
  "summary_bg_p95": 530.7523651123045,
  "summary_bg_stdv": 217.72813415527344,
  "summary_fg_k": 0.8864670724662611,
  "summary_fg_mad": 387.0185410328515,
  "summary_fg_mean": 2836.121337890625,
  "summary_fg_median": 2828.646728515625,
  "summary_fg_n": 27949.0,
  "summary_fg_p05": 2189.589306640625,
  "summary_fg_p95": 3526.4533203124997,
  "summary_fg_stdv": 413.3321228027344,
  "tsnr": 55.19121094211005
}