{
  "aor": 0.0006726666666666667,
  "aqi": 0.004643111399999999,
  "bids_meta": {
    "EchoTime": 0.0036,
    "InstitutionName": "U of M FMRI",
    "Modality": "MR",
    "PatientPosition": "HFS",
    "RepetitionTime": 2.0,
    "SliceTiming": [
      0,
      0.069,
      0.138,
      0.207,
      0.276,
      0.345,
      0.414,
      0.483,
      0.552,
      0.621,
      0.69,
      0.759,
      0.828,
      0.897,
      0.966,
      1.035,
      1.104,
      1.173,
      1.242,
      1.311,
      1.38,
      1.449,
      1.518,
      1.587,
      1.656,
      1.725,
      1.794,
      1.863,
      1.932
    ],
    "TaskName": "reward",
    "dataset": "MLS",
    "modality": "bold",
    "run_id": 1,
    "session_id": "2",
    "subject_id": "113",
    "task_id": "reward"
  },
  "dummy_trs": 0,
  "dvars_nstd": 20.79542334114094,
  "dvars_std": 1.145689930268457,
  "dvars_vstd": 0.9587023128187919,
  "efc": 0.5729683845514397,
  "fber": 614.5677490234375,
  "fd_mean": 0.08852414976591115,
  "fd_num": 5,
  "fd_perc": 3.3333333333333335,
  "fwhm_avg": 2.806202966666667,
  "fwhm_x": 2.9562464,
  "fwhm_y": 3.3257600000000003,
  "fwhm_z": 2.1366025,
  "gcor": 0.0201153,
  "gsr_x": 0.017233561724424362,
  "gsr_y": 0.03843275085091591,
  "provenance": {
    "md5sum": "7f93a0a184b9f739775db422b9fe4cab",
    "settings": {
      "fd_thres": 0.2,
      "testing": false
    },
    "software": "mriqc",
    "version": "23.1.0rc0"
  },
  "size_t": 150,
  "size_x": 64,
  "size_y": 64,
  "size_z": 29,
  "snr": 5.27145272336741,
  "spacing_tr": 1.0,
  "spacing_x": 3.125,
  "spacing_y": 3.125,
  "spacing_z": 4.0,
  "summary_bg_k": 12.237819000907571,
  "summary_bg_mad": 191.72023196496684,
  "summary_bg_mean": 212.07064819335938,
  "summary_bg_median": 131.4199981689453,
  "summary_bg_n": 63509.0,
  "summary_bg_p05": 0.006666666828095913,
  "summary_bg_p95": 761.8573608398431,
  "summary_bg_stdv": 287.45758056640625,
  "summary_fg_k": 0.1340572703459415,
  "summary_fg_mad": 601.7486416919354,
  "summary_fg_mean": 3352.406005859375,
  "summary_fg_median": 3325.40673828125,
  "summary_fg_n": 25953.0,
  "summary_fg_p05": 2349.544091796875,
  "summary_fg_p95": 4474.920117187499,
  "summary_fg_stdv": 630.8209228515625,
  "tsnr": 70.5021980968304
}