{
  "aor": 0.0007496666666666667,
  "aqi": 0.004169120400000001,
  "bids_meta": {
    "EchoTime": 0.0036,
    "InstitutionName": "U of M FMRI",
    "Modality": "MR",
    "PatientPosition": "HFS",
    "RepetitionTime": 2.0,
    "SliceTiming": [
      0,
      0.069,
      0.138,
      0.207,
      0.276,
      0.345,
      0.414,
      0.483,
      0.552,
      0.621,
      0.69,
      0.759,
      0.828,
      0.897,
      0.966,
      1.035,
      1.104,
      1.173,
      1.242,
      1.311,
      1.38,
      1.449,
      1.518,
      1.587,
      1.656,
      1.725,
      1.794,
      1.863,
      1.932
    ],
    "TaskName": "reward",
    "dataset": "MLS",
    "modality": "bold",
    "run_id": 2,
    "session_id": "2",
    "subject_id": "113",
    "task_id": "reward"
  },
  "dummy_trs": 0,
  "dvars_nstd": 19.74933216516779,
  "dvars_std": 1.137293174966443,
  "dvars_vstd": 0.9839144797986575,
  "efc": 0.5741348725327128,
  "fber": 600.44580078125,
  "fd_mean": 0.08017540149726333,
  "fd_num": 3,
  "fd_perc": 2.0,
  "fwhm_avg": 2.740598666666667,
  "fwhm_x": 2.88008,
  "fwhm_y": 3.240416,
  "fwhm_z": 2.1013,
  "gcor": 0.0300373,
  "gsr_x": 0.01266094297170639,
  "gsr_y": 0.037329114973545074,
  "provenance": {
    "md5sum": "00286d033a74aeaa2c1fe68541e479de",
    "settings": {
      "fd_thres": 0.2,
      "testing": false
    },
    "software": "mriqc",
    "version": "23.1.0rc0"
  },
  "size_t": 150,
  "size_x": 64,
  "size_y": 64,
  "size_z": 29,
  "snr": 5.274921953239219,
  "spacing_tr": 1.0,
  "spacing_x": 3.125,
  "spacing_y": 3.125,
  "spacing_z": 4.0,
  "summary_bg_k": 13.959695192419368,
  "summary_bg_mad": 195.4069816955601,
  "summary_bg_mean": 216.49501037597656,
  "summary_bg_median": 132.8866729736328,
  "summary_bg_n": 63609.0,
  "summary_bg_p05": 0.006666666828095913,
  "summary_bg_p95": 770.7680175781248,
  "summary_bg_stdv": 296.61529541015625,
  "summary_fg_k": 0.18391886830787874,
  "summary_fg_mad": 594.4740816122439,
  "summary_fg_mean": 3349.381103515625,
  "summary_fg_median": 3317.726806640625,
  "summary_fg_n": 25816.0,
  "summary_fg_p05": 2353.3717041015625,
  "summary_fg_p95": 4465.8150634765625,
  "summary_fg_stdv": 628.9500732421875,
  "tsnr": 72.66292953584343
}