{
  "aor": 0.0015964,
  "aqi": 0.0057591655333333325,
  "bids_meta": {
    "EchoTime": 0.0036,
    "InstitutionName": "U of M FMRI",
    "Modality": "MR",
    "PatientPosition": "HFS",
    "RepetitionTime": 2.0,
    "SliceTiming": [
      0,
      0.069,
      0.138,
      0.207,
      0.276,
      0.345,
      0.414,
      0.483,
      0.552,
      0.621,
      0.69,
      0.759,
      0.828,
      0.897,
      0.966,
      1.035,
      1.104,
      1.173,
      1.242,
      1.311,
      1.38,
      1.449,
      1.518,
      1.587,
      1.656,
      1.725,
      1.794,
      1.863,
      1.932
    ],
    "TaskName": "reward",
    "dataset": "MLS",
    "modality": "bold",
    "run_id": 2,
    "session_id": "1",
    "subject_id": "122",
    "task_id": "reward"
  },
  "dummy_trs": 0,
  "dvars_nstd": 15.597390219395965,
  "dvars_std": 1.0673266098657719,
  "dvars_vstd": 1.016964841744966,
  "efc": 0.5271572091738101,
  "fber": 1891.8515625,
  "fd_mean": 0.062331200737724766,
  "fd_num": 3,
  "fd_perc": 2.0,
  "fwhm_avg": 2.0113583999999998,
  "fwhm_x": 2.0745952,
  "fwhm_y": 2.34008,
  "fwhm_z": 1.6194,
  "gcor": 0.0149593,
  "gsr_x": 0.013632025569677353,
  "gsr_y": 0.026491591706871986,
  "provenance": {
    "md5sum": "0a38a65bad26e1e103e99c495b2dc978",
    "settings": {
      "fd_thres": 0.2,
      "testing": false
    },
    "software": "mriqc",
    "version": "23.1.0rc0"
  },
  "size_t": 150,
  "size_x": 64,
  "size_y": 64,
  "size_z": 29,
  "snr": 8.542435564761199,
  "spacing_tr": 1.0,
  "spacing_x": 3.125,
  "spacing_y": 3.125,
  "spacing_z": 4.0,
  "summary_bg_k": 25.892364405022004,
  "summary_bg_mad": 106.5991010658644,
  "summary_bg_mean": 126.84344482421875,
  "summary_bg_median": 75.72000122070312,
  "summary_bg_n": 67061.0,
  "summary_bg_p05": 0.0,
  "summary_bg_p95": 417.9866638183594,
  "summary_bg_stdv": 195.7530059814453,
  "summary_fg_k": 1.8777000646247268,
  "summary_fg_mad": 342.0856674250584,
  "summary_fg_mean": 3300.429931640625,
  "summary_fg_median": 3284.39013671875,
  "summary_fg_n": 23630.0,
  "summary_fg_p05": 2728.5410034179686,
  "summary_fg_p95": 3929.4376708984373,
  "summary_fg_stdv": 384.4712219238281,
  "tsnr": 86.27532221190631
}