{
  "aor": 0.0009455333333333334,
  "aqi": 0.011030883266666666,
  "bids_meta": {
    "EchoTime": 0.0036,
    "InstitutionName": "U of M FMRI",
    "Modality": "MR",
    "PatientPosition": "HFS",
    "RepetitionTime": 2.0,
    "SliceTiming": [
      0,
      0.069,
      0.138,
      0.207,
      0.276,
      0.345,
      0.414,
      0.483,
      0.552,
      0.621,
      0.69,
      0.759,
      0.828,
      0.897,
      0.966,
      1.035,
      1.104,
      1.173,
      1.242,
      1.311,
      1.38,
      1.449,
      1.518,
      1.587,
      1.656,
      1.725,
      1.794,
      1.863,
      1.932
    ],
    "TaskName": "reward",
    "dataset": "MLS",
    "modality": "bold",
    "run_id": 1,
    "session_id": "1",
    "subject_id": "122",
    "task_id": "reward"
  },
  "dummy_trs": 0,
  "dvars_nstd": 16.151651772751666,
  "dvars_std": 1.0092308782550339,
  "dvars_vstd": 0.9635773975838928,
  "efc": 0.5285349647267877,
  "fber": 1788.1488037109375,
  "fd_mean": 0.07868494834208976,
  "fd_num": 8,
  "fd_perc": 5.333333333333333,
  "fwhm_avg": 2.0606929333333333,
  "fwhm_x": 2.1368351999999997,
  "fwhm_y": 2.4275136,
  "fwhm_z": 1.61773,
  "gcor": 0.0157969,
  "gsr_x": 0.012331560254096985,
  "gsr_y": 0.02884465642273426,
  "provenance": {
    "md5sum": "53690fa04d135323bc5839fb0d813c84",
    "settings": {
      "fd_thres": 0.2,
      "testing": false
    },
    "software": "mriqc",
    "version": "23.1.0rc0"
  },
  "size_t": 150,
  "size_x": 64,
  "size_y": 64,
  "size_z": 29,
  "snr": 8.656174202172217,
  "spacing_tr": 1.0,
  "spacing_x": 3.125,
  "spacing_y": 3.125,
  "spacing_z": 4.0,
  "summary_bg_k": 27.60228404080784,
  "summary_bg_mad": 110.16229171567099,
  "summary_bg_mean": 126.40243530273438,
  "summary_bg_median": 76.836669921875,
  "summary_bg_n": 66932.0,
  "summary_bg_p05": 0.006666666828095913,
  "summary_bg_p95": 407.56866760253877,
  "summary_bg_stdv": 195.47268676757812,
  "summary_fg_k": 2.8066562736968574,
  "summary_fg_mad": 321.0029263318045,
  "summary_fg_mean": 3263.74755859375,
  "summary_fg_median": 3247.760009765625,
  "summary_fg_n": 23713.0,
  "summary_fg_p05": 2712.63076171875,
  "summary_fg_p95": 3877.75478515625,
  "summary_fg_stdv": 375.1878662109375,
  "tsnr": 72.08983256248757
}