{
  "aor": 0.002141428571428571,
  "aqi": 0.00637231693877551,
  "bids_meta": {
    "EchoTime": 0.0036,
    "InstitutionName": "U of M FMRI",
    "Modality": "MR",
    "PatientPosition": "HFS",
    "RepetitionTime": 2.0,
    "SliceTiming": [
      0,
      0.069,
      0.138,
      0.207,
      0.276,
      0.345,
      0.414,
      0.483,
      0.552,
      0.621,
      0.69,
      0.759,
      0.828,
      0.897,
      0.966,
      1.035,
      1.104,
      1.173,
      1.242,
      1.311,
      1.38,
      1.449,
      1.518,
      1.587,
      1.656,
      1.725,
      1.794,
      1.863,
      1.932
    ],
    "TaskName": "reward",
    "dataset": "MLS",
    "modality": "bold",
    "run_id": 1,
    "session_id": "2",
    "subject_id": "168",
    "task_id": "reward"
  },
  "dummy_trs": 3,
  "dvars_nstd": 16.105493173356166,
  "dvars_std": 1.0482412094520552,
  "dvars_vstd": 0.9909513325342462,
  "efc": 0.5488157422808367,
  "fber": 1064.4071044921875,
  "fd_mean": 0.06333531276616038,
  "fd_num": 4,
  "fd_perc": 2.7210884353741496,
  "fwhm_avg": 2.231913533333333,
  "fwhm_x": 2.256,
  "fwhm_y": 2.6665856000000003,
  "fwhm_z": 1.773155,
  "gcor": 0.0186632,
  "gsr_x": 0.0022925797384232283,
  "gsr_y": 0.034638840705156326,
  "provenance": {
    "md5sum": "730085079155a1c151161aed9c9823f7",
    "settings": {
      "fd_thres": 0.2,
      "testing": false
    },
    "software": "mriqc",
    "version": "23.1.0rc0"
  },
  "size_t": 147,
  "size_x": 64,
  "size_y": 64,
  "size_z": 29,
  "snr": 8.348644177291138,
  "spacing_tr": 1.0,
  "spacing_x": 3.125,
  "spacing_y": 3.125,
  "spacing_z": 4.0,
  "summary_bg_k": 12.422699528726323,
  "summary_bg_mad": 371.51792858885057,
  "summary_bg_mean": 494.37615966796875,
  "summary_bg_median": 255.57823181152344,
  "summary_bg_n": 68044.0,
  "summary_bg_p05": 0.03401360660791397,
  "summary_bg_p95": 1918.566290283203,
  "summary_bg_stdv": 711.5147705078125,
  "summary_fg_k": 3.4144490578439397,
  "summary_fg_mad": 901.8659160193474,
  "summary_fg_mean": 8288.9560546875,
  "summary_fg_median": 8369.87109375,
  "summary_fg_n": 22796.0,
  "summary_fg_p05": 6618.89453125,
  "summary_fg_p95": 9725.7109375,
  "summary_fg_stdv": 1002.5205688476562,
  "tsnr": 80.98303101304919
}