{
  "aor": 0.00048820000000000005,
  "aqi": 0.0035962064666666665,
  "bids_meta": {
    "EchoTime": 0.0036,
    "InstitutionName": "U of M FMRI",
    "Modality": "MR",
    "PatientPosition": "HFS",
    "RepetitionTime": 2.0,
    "SliceTiming": [
      0,
      0.069,
      0.138,
      0.207,
      0.276,
      0.345,
      0.414,
      0.483,
      0.552,
      0.621,
      0.69,
      0.759,
      0.828,
      0.897,
      0.966,
      1.035,
      1.104,
      1.173,
      1.242,
      1.311,
      1.38,
      1.449,
      1.518,
      1.587,
      1.656,
      1.725,
      1.794,
      1.863,
      1.932
    ],
    "TaskName": "reward",
    "dataset": "MLS",
    "modality": "bold",
    "run_id": 1,
    "session_id": "2",
    "subject_id": "122",
    "task_id": "reward"
  },
  "dummy_trs": 0,
  "dvars_nstd": 17.11848655812081,
  "dvars_std": 1.1153603630201345,
  "dvars_vstd": 0.9989975024832215,
  "efc": 0.5370753881132213,
  "fber": 1058.8751220703125,
  "fd_mean": 0.05334388159424937,
  "fd_num": 0,
  "fd_perc": 0.0,
  "fwhm_avg": 2.4144015333333333,
  "fwhm_x": 2.5598048,
  "fwhm_y": 2.7713248,
  "fwhm_z": 1.912075,
  "gcor": 0.0232644,
  "gsr_x": 0.0036546799819916487,
  "gsr_y": 0.02854696288704872,
  "provenance": {
    "md5sum": "b1f0261ad302e68268ab7ff52cc8b64d",
    "settings": {
      "fd_thres": 0.2,
      "testing": false
    },
    "software": "mriqc",
    "version": "23.1.0rc0"
  },
  "size_t": 150,
  "size_x": 64,
  "size_y": 64,
  "size_z": 29,
  "snr": 6.752207404895017,
  "spacing_tr": 1.0,
  "spacing_x": 3.125,
  "spacing_y": 3.125,
  "spacing_z": 4.0,
  "summary_bg_k": 27.16897362562195,
  "summary_bg_mad": 98.46455051217295,
  "summary_bg_mean": 112.13015747070312,
  "summary_bg_median": 70.2933349609375,
  "summary_bg_n": 67857.0,
  "summary_bg_p05": 0.0,
  "summary_bg_p95": 387.43868408203116,
  "summary_bg_stdv": 161.3067626953125,
  "summary_fg_k": 0.9755633763299691,
  "summary_fg_mad": 311.96415648331504,
  "summary_fg_mean": 2288.330322265625,
  "summary_fg_median": 2295.953369140625,
  "summary_fg_n": 23172.0,
  "summary_fg_p05": 1739.3407104492187,
  "summary_fg_p95": 2835.8777465820312,
  "summary_fg_stdv": 340.022705078125,
  "tsnr": 84.4886455964297
}