{
  "aor": 0.0013815333333333335,
  "aqi": 0.01762844,
  "bids_meta": {
    "EchoTime": 0.0036,
    "InstitutionName": "U of M FMRI",
    "Modality": "MR",
    "PatientPosition": "HFS",
    "RepetitionTime": 2.0,
    "SliceTiming": [
      0,
      0.069,
      0.138,
      0.207,
      0.276,
      0.345,
      0.414,
      0.483,
      0.552,
      0.621,
      0.69,
      0.759,
      0.828,
      0.897,
      0.966,
      1.035,
      1.104,
      1.173,
      1.242,
      1.311,
      1.38,
      1.449,
      1.518,
      1.587,
      1.656,
      1.725,
      1.794,
      1.863,
      1.932
    ],
    "TaskName": "reward",
    "dataset": "MLS",
    "modality": "bold",
    "run_id": 1,
    "session_id": "2",
    "subject_id": "11",
    "task_id": "reward"
  },
  "dummy_trs": 0,
  "dvars_nstd": 16.52531411308724,
  "dvars_std": 0.9759202599328858,
  "dvars_vstd": 0.9095967330201338,
  "efc": 0.5415289206491452,
  "fber": 1691.555908203125,
  "fd_mean": 0.05830818748614114,
  "fd_num": 0,
  "fd_perc": 0.0,
  "fwhm_avg": 2.0479206333333333,
  "fwhm_x": 2.0717856,
  "fwhm_y": 2.3781088,
  "fwhm_z": 1.6938675,
  "gcor": 0.0104728,
  "gsr_x": 0.0018019673880189657,
  "gsr_y": 0.033276963979005814,
  "provenance": {
    "md5sum": "955211fb7be385e6f393a96ad510ea39",
    "settings": {
      "fd_thres": 0.2,
      "testing": false
    },
    "software": "mriqc",
    "version": "23.1.0rc0"
  },
  "size_t": 150,
  "size_x": 64,
  "size_y": 64,
  "size_z": 29,
  "snr": 8.497366764327802,
  "spacing_tr": 1.0,
  "spacing_x": 3.125,
  "spacing_y": 3.125,
  "spacing_z": 4.0,
  "summary_bg_k": 30.148495878037473,
  "summary_bg_mad": 113.71559535553442,
  "summary_bg_mean": 146.42604064941406,
  "summary_bg_median": 80.336669921875,
  "summary_bg_n": 66078.0,
  "summary_bg_p05": 0.019999999552965164,
  "summary_bg_p95": 487.2566818237293,
  "summary_bg_stdv": 260.0459899902344,
  "summary_fg_k": 0.8683040435145695,
  "summary_fg_mad": 377.0455435657188,
  "summary_fg_mean": 3336.878662109375,
  "summary_fg_median": 3310.8701171875,
  "summary_fg_n": 24710.0,
  "summary_fg_p05": 2752.759143066406,
  "summary_fg_p95": 3992.5297607421876,
  "summary_fg_stdv": 389.626953125,
  "tsnr": 60.54347164835781
}