{
  "aor": 0.001461,
  "aqi": 0.010847228466666668,
  "bids_meta": {
    "EchoTime": 0.0036,
    "InstitutionName": "U of M FMRI",
    "Modality": "MR",
    "PatientPosition": "HFS",
    "RepetitionTime": 2.0,
    "SliceTiming": [
      0,
      0.069,
      0.138,
      0.207,
      0.276,
      0.345,
      0.414,
      0.483,
      0.552,
      0.621,
      0.69,
      0.759,
      0.828,
      0.897,
      0.966,
      1.035,
      1.104,
      1.173,
      1.242,
      1.311,
      1.38,
      1.449,
      1.518,
      1.587,
      1.656,
      1.725,
      1.794,
      1.863,
      1.932
    ],
    "TaskName": "reward",
    "dataset": "MLS",
    "modality": "bold",
    "run_id": 2,
    "session_id": "2",
    "subject_id": "11",
    "task_id": "reward"
  },
  "dummy_trs": 0,
  "dvars_nstd": 16.393522742416113,
  "dvars_std": 1.0557621214765103,
  "dvars_vstd": 0.9691580171812078,
  "efc": 0.5388180879364027,
  "fber": 1795.2396240234375,
  "fd_mean": 0.06544223581812748,
  "fd_num": 1,
  "fd_perc": 0.6666666666666666,
  "fwhm_avg": 2.0247390666666667,
  "fwhm_x": 2.0615424,
  "fwhm_y": 2.3515648,
  "fwhm_z": 1.66111,
  "gcor": 0.0078153,
  "gsr_x": 0.0034640261437743902,
  "gsr_y": 0.032591186463832855,
  "provenance": {
    "md5sum": "c0df1ce0c451e8eb1c56f5964204b1f4",
    "settings": {
      "fd_thres": 0.2,
      "testing": false
    },
    "software": "mriqc",
    "version": "23.1.0rc0"
  },
  "size_t": 150,
  "size_x": 64,
  "size_y": 64,
  "size_z": 29,
  "snr": 8.15542606247076,
  "spacing_tr": 1.0,
  "spacing_x": 3.125,
  "spacing_y": 3.125,
  "spacing_z": 4.0,
  "summary_bg_k": 28.91802284140547,
  "summary_bg_mad": 110.5626013559874,
  "summary_bg_mean": 145.36566162109375,
  "summary_bg_median": 78.0999984741211,
  "summary_bg_n": 66231.0,
  "summary_bg_p05": 0.013333333656191826,
  "summary_bg_p95": 493.13002014160156,
  "summary_bg_stdv": 259.58538818359375,
  "summary_fg_k": 0.6932650011528008,
  "summary_fg_mad": 397.110262505763,
  "summary_fg_mean": 3337.279052734375,
  "summary_fg_median": 3307.216796875,
  "summary_fg_n": 24558.0,
  "summary_fg_p05": 2737.9347900390626,
  "summary_fg_p95": 4031.461389160156,
  "summary_fg_stdv": 405.5152282714844,
  "tsnr": 71.1134162535891
}