{
  "aor": 0.0008543624161073824,
  "aqi": 0.0021719842281879196,
  "bids_meta": {
    "EchoTime": 0.0036,
    "InstitutionName": "U of M FMRI",
    "Modality": "MR",
    "PatientPosition": "HFS",
    "RepetitionTime": 2.0,
    "SliceTiming": [
      0,
      0.069,
      0.138,
      0.207,
      0.276,
      0.345,
      0.414,
      0.483,
      0.552,
      0.621,
      0.69,
      0.759,
      0.828,
      0.897,
      0.966,
      1.035,
      1.104,
      1.173,
      1.242,
      1.311,
      1.38,
      1.449,
      1.518,
      1.587,
      1.656,
      1.725,
      1.794,
      1.863,
      1.932
    ],
    "TaskName": "reward",
    "dataset": "MLS",
    "modality": "bold",
    "run_id": 1,
    "session_id": "2",
    "subject_id": "95",
    "task_id": "reward"
  },
  "dummy_trs": 1,
  "dvars_nstd": 17.420932106013503,
  "dvars_std": 1.2050927862162168,
  "dvars_vstd": 1.0101178989189186,
  "efc": 0.5884348682154147,
  "fber": 608.8111572265625,
  "fd_mean": 0.05287084151897107,
  "fd_num": 0,
  "fd_perc": 0.0,
  "fwhm_avg": 2.6858154666666665,
  "fwhm_x": 2.8055584,
  "fwhm_y": 3.209568,
  "fwhm_z": 2.04232,
  "gcor": 0.0530446,
  "gsr_x": 0.007001169491559267,
  "gsr_y": 0.032498836517333984,
  "provenance": {
    "md5sum": "0a76543800f197cbffbf50c6499c9678",
    "settings": {
      "fd_thres": 0.2,
      "testing": false
    },
    "software": "mriqc",
    "version": "23.1.0rc0"
  },
  "size_t": 149,
  "size_x": 64,
  "size_y": 64,
  "size_z": 29,
  "snr": 6.37358906568636,
  "spacing_tr": 1.0,
  "spacing_x": 3.125,
  "spacing_y": 3.125,
  "spacing_z": 4.0,
  "summary_bg_k": 11.535634431718105,
  "summary_bg_mad": 178.4694908087791,
  "summary_bg_mean": 194.22021484375,
  "summary_bg_median": 121.13423156738281,
  "summary_bg_n": 61657.0,
  "summary_bg_p05": 0.0,
  "summary_bg_p95": 674.1221313476562,
  "summary_bg_stdv": 252.2077178955078,
  "summary_fg_k": 0.835137253318813,
  "summary_fg_mad": 448.3130666870312,
  "summary_fg_mean": 3059.96728515625,
  "summary_fg_median": 3081.362548828125,
  "summary_fg_n": 27093.0,
  "summary_fg_p05": 2244.300732421875,
  "summary_fg_p95": 3809.030908203125,
  "summary_fg_stdv": 483.4490661621094,
  "tsnr": 96.76628984208219
}