{
  "aor": 0.0005314666666666666,
  "aqi": 0.0062563728,
  "bids_meta": {
    "EchoTime": 0.0036,
    "InstitutionName": "U of M FMRI",
    "Modality": "MR",
    "PatientPosition": "HFS",
    "RepetitionTime": 2.0,
    "SliceTiming": [
      0,
      0.069,
      0.138,
      0.207,
      0.276,
      0.345,
      0.414,
      0.483,
      0.552,
      0.621,
      0.69,
      0.759,
      0.828,
      0.897,
      0.966,
      1.035,
      1.104,
      1.173,
      1.242,
      1.311,
      1.38,
      1.449,
      1.518,
      1.587,
      1.656,
      1.725,
      1.794,
      1.863,
      1.932
    ],
    "TaskName": "reward",
    "dataset": "MLS",
    "modality": "bold",
    "run_id": 2,
    "session_id": "2",
    "subject_id": "199",
    "task_id": "reward"
  },
  "dummy_trs": 0,
  "dvars_nstd": 17.743464469865764,
  "dvars_std": 1.1153371061744959,
  "dvars_vstd": 0.9875969910067116,
  "efc": 0.5339154072114521,
  "fber": 1292.556640625,
  "fd_mean": 0.1466091985101049,
  "fd_num": 27,
  "fd_perc": 18.0,
  "fwhm_avg": 2.1099496666666666,
  "fwhm_x": 2.16704,
  "fwhm_y": 2.456704,
  "fwhm_z": 1.706105,
  "gcor": 0.0379708,
  "gsr_x": 0.011759316548705101,
  "gsr_y": 0.026561660692095757,
  "provenance": {
    "md5sum": "2efc8331f7f050add2e98bf3389dce75",
    "settings": {
      "fd_thres": 0.2,
      "testing": false
    },
    "software": "mriqc",
    "version": "23.1.0rc0"
  },
  "size_t": 150,
  "size_x": 64,
  "size_y": 64,
  "size_z": 29,
  "snr": 9.229711048767868,
  "spacing_tr": 1.0,
  "spacing_x": 3.125,
  "spacing_y": 3.125,
  "spacing_z": 4.0,
  "summary_bg_k": 25.669580439060486,
  "summary_bg_mad": 375.157651881864,
  "summary_bg_mean": 459.0118713378906,
  "summary_bg_median": 257.38665771484375,
  "summary_bg_n": 68789.0,
  "summary_bg_p05": 0.08666666597127914,
  "summary_bg_p95": 1671.5787353515618,
  "summary_bg_stdv": 700.1917114257812,
  "summary_fg_k": 2.797340954370136,
  "summary_fg_mad": 890.2534051858277,
  "summary_fg_mean": 9247.927734375,
  "summary_fg_median": 9274.216796875,
  "summary_fg_n": 22200.0,
  "summary_fg_p05": 7626.0310546875,
  "summary_fg_p95": 10803.56318359375,
  "summary_fg_stdv": 1004.7993774414062,
  "tsnr": 88.95478404359892
}