{
  "aor": 0.0019198666666666669,
  "aqi": 0.007677355733333333,
  "bids_meta": {
    "EchoTime": 0.0036,
    "InstitutionName": "U of M FMRI",
    "Modality": "MR",
    "PatientPosition": "HFS",
    "RepetitionTime": 2.0,
    "SliceTiming": [
      0,
      0.069,
      0.138,
      0.207,
      0.276,
      0.345,
      0.414,
      0.483,
      0.552,
      0.621,
      0.69,
      0.759,
      0.828,
      0.897,
      0.966,
      1.035,
      1.104,
      1.173,
      1.242,
      1.311,
      1.38,
      1.449,
      1.518,
      1.587,
      1.656,
      1.725,
      1.794,
      1.863,
      1.932
    ],
    "TaskName": "reward",
    "dataset": "MLS",
    "modality": "bold",
    "run_id": 1,
    "session_id": "2",
    "subject_id": "199",
    "task_id": "reward"
  },
  "dummy_trs": 0,
  "dvars_nstd": 17.784138135704694,
  "dvars_std": 1.141425686711409,
  "dvars_vstd": 0.9985017004026845,
  "efc": 0.5328377304188583,
  "fber": 1302.697509765625,
  "fd_mean": 0.13349244855583578,
  "fd_num": 19,
  "fd_perc": 12.666666666666666,
  "fwhm_avg": 2.128239033333333,
  "fwhm_x": 2.1971904,
  "fwhm_y": 2.4656192,
  "fwhm_z": 1.7219075,
  "gcor": 0.0494742,
  "gsr_x": 0.012649175710976124,
  "gsr_y": 0.026619363576173782,
  "provenance": {
    "md5sum": "5c14f93be7794921328db870415ffc90",
    "settings": {
      "fd_thres": 0.2,
      "testing": false
    },
    "software": "mriqc",
    "version": "23.1.0rc0"
  },
  "size_t": 150,
  "size_x": 64,
  "size_y": 64,
  "size_z": 29,
  "snr": 9.163818543875077,
  "spacing_tr": 1.0,
  "spacing_x": 3.125,
  "spacing_y": 3.125,
  "spacing_z": 4.0,
  "summary_bg_k": 26.474767970495257,
  "summary_bg_mad": 368.6342274296012,
  "summary_bg_mean": 459.0699157714844,
  "summary_bg_median": 259.0400085449219,
  "summary_bg_n": 68827.0,
  "summary_bg_p05": 0.1066666692495346,
  "summary_bg_p95": 1673.717395019531,
  "summary_bg_stdv": 697.253662109375,
  "summary_fg_k": 2.442932897280862,
  "summary_fg_mad": 907.2635147210943,
  "summary_fg_mean": 9303.5166015625,
  "summary_fg_median": 9326.1337890625,
  "summary_fg_n": 22198.0,
  "summary_fg_p05": 7652.781689453125,
  "summary_fg_p95": 10878.697412109374,
  "summary_fg_stdv": 1017.689697265625,
  "tsnr": 81.84933072910644
}